# Blender 4.5.2 LTS
# www.blender.org
mtllib lagrugru.mtl
o Lagrugru
v 4.323878 -18.848125 2.335051
v 5.259108 -16.497429 2.469963
v 5.809220 -18.820061 3.351094
v 1.523908 -20.397615 2.581917
v 1.425053 -20.285202 3.166144
v -0.733549 -20.187685 2.200564
v 4.682048 -19.510719 3.001911
v 3.477524 -19.850126 2.670387
v 2.411310 -20.281473 2.908586
v 6.764695 -18.088678 4.178002
v 4.596356 -22.624065 4.694792
v 5.436447 -20.861309 3.922906
v 3.790103 -20.562340 3.383983
v 2.829963 -20.983826 3.820567
v 1.578316 -21.237457 4.484782
v -0.359966 -20.461445 3.623666
v 0.739212 0.849635 0.722350
v 5.655242 2.744522 1.837680
v 1.476576 1.963307 0.495692
v 0.588632 -0.621757 1.136373
v 2.947200 -0.590877 1.546953
v 3.148542 -2.347266 2.358501
v 4.202574 -0.342964 2.054299
v 3.485102 0.904398 1.213679
v 5.819076 0.183474 2.534776
v 6.808039 0.649741 2.946461
v 0.575885 -12.260500 0.565777
v 2.704755 -11.734997 1.239545
v 1.672679 -8.629330 1.849283
v 0.075127 -9.008570 1.582970
v 4.084341 -3.348963 3.527685
v 2.288553 -3.126491 2.581085
v 0.253667 -2.674080 2.006213
v 4.590787 -1.735958 2.820089
v 6.305536 -1.038811 3.422336
v 4.317949 -13.204641 1.905641
v 3.882909 -9.627745 2.531089
v 4.003623 -7.946572 3.413332
v 2.193069 -6.415766 3.141880
v 0.123692 -6.152201 2.891362
v 0.286219 -4.693464 3.608728
v 1.447441 -4.637213 3.868623
v 0.194752 -3.918448 2.910375
v 5.666052 -2.776490 4.064812
v 8.606744 1.510718 4.604003
v 6.269751 -14.136799 3.594515
v 5.693525 -12.666069 3.225159
v 5.157006 -8.417249 4.212354
v 3.959636 -4.857430 5.338967
v 2.616762 -4.721275 4.358984
v 5.105989 -4.214611 5.286680
v 7.752429 -1.312958 4.878920
v 6.569448 -11.334057 4.691355
v 5.888175 -8.239409 5.273223
v 4.946417 -4.988357 6.410864
v 6.838301 -3.700336 6.277724
v 8.854596 -0.636867 6.199277
v 9.455197 0.007941 7.303261
v 7.429339 -14.425179 5.226296
v 7.774563 -2.953154 6.709709
v -2.386093 -15.875399 0.225505
v -1.766831 -15.170776 0.000165
v -4.260190 -19.203505 1.328380
v -3.251132 -17.526739 0.763103
v -4.125480 -16.652504 0.969936
v -4.443483 -14.927711 1.211177
v -2.006119 -20.726467 2.676433
v -1.169400 -20.043175 2.206198
v -5.701315 -17.502893 1.863800
v -6.679635 -15.643953 3.037857
v -5.731324 -15.210851 2.121155
v -4.865243 -21.538490 2.482967
v -6.055614 -19.879629 2.402754
v -3.307670 -20.774538 2.065670
v -7.112426 -18.433235 3.225173
v -7.180768 -19.570705 3.376051
v -3.772831 -22.292425 2.998224
v -3.422196 -23.180782 4.178666
v -4.936626 -22.934877 3.445911
v -6.356585 -22.722399 3.660911
v -2.307609 -22.488781 4.687347
v -6.741372 -22.959496 4.095771
v -7.782246 -17.721390 4.434554
v -2.306666 0.764455 0.709852
v -1.159337 1.911885 0.374465
v -3.441451 2.596101 0.661195
v -5.028979 1.671761 1.300412
v -1.371573 -1.250848 1.299588
v -4.339698 -0.847638 1.775486
v -4.060294 0.421776 1.251040
v -7.407307 0.857701 2.724405
v -1.325595 -14.465760 0.160414
v -3.946107 -13.297041 1.218511
v -1.684685 -12.718074 0.504125
v -3.174818 -10.498152 1.789156
v -1.792913 -7.251082 2.592700
v -1.612203 -2.513554 1.889969
v -3.347526 -3.160656 2.638279
v -6.396386 -1.172429 2.828842
v -5.485637 -12.595929 2.696418
v -3.180607 -4.824612 4.330404
v -1.589682 -4.734052 3.746073
v -5.683056 -3.481930 3.998244
v -7.744374 -1.394105 3.937906
v -9.108315 -0.478955 4.820410
v -3.754256 -8.409381 3.133258
v -2.615177 -4.691650 4.085587
v -0.170228 -4.532010 3.594214
v -6.789873 -12.756946 4.468399
v -6.259387 -11.710762 4.152814
v -8.782542 -10.835609 4.032230
v -7.456882 -10.779881 3.907310
v -9.552011 -9.588235 4.486487
v -10.762673 -10.871777 4.788581
v -5.415925 -9.619852 4.244799
v -7.329969 -8.754510 4.164502
v -4.751974 -7.278807 4.869794
v -3.925712 -4.921935 4.975088
v -7.087510 -3.674616 5.468385
v -8.696335 -2.343768 6.163644
v -9.571037 -1.450534 6.876459
v -10.325161 0.155552 6.543636
v -7.222722 -13.477942 4.987501
v -10.583316 -13.821069 4.813161
v -8.025581 -12.442883 4.222777
v -9.502645 -12.259588 4.402994
v -8.650672 -13.442796 4.936570
v -9.750329 -13.340092 5.292943
v -10.118601 -12.765118 4.963445
v -10.950463 -12.902008 5.267704
v -11.282575 -11.803330 5.123593
v -10.341274 -8.989899 5.400930
v -8.153357 -7.604587 4.840815
v -4.828660 -5.129762 5.863286
v -6.346507 -5.914537 5.521511
v -7.996454 -5.792169 6.425109
v -6.006765 -4.767510 6.396594
v -8.080283 -3.816871 7.655168
v 1.846109 5.207706 0.494284
v 3.498266 5.159983 0.873792
v -0.588828 5.010286 0.401430
v 1.948328 7.352356 0.923805
v 3.507224 7.552150 1.369685
v 0.096167 7.147511 0.738507
v 0.206286 10.247253 1.842928
v 2.764680 2.086726 0.743992
v 5.074602 4.397471 1.630614
v 6.406133 5.387987 2.343180
v 5.486573 7.052433 2.181215
v 2.806031 9.503445 1.891237
v 3.529873 11.730752 3.400896
v 0.977025 12.235320 2.943138
v -0.423022 12.262426 2.994641
v 7.045579 2.005410 2.791970
v 7.829070 3.656653 3.339548
v 7.705077 6.268641 3.688333
v 5.849392 9.253514 3.252989
v 5.509326 10.082403 3.478255
v 5.043539 11.443436 3.967886
v 1.148251 13.580456 4.225954
v -0.364623 13.981143 4.523593
v 7.400252 9.107216 4.678934
v 5.292708 12.720086 5.108334
v 3.570935 13.241126 4.719917
v 1.508493 14.375936 5.708221
v 8.846048 5.760626 4.967126
v 7.735814 10.703962 6.292719
v 6.704225 11.465842 5.279058
v 6.059844 13.518570 6.407805
v 5.162969 15.126635 8.076021
v 2.939276 14.789698 6.419631
v 10.146022 5.132425 7.383960
v 3.697518 15.702782 8.304092
v 10.088729 2.819841 7.454851
v 8.559553 10.492428 7.807556
v 7.327652 12.568027 6.877928
v 7.649811 13.011749 8.653462
v 6.715284 14.051297 7.987974
v 6.320719 15.368737 8.631105
v 6.775998 14.563829 8.584749
v 1.435832 15.993773 8.418542
v 5.309738 16.813772 8.770194
v 3.111115 19.702198 9.819967
v 2.130170 16.923676 8.791884
v 1.299559 17.291441 8.998685
v 10.347497 7.579618 9.011734
v 9.497880 8.039955 7.501827
v 9.653330 9.917092 9.370137
v 8.036627 12.551985 9.858151
v 7.202419 16.674002 9.753449
v 6.239908 18.469694 9.752860
v 0.013501 16.384995 9.865155
v 0.442654 19.740889 10.774410
v 4.517113 20.590477 10.289412
v 1.417999 20.416706 10.373902
v 5.650784 20.931604 10.876348
v 3.261713 22.493721 11.195100
v -1.624604 6.858076 0.788400
v -3.048039 9.728293 2.038640
v -1.580859 10.100234 1.864482
v -3.644601 4.823700 0.809724
v -6.558297 3.213519 1.930853
v -4.490821 6.993561 1.556165
v -6.170286 6.220181 2.070683
v -1.783483 10.876588 2.406315
v -2.320313 12.131725 3.145633
v -8.387664 5.028870 3.297485
v -7.564484 9.001334 3.823015
v -4.622427 9.317024 2.384837
v -6.194395 10.940612 4.016065
v -5.206888 11.159602 3.797694
v -0.786117 13.709352 4.349642
v -2.699866 13.386423 4.371408
v -8.003893 3.070975 2.905822
v -9.604192 2.030690 4.544679
v -7.308332 10.696731 4.525602
v -8.070692 10.674640 5.291765
v -6.568938 12.588669 5.367503
v -5.006015 12.770294 4.991169
v -0.202172 14.966088 6.147705
v -1.052531 15.002239 6.025183
v -9.860774 4.659724 5.031902
v -9.320766 6.848250 4.762372
v -9.170398 8.860349 5.448853
v -9.823077 9.856191 7.344002
v -8.253496 11.997734 6.579135
v -7.205677 13.427564 6.762383
v -5.607668 13.898749 6.302959
v -1.297775 15.579237 6.539453
v -1.682121 15.521693 6.853603
v -3.380071 14.638870 6.334630
v -10.923992 1.890597 6.868834
v -10.718892 6.930449 6.980765
v -5.054819 15.213631 8.022341
v -11.501866 3.441157 8.001083
v -6.915926 14.271355 8.286109
v -7.755286 13.728621 8.602903
v -1.034811 16.267982 9.484518
v -2.691408 15.966697 8.567716
v -1.714455 16.203564 8.885122
v -5.227768 15.605007 8.342839
v -6.338907 19.860781 9.968442
v -5.005116 19.506681 9.716027
v -11.250439 7.757465 9.321742
v -8.594772 12.739244 9.117470
v -8.447360 13.806805 9.379917
v -8.745655 15.857840 9.887599
v 0.496267 16.198687 9.077700
v -2.142799 19.171368 9.903811
v -7.892892 18.848429 10.138673
v -2.984769 18.681877 9.512718
v -7.429900 17.304335 9.360332
v -1.619594 19.921366 10.598211
v -4.206415 22.343094 11.034969
v -5.132247 20.841244 10.274100
v -6.576169 21.905472 11.043016
v 3.469987 -23.180197 5.291100
v 7.858225 -22.032988 6.661647
v -0.574747 -20.869629 4.769835
v 4.703937 -23.927969 5.718060
v 6.554549 -21.057245 4.654678
v 6.361296 -23.131611 5.509061
v 0.932732 -21.888445 5.862463
v 0.270583 -21.513283 5.600421
v 8.166091 -19.280996 6.597991
v 8.165125 -16.192127 6.968977
v 6.928245 -24.088192 6.658097
v 2.864969 -24.128935 6.962401
v 7.513572 -23.306051 6.805117
v 2.195458 -24.172876 7.731775
v 7.605479 -24.395941 8.484471
v 1.104119 -23.410259 8.575965
v 0.258987 -22.038448 7.457030
v 8.494025 -20.749044 8.791106
v 7.991125 -23.435375 8.402124
v 8.423396 -16.712702 9.811986
v 7.661988 -24.641937 10.029183
v 2.323744 -24.366484 8.990616
v 7.598580 -23.710588 9.766319
v 0.993859 -23.184130 10.199483
v -0.136964 -21.628757 10.614985
v 8.156841 -20.669811 10.576185
v 4.270406 -24.551470 9.507267
v 4.552515 -24.210381 10.763739
v 2.366207 -24.044134 10.756660
v 6.967984 -23.439278 10.720787
v 6.979300 -22.031216 11.776445
v 7.584224 -20.741817 11.628098
v 7.060211 -24.830645 11.189071
v 5.208348 -24.870209 11.453439
v 6.109155 -23.481836 11.250345
v 5.343224 -23.826633 11.314438
v 4.086763 -23.228333 12.175008
v 2.947132 -23.620424 11.700097
v 5.916409 -22.677692 12.102951
v 0.825061 -22.172993 11.805346
v -0.050271 -20.679165 12.395432
v 1.611648 -21.893406 12.881190
v 0.767509 -19.921581 13.931214
v 5.135581 -20.322887 13.574815
v 6.585410 -18.433640 13.246577
v 3.987427 -21.594927 13.338813
v 2.212635 -21.118906 13.698394
v 3.266806 -19.537724 14.457445
v 4.282047 -17.425705 14.847513
v -0.392937 -17.584368 14.451459
v 0.993291 -18.246881 14.858768
v 2.302533 -17.493299 15.220979
v 0.676046 -16.115717 15.405518
v 8.127564 -13.553567 7.001763
v 7.696320 -12.092636 6.356804
v 9.649694 -11.585776 6.772462
v 8.828994 -9.938608 6.715459
v 7.077687 -9.972138 6.302343
v 6.402959 -7.462200 6.775085
v 5.882030 -5.457622 7.600916
v 9.992834 1.117357 7.890543
v 11.149321 -11.755142 7.781556
v 9.719344 -13.220943 7.069123
v 11.472368 -10.826211 8.075457
v 9.887623 -9.584417 7.302989
v 8.050707 -6.448133 8.071083
v 7.881915 -5.747983 8.789189
v 6.462154 -4.803021 8.521229
v 7.068437 -4.672895 9.753531
v 10.260286 -0.859848 10.202930
v 8.571262 -14.845367 8.761444
v 8.429537 -14.290919 7.851165
v 12.013397 -13.444537 7.957729
v 11.527879 -13.313837 8.729905
v 11.214164 -13.516611 7.519535
v 11.211312 -13.757709 7.967370
v 9.916337 -13.899554 7.926983
v 9.391175 -14.467603 8.180055
v 11.802456 -13.059126 7.649416
v 11.527156 -11.667520 8.533252
v 10.478532 -12.783932 7.549687
v 10.390715 -13.094419 7.943994
v 10.307624 -12.905643 8.786537
v 10.940036 -9.383511 8.424992
v 8.632148 -6.121107 9.535461
v 7.925458 -3.988798 9.617234
v 8.894907 -2.924152 9.441795
v 9.673682 -14.943925 9.608887
v 12.194781 -14.180055 9.288793
v 12.563139 -13.504330 9.462605
v 10.027698 -13.827795 10.400024
v 11.572030 -13.094196 8.788442
v 11.711480 -12.554858 8.892938
v 11.087529 -13.261909 9.775791
v 11.856641 -11.950916 9.567175
v 11.981176 -10.588373 9.668677
v 10.971422 -8.856457 9.827337
v 9.499681 -7.024428 10.349453
v 8.423819 -5.976566 11.205430
v 6.970777 -4.866095 11.629035
v 9.228360 -2.892777 11.279881
v 8.601162 -14.911244 9.796805
v 12.185742 -13.947236 9.724162
v 12.140053 -14.244753 10.110642
v 12.518202 -13.674847 10.348555
v 10.711296 -13.090549 10.407412
v 11.874406 -12.192700 10.317569
v 10.412822 -1.178675 11.649677
v 9.557216 -13.944776 11.417686
v 11.989805 -13.903734 10.562461
v 11.850026 -13.989945 10.858421
v 12.265006 -13.878312 11.174191
v 9.708062 -14.178410 10.833827
v 10.713772 -14.166179 11.311581
v 8.475272 -14.592955 10.527491
v 8.124176 -13.544207 11.640719
v 11.620956 -12.058411 11.089082
v 12.429241 -13.447474 11.102529
v 10.810279 -13.354981 10.878753
v 10.950751 -13.170179 11.362364
v 11.235606 -12.315211 11.493421
v 11.809511 -10.545496 10.965645
v 11.243156 -11.238693 12.009122
v 10.921826 -9.220634 11.456427
v 8.141035 -6.856988 12.765558
v 6.287208 -5.229164 12.808960
v 7.640241 -4.289405 12.392378
v 9.202835 -2.697922 13.457582
v 10.704371 -0.620131 13.658257
v 7.529181 -15.497581 12.531499
v 10.315711 -14.170362 11.715347
v 10.664038 -13.914021 11.899293
v 10.544024 -12.662320 11.844606
v 9.753498 -13.115005 11.925228
v 9.265162 -12.426784 12.595451
v 7.381208 -12.212247 12.609579
v 10.007589 -10.997333 12.839727
v 10.203748 -9.736814 12.563215
v 7.076468 -7.387498 13.593022
v 5.909327 -5.388214 13.133318
v 5.097844 -5.778344 13.595675
v 10.265004 -0.520102 15.071773
v 5.909075 -14.589179 14.229018
v 8.148764 -10.483547 13.388723
v 6.449934 -10.636012 13.352272
v 7.742054 -8.987543 13.599120
v 5.271705 -8.520116 13.791738
v 4.205453 -6.485884 13.896368
v 4.347547 -5.728246 15.008001
v 6.916039 -4.243956 15.398353
v 5.034269 -11.371192 14.693227
v 4.319705 -8.904875 14.726687
v 3.364787 -7.471189 15.051850
v 3.057318 -6.525898 14.777344
v 1.806474 -6.618940 15.203134
v 0.472529 -6.800071 15.251105
v 2.350117 -5.790555 16.151169
v 6.093580 -4.446007 16.344406
v 6.739512 -3.932579 16.015724
v 8.680711 -1.347587 15.834560
v 7.405449 -1.714219 15.968885
v 6.934947 -1.020129 15.584046
v 6.171868 -1.952020 15.856891
v 10.199056 0.777087 15.939602
v 9.486834 1.836563 16.468208
v 7.713748 0.625624 15.730724
v 3.267177 -12.919760 15.674155
v 3.860324 -10.066435 15.261055
v 2.809284 -10.427752 15.751719
v 3.562935 -9.756474 15.986419
v 4.117359 -8.934033 15.582365
v 1.248401 -9.505715 15.732250
v 1.853253 -7.615263 15.533346
v -0.611192 -6.052646 16.283756
v 2.220444 -4.956235 16.684830
v 6.012334 -3.982225 16.398724
v 2.682859 -3.834309 16.948303
v 2.449248 -4.010272 16.604292
v -1.296427 -4.172829 16.719252
v 5.098942 -2.829159 16.047863
v 3.878105 -3.580359 16.368435
v 4.778396 -2.749142 17.175991
v 5.411592 -2.357706 17.577440
v 6.070368 -1.399177 17.094246
v 3.883556 -15.145809 15.315349
v 2.312072 -15.189574 15.681022
v 1.853145 -12.330009 15.862233
v 0.601447 -11.921355 15.740697
v 2.404300 -9.829632 16.306429
v 2.121556 -8.071416 16.219334
v 0.110507 -3.776124 17.477657
v 2.567437 -3.433514 17.476223
v -0.326076 -3.675374 18.553982
v 5.140392 -2.103271 17.944473
v 4.664380 -1.805298 17.913719
v 3.115946 -3.218946 18.509752
v 2.519233 -2.809781 18.782549
v 3.897260 -2.710096 18.504957
v 2.260693 -2.257431 19.260937
v 4.279199 -1.265231 18.494560
v 0.697134 -0.282541 20.502905
v -5.697059 -23.738165 4.473338
v -0.895505 -21.185690 5.320664
v -7.670113 -22.992262 5.281338
v -7.982410 -19.118046 4.557063
v -8.221777 -20.980894 5.885266
v -8.112704 -17.214197 6.249332
v -2.792544 -23.515675 5.929377
v -7.062793 -23.951168 5.905469
v -8.330077 -19.665579 5.918333
v -3.755644 -23.881680 5.411085
v -7.833225 -23.288666 6.601567
v -3.003281 -23.758427 7.154689
v -0.341630 -21.701342 8.527450
v -8.407769 -20.069042 7.522208
v -8.127860 -17.509096 8.600177
v -4.136416 -24.233658 7.839761
v -7.196064 -24.028984 6.832192
v -7.606777 -24.188990 7.491354
v -7.661546 -23.219364 8.253100
v -8.123960 -22.227757 7.945667
v -7.791707 -24.135935 8.603485
v -2.289182 -22.806698 9.807238
v -1.221985 -22.136332 8.704759
v -8.106932 -19.528494 9.466584
v -4.194718 -23.966869 8.879645
v -4.459548 -24.511660 9.160091
v -7.340424 -24.498764 9.450874
v -4.514648 -23.635387 9.342258
v -7.056091 -23.105965 9.271020
v -0.612999 -21.728025 9.875247
v -7.700934 -21.299419 9.784930
v -7.588369 -18.971874 10.739264
v -5.138840 -24.546780 9.617066
v -6.366799 -24.559624 9.756189
v -4.981610 -23.250162 10.327104
v -5.815948 -23.229774 9.758383
v -5.933001 -22.625204 10.733562
v -6.658810 -21.683849 10.901481
v -0.596622 -21.307877 11.496411
v -3.702468 -21.770872 12.505445
v -5.074790 -21.361528 12.343967
v -7.024162 -19.470417 11.522295
v -2.691286 -22.318586 11.587297
v -2.369138 -20.678347 13.357724
v -0.147016 -19.476637 13.543616
v -5.571841 -19.478849 13.028453
v -4.224766 -20.103041 13.559102
v -2.425592 -18.751165 14.337071
v -4.195368 -17.690472 14.329327
v -1.602689 -16.086222 14.983598
v -2.934186 -15.977424 14.973296
v -7.532353 -14.247468 5.778822
v -7.793780 -14.129987 6.220759
v -9.411380 -14.347553 6.644021
v -10.878616 -13.950087 5.392910
v -10.095145 -13.492274 5.971027
v -11.922239 -12.627251 5.253493
v -10.959778 -13.433629 5.771670
v -11.781239 -13.017221 5.778845
v -11.379734 -13.671696 6.138412
v -11.886233 -11.839688 5.909587
v -11.782900 -10.941077 5.792078
v -10.824910 -8.731842 6.490915
v -9.619485 -6.840147 7.148180
v -6.746163 -4.618911 7.039862
v -7.278203 -4.558451 7.875506
v -9.334317 -2.557199 8.313302
v -11.653409 1.022429 10.440840
v -7.754791 -14.363132 7.645895
v -9.770180 -14.249993 7.516055
v -10.364943 -12.937181 7.072314
v -11.215453 -13.284382 7.059806
v -11.752666 -13.396263 6.239636
v -11.654293 -13.065135 6.841854
v -12.381937 -11.227383 7.299087
v -10.615121 -7.855004 7.969072
v -10.682835 -1.213384 10.060122
v -9.297951 -14.273617 8.532205
v -10.186931 -13.408575 9.043256
v -11.627849 -13.845879 7.977060
v -11.031343 -13.404645 7.826941
v -12.173248 -13.656339 7.479397
v -11.978999 -13.119010 8.157790
v -10.497401 -12.860699 8.422233
v -12.057355 -12.455745 7.949002
v -12.318608 -11.990480 8.364822
v -12.226485 -11.352139 9.086514
v -11.886202 -10.272030 9.169296
v -10.014592 -7.470640 9.799602
v -7.578417 -4.605469 9.136611
v -8.537011 -3.859950 10.717805
v -7.502008 -13.687576 9.864823
v -7.815789 -13.966042 8.970613
v -11.405107 -13.019547 8.482697
v -12.458205 -13.041714 8.434756
v -12.237580 -13.231345 9.011019
v -10.990757 -12.839293 9.035187
v -12.585416 -12.557168 8.858418
v -12.079928 -12.060594 9.190975
v -8.929279 -5.991657 9.647135
v -7.344308 -4.868317 10.348970
v -11.478495 0.227283 12.467293
v -7.473175 -13.083673 9.765262
v -8.603590 -13.519097 9.762712
v -10.001114 -13.324198 9.762889
v -10.992581 -13.468614 9.428450
v -10.539157 -13.613851 9.877314
v -10.958035 -13.286812 10.120265
v -7.207653 -11.921904 10.349589
v -9.188454 -11.763376 10.749751
v -10.638391 -12.148208 10.086145
v -11.281946 -12.592356 9.247623
v -11.615203 -11.459086 10.060539
v -10.516334 -9.316061 10.606316
v -9.481383 -7.782667 10.773166
v -8.295516 -6.091585 10.713341
v -7.600175 -6.671648 11.527458
v -6.793244 -5.246291 11.278530
v -9.521108 -2.770993 12.537743
v -6.845870 -10.634889 11.009254
v -8.801997 -9.509741 11.389796
v -9.933964 -10.260822 11.017074
v -6.209452 -9.366906 11.581098
v -5.732203 -7.673299 11.953435
v -5.363161 -5.994705 12.073762
v -6.881255 -4.974067 13.473583
v -8.142367 -3.881483 13.949220
v -11.431010 0.225581 14.170738
v -6.951790 -14.446514 11.729093
v -5.112483 -10.493925 13.557767
v -4.530608 -6.340416 13.200271
v -4.015934 -6.373460 13.873489
v -10.384368 -1.640260 13.606257
v -6.082099 -14.043250 12.999404
v -3.011831 -6.766973 14.553084
v -5.884733 -5.000511 15.378472
v -8.540703 -2.716207 15.249536
v -9.290648 -1.240679 15.408694
v -5.377213 -15.148524 13.803821
v -2.057010 -6.792806 14.874277
v -0.601458 -7.346262 14.970394
v -3.020711 -5.723361 16.135675
v -6.646775 -4.064803 15.790376
v -7.604222 -2.838384 15.793194
v -7.139050 -2.417224 15.864894
v -6.887604 -1.866590 15.642049
v -6.747603 -1.590880 16.586962
v -7.670718 -0.807970 15.497678
v -7.586827 0.427444 16.884748
v -8.675629 -0.634974 15.690662
v -10.627234 1.180929 15.896847
v -0.502992 -13.767143 15.059474
v -3.442522 -13.936522 14.961868
v -1.804199 -12.223679 15.323980
v -3.389642 -11.191061 14.916046
v -0.486076 -10.081388 15.161259
v -1.772106 -9.789449 15.214976
v -2.269549 -5.016134 16.692215
v -4.641739 -4.683594 16.446903
v -4.381366 -3.625416 16.294830
v -3.017050 -4.024970 16.613045
v -5.432523 -3.707672 16.244810
v -5.727980 -2.793457 16.042175
v -5.256905 -2.792063 17.186737
v -3.114674 -3.474824 17.436071
v -3.634385 -3.242910 18.434498
v -5.436202 -2.589200 17.947031
v -4.436441 -2.191576 18.305841
v -6.051888 -2.055259 17.732700
v -6.522355 -1.317347 17.226845
v -2.557145 -2.973979 18.822609
v -4.028139 -2.892858 18.582527
v -3.759126 -1.823483 19.091095
v -0.700040 -2.474448 19.727940
v -0.822233 -0.829514 20.508467
v -0.217792 -0.840129 20.464745
v -2.805849 -0.705428 19.666105
v 10.858730 2.235135 9.148781
v 10.987056 5.590625 9.711019
v 9.414187 10.754843 11.086271
v 8.966741 11.388659 10.123579
v 7.710068 14.232227 9.628913
v 7.836122 14.982853 11.125019
v 7.560569 17.185423 11.414463
v 11.305618 2.491619 10.396800
v 10.855035 7.492721 11.485679
v 11.284163 6.863712 14.203176
v 7.885130 12.768174 11.493406
v 11.065951 0.432841 11.372975
v 11.468564 5.777380 11.595759
v 8.385221 11.888505 13.466282
v 7.479837 13.128153 12.697971
v 7.802125 13.728927 12.074653
v 7.638372 16.889658 12.819063
v 11.782519 2.339734 13.250789
v 7.335532 14.539536 13.766077
v 6.761241 13.634931 13.830649
v 7.421794 17.133993 14.100327
v 11.755940 5.004429 14.726387
v 9.751899 9.479350 15.445556
v 6.914978 15.027383 14.237046
v 5.656735 14.509633 14.534384
v 5.876667 16.068064 15.017658
v 4.494942 15.237397 14.217922
v 4.222685 14.924186 14.829685
v 4.578563 17.023539 14.591935
v 4.175929 17.126638 15.362659
v 2.442368 17.459913 14.996725
v 2.720347 15.688283 14.607097
v 1.669377 15.966004 14.635427
v 1.122565 15.723531 14.918496
v 7.060863 17.767805 14.729358
v 5.504810 14.435816 14.560163
v 4.353177 16.989340 14.701242
v 2.717368 17.571096 15.435062
v 0.313664 15.923252 14.764079
v 6.754962 13.068855 15.327436
v 5.772744 13.237596 16.854548
v 2.251606 14.814307 15.923469
v 3.362264 15.225185 14.997729
v 3.616055 16.738644 15.594812
v 11.732765 2.247846 14.261312
v 11.296564 4.181480 15.979685
v 10.111795 8.258732 16.469677
v 8.678654 9.997616 16.994675
v 7.213717 11.944876 16.624567
v 4.954735 13.838679 16.663570
v 11.097923 2.445521 15.827550
v 11.070526 6.711759 15.882459
v 2.947785 13.320509 18.254055
v 0.128244 13.409575 18.344578
v 10.143305 3.843401 16.941380
v 8.428064 0.805227 16.077005
v 7.116151 0.309716 16.694702
v 8.702705 3.006130 16.588676
v 7.841582 2.887537 15.931170
v 6.991580 3.190269 17.211910
v 9.093711 4.481334 17.388554
v 7.424363 4.570485 16.349640
v 8.012868 4.734187 17.086739
v 6.927275 5.428164 16.691544
v 10.192539 6.382677 17.249266
v 6.510987 5.959741 16.936478
v 8.842902 6.783830 18.104462
v 6.076511 6.369579 17.211271
v 9.142906 8.316381 17.649698
v 7.518108 10.247558 18.034449
v 5.884937 10.554574 19.004168
v 5.496013 11.720680 18.317122
v 1.730450 12.963696 18.840347
v 6.098807 -0.248750 17.493578
v 6.600124 1.679742 17.360582
v 4.956925 0.524323 17.674187
v 5.047334 2.396648 17.711706
v 5.649905 3.089004 17.946384
v 4.804429 4.342656 18.696018
v 4.606026 3.757651 18.402105
v 7.458455 6.091664 18.174917
v 3.798409 4.929960 19.517862
v 6.875300 7.632683 18.972908
v 6.215245 6.606368 18.447042
v 5.303280 6.573802 18.120481
v 6.892984 9.216068 18.967466
v 3.442010 12.233803 19.076101
v 4.102770 -0.490692 18.539690
v 4.939833 2.374240 18.556660
v 4.564904 0.516814 18.728971
v 3.080323 4.120580 19.559500
v 6.362681 7.121852 18.994244
v 3.954354 6.928339 19.082092
v 4.380120 7.351801 19.808592
v 3.759524 8.406112 20.439182
v 3.973393 10.471862 20.094435
v -0.924569 11.558928 20.289337
v 1.160657 10.627195 20.859436
v 2.781509 -0.533996 19.239244
v 3.482145 0.055696 19.537184
v 2.180628 -0.823870 19.649445
v 4.147978 1.045336 19.289169
v 1.949231 1.182074 19.588280
v 3.606906 2.372104 19.945089
v 4.106711 3.002355 19.210350
v 3.765519 3.290017 19.757767
v 2.067905 3.279319 19.634136
v 1.830419 4.348647 20.194681
v 0.906221 4.732000 20.354326
v 2.423207 6.874084 19.801416
v 0.919941 6.948316 20.090111
v 0.549152 7.653807 21.110678
v 1.717517 9.145180 21.277803
v 1.740129 7.829934 20.925297
v 2.586442 9.364060 20.886156
v -0.126573 10.390620 21.079245
v 0.697733 0.438241 20.630369
v 2.535022 1.173329 19.931128
v -0.006494 0.755305 20.757965
v 2.755877 3.083623 20.069468
v 1.263731 2.679455 20.342484
v 0.115553 8.811885 21.709860
v -0.028223 9.923024 21.454952
v 0.600231 -0.253501 21.133001
v -0.001777 19.460957 11.489194
v 6.599665 21.261833 12.390369
v 7.141020 19.451771 12.038869
v 0.444882 21.728752 12.398415
v 1.412812 22.169996 11.390930
v 5.133739 23.040930 12.230094
v 4.360247 23.346357 11.984823
v 3.016571 23.904152 12.148267
v 1.785418 23.776306 12.648554
v 0.852766 22.878910 13.058364
v 6.201020 22.280416 12.858992
v 4.479740 24.457664 13.641838
v 3.211893 24.697195 13.164796
v 7.245750 19.160257 13.922591
v 0.536769 22.109426 14.126718
v 6.439872 21.725994 14.162430
v 5.360726 23.404045 14.488301
v 2.306964 24.757729 14.252298
v 1.554411 23.834820 14.686554
v 3.394466 24.991106 14.584992
v 6.702785 19.779184 14.932003
v 6.442420 21.235918 14.788158
v 0.786074 21.659620 15.321138
v 5.263662 22.879436 15.211882
v 4.278670 24.393461 14.813675
v 2.775158 24.086018 15.565209
v 3.788966 19.593552 15.339856
v 4.092593 20.347137 15.482103
v 3.218322 19.569731 15.803261
v 2.579564 20.250507 15.545542
v 1.237271 17.903156 15.499825
v 0.403917 20.235582 15.416887
v 4.854506 22.496864 15.721492
v 3.346678 22.227917 15.890830
v 2.406260 21.633703 16.096767
v 1.648595 22.012405 15.991027
v 2.891352 23.174028 16.064142
v 3.569892 23.873287 15.660561
v 1.940709 23.444189 15.622227
v 0.932594 19.363607 15.728841
v 5.237560 19.995060 15.727251
v -11.631494 5.870622 8.915121
v -11.967764 5.625540 11.043673
v -9.043897 12.244939 10.482110
v -8.825002 13.432668 10.891712
v -0.467170 16.336224 10.858206
v -0.403856 17.227423 11.718637
v -0.919674 19.416449 11.299168
v -9.062976 16.228615 11.512429
v -9.148491 16.171017 11.624223
v -0.471647 17.992517 12.542457
v -9.051248 17.611361 11.917834
v -12.016500 2.682686 10.814672
v -8.587033 13.063993 12.784359
v -8.862463 12.517843 12.791389
v -8.995633 15.462546 13.012926
v -8.854144 17.911469 13.818267
v -11.851969 6.174126 13.117603
v -10.589555 9.337542 13.793525
v -8.828252 14.617884 13.265143
v -0.451979 16.653944 13.757483
v -0.397902 17.756514 13.588470
v -11.940996 2.576517 12.321552
v -12.235920 4.445242 13.586948
v -8.778055 10.959481 16.617630
v -6.636395 14.245048 14.373043
v -5.684772 15.139727 14.213535
v -5.422463 14.490555 15.214736
v -8.532451 16.661545 14.287447
v -7.904121 13.338130 13.600710
v -0.124671 16.101597 14.353798
v -0.592958 16.107212 14.055632
v -1.324849 15.798798 14.876294
v -1.777516 15.509382 15.090595
v -2.701439 15.836265 14.652756
v -3.843108 15.660192 14.582532
v -5.152658 16.869818 15.177357
v -5.242952 22.275927 15.698525
v -6.934767 16.880692 15.100598
v -1.438028 17.636456 15.402965
v -3.305505 18.768211 15.112057
v -12.188187 2.354648 13.244567
v -11.154827 7.823187 15.380535
v -10.220599 9.471725 15.660240
v -2.308945 15.629425 14.997652
v -2.201195 17.606668 15.665682
v -4.495330 15.173364 14.976996
v -4.555516 17.091080 15.586040
v -11.919805 2.550096 15.111279
v -11.973373 5.234417 15.126583
v -5.960693 13.502265 17.049770
v -2.526394 14.686193 16.089844
v -4.016716 14.101359 16.920195
v -8.441504 1.357619 15.405772
v -8.245864 0.223324 15.356989
v -10.919081 0.026492 14.979311
v -8.404845 3.283889 15.602708
v -7.923914 4.744473 15.907407
v -9.440804 2.335610 16.308195
v -8.387059 5.027308 16.918179
v -11.240461 6.029925 16.471592
v -10.173154 8.210577 17.077919
v -9.215161 0.783809 15.812175
v -10.676610 3.538476 16.723448
v -7.226024 3.135689 17.340855
v -7.556163 5.520474 16.284315
v -9.315876 4.328166 17.104239
v -6.449323 6.506592 17.382195
v -7.041085 6.082487 16.755035
v -8.533256 9.987021 17.971674
v -9.105703 8.400688 18.112141
v -6.964189 12.660514 17.196375
v -2.472397 13.202751 18.472456
v -0.848211 12.434730 19.463837
v -4.328122 12.864195 18.496189
v -5.736106 11.958542 18.801264
v -6.364635 0.522371 17.557787
v -5.602332 0.729843 17.512568
v -5.802376 2.633685 17.672613
v -5.451057 3.564363 18.161360
v -6.154133 3.392694 17.936909
v -5.482649 4.864934 18.717869
v -8.837084 5.551144 17.697073
v -9.278553 6.690470 18.066219
v -5.650771 6.791314 18.146259
v -4.674676 7.066466 18.887264
v -7.669702 8.847787 19.062347
v -4.051128 -1.292620 18.994133
v -5.138025 -0.089728 18.193970
v -5.563365 2.292074 18.332216
v -4.636758 2.975292 19.643009
v -4.163141 4.380574 19.361538
v -3.902220 7.151295 19.320141
v -6.942693 6.751172 18.660967
v -3.364507 7.761190 19.933125
v -5.205400 7.700871 19.951927
v -6.889738 7.577415 19.270605
v -4.808585 8.961012 20.424459
v -6.454456 10.381050 19.411085
v -1.533413 11.112939 20.516687
v -2.630898 1.132611 19.410709
v -2.853498 0.267889 19.344889
v -3.656925 0.334866 19.716413
v -3.882103 -0.669515 19.064302
v -4.459238 -0.029534 19.356514
v -3.237279 1.773516 19.985205
v -4.689579 1.663092 19.732323
v -2.619560 3.021488 19.596830
v -2.383798 3.933845 20.106127
v -3.606546 5.210663 19.836620
v -3.525769 4.387650 19.681671
v -3.827747 3.375790 19.986217
v -2.197970 6.998863 19.979118
v -1.960835 7.627368 20.629425
v -3.094940 7.870504 20.510923
v -1.710420 9.558982 21.045385
v -3.908070 7.799218 20.432312
v -4.626545 10.488018 20.186310
v -1.772521 -0.108391 20.402040
v -1.365394 0.671982 20.634773
v -1.814795 2.460316 20.298672
v -1.179384 3.473464 20.445354
v -0.594887 -0.486410 21.342516
v -1.468337 -0.436269 21.018463
v 0.022856 0.409573 21.350323
v -1.363997 0.297836 21.257242
v -8.765396 18.110983 10.791009
v -7.886013 20.645639 11.264891
v -2.262033 22.401051 11.605658
v -5.524368 22.184521 10.988568
v -6.897685 22.740408 11.807511
v -4.146021 24.024958 12.152942
v -5.734216 24.313028 12.662452
v -8.656306 19.518461 12.436969
v -0.906357 20.367382 12.331393
v -7.890791 21.915607 12.664394
v -1.572265 22.457506 12.550288
v -6.672683 23.608150 12.489287
v -2.847570 24.147436 12.985561
v -6.276665 24.502562 14.185418
v -7.392091 23.133434 13.530861
v -5.121133 24.877254 13.313846
v -0.570688 18.131300 13.408176
v -0.784447 19.182919 14.039889
v -0.026851 20.043879 14.011950
v -8.353963 20.549185 13.965601
v -1.524917 22.216108 13.802243
v -6.792426 23.389479 14.983097
v -2.680088 24.089582 14.311409
v -3.673285 24.760473 15.048223
v -4.860567 25.270361 14.757588
v -4.248834 25.231314 14.047142
v -7.598448 20.632416 15.173987
v -1.324011 20.447191 15.123816
v -2.250032 23.083382 15.027847
v -7.302203 22.313536 15.012084
v -5.601628 24.615412 15.085339
v -3.515791 19.643557 15.320639
v -3.766080 17.496561 15.459270
v -3.360421 20.389072 15.853756
v -4.882651 19.386379 15.118212
v -6.093516 18.719591 15.370102
v -4.454702 19.867138 15.738054
v -4.358504 20.399237 15.376535
v -4.838686 23.457413 15.803646
v -6.594431 21.808495 15.670813
v -2.413365 22.064610 15.860005
v -3.347338 23.147429 16.044260
v -4.579378 24.220816 15.785281
v -3.893210 19.261902 15.838011
v -1.872194 19.690977 15.819757
v -3.040263 21.422905 16.115524
v -2.783370 -4.532135 15.965496
v -0.122897 -6.475827 16.510187
v 0.504690 -4.855294 16.188379
v -5.749710 -3.595223 15.319551
v -5.109304 -4.631417 15.606502
v 7.196953 -1.367845 14.918139
v 7.226017 -2.052356 14.730240
v 4.642091 -2.913224 16.297636
v 6.694328 -3.190982 15.594339
v 3.792604 -4.532952 15.966391
v 4.033976 -5.300485 16.360653
v -7.470897 -2.075951 15.688184
v -6.497541 -3.248604 15.216406
v -3.178118 2.927137 19.913654
v -2.362894 4.085726 20.634621
v -4.766805 3.312500 20.355223
v -4.977407 4.408316 21.074850
v -5.284995 6.100635 19.494678
v -3.131109 5.784801 20.958195
v -2.224684 3.624855 18.794409
v -3.234801 6.500186 19.596350
v -5.439633 3.968387 18.896055
v -2.893927 -2.483107 18.070877
v -2.648310 -1.196262 17.961596
v -4.013298 -1.314844 14.887787
v 0.000009 -1.698563 18.902348
v 3.666292 0.047744 15.133631
v 4.037432 -1.312610 14.890276
v 4.393778 0.067097 15.120772
v 2.971335 -1.548907 18.670895
v 2.893920 -2.483087 18.070879
v 0.000010 -1.826782 19.708437
v -3.045279 -1.538788 18.655710
v -4.393780 0.067097 15.120772
v -3.632354 0.051417 15.125095
v 2.683758 -1.187300 17.953814
v 3.131099 5.784801 20.958199
v 4.977390 4.408316 21.074854
v 5.284990 6.100638 19.494680
v 4.766796 3.312543 20.355246
v 3.178123 2.927101 19.913605
v 2.362873 4.085730 20.634619
v 3.234800 6.500186 19.596350
v 2.224683 3.624825 18.794405
v 5.439620 3.968379 18.896057
v 0.132667 -3.896921 18.530649
v 3.030170 -2.410965 18.014215
v 2.686574 -3.426379 17.386934
v -1.967659 -3.178452 17.174740
v -3.115346 -2.384371 17.928036
v -3.896358 -0.887061 14.958373
v -3.345089 -2.138617 14.756346
v -4.029758 -2.221200 14.751477
v -2.357911 -3.548467 17.672144
v 0.000009 -3.633790 18.169569
v 1.967638 -3.178445 17.174736
v 4.019881 -2.219010 14.750386
v 3.345069 -2.138617 14.756346
v 3.895828 -0.887599 14.958136
v -3.601866 -1.060407 18.374258
v 0.000010 -3.262769 20.639536
v 3.296540 -2.811796 19.890059
v -0.000003 0.127134 19.168585
v 3.601861 -1.060406 18.374260
v 4.388163 0.932492 15.311292
v 4.392827 -1.944809 14.763513
v -4.620878 -1.686650 14.832874
v -3.173497 -2.871151 16.014318
v -3.353327 -3.003958 14.612722
v -0.002922 -4.491662 17.550703
v 3.258818 -2.904766 15.798933
v 0.000016 -3.180626 20.906111
v -3.296566 -2.811792 19.890053
v -4.388176 0.932507 15.311293
v 2.237566 2.955264 15.644572
v -2.372784 2.881620 15.591432
v -0.854072 4.834662 22.625626
v -2.309564 4.212009 20.843300
v -1.807173 2.658784 22.568747
v -3.774502 2.644942 20.521069
v -4.148298 -0.195180 21.221508
v -2.661074 4.790205 21.119019
v 0.188497 4.750743 22.936234
v 0.060811 -0.378662 28.817226
v -1.171552 1.201578 25.662062
v 1.905827 2.408854 22.602503
v -6.664490 1.378843 19.690701
v -5.720993 3.278537 19.278570
v -3.998769 5.032420 21.311653
v 0.574163 5.199449 22.882004
v -0.369411 8.048561 20.308802
v 3.804926 8.205601 19.166134
v 5.927934 5.771700 20.602467
v 6.653089 5.306244 18.422861
v 5.720981 3.278518 19.278584
v 5.371006 4.298310 20.349251
v 4.012727 3.731654 21.042833
v 2.309569 4.212031 20.843300
v 3.998766 5.032420 21.311653
v 5.385929 4.890747 20.445633
v 5.557001 5.263455 19.076157
v -6.100140 -2.709372 17.955204
v 2.661072 4.790205 21.119019
v -5.385948 4.890742 20.445633
v -4.012725 3.731640 21.042828
v -5.557010 5.263411 19.076157
v -5.371005 4.298308 20.349253
v -6.653077 5.306248 18.422874
v -0.000002 0.919816 22.809582
v 4.148298 -0.195199 21.221504
v 4.146610 -4.542584 17.739902
v -0.188972 -6.481575 16.984125
v -5.064225 -4.668259 15.483997
v -7.016523 -2.693455 14.711188
v -8.725875 0.974554 15.271638
v -8.601124 4.183534 15.864170
v -5.962045 5.773713 20.570675
v 3.572917 8.753162 16.562851
v 7.038992 7.133202 16.295675
v 8.899187 1.718487 15.400582
v 7.010950 -2.843343 14.645357
v 3.985641 -5.324471 15.813417
v -4.734890 -4.859589 14.303635
v -4.686640 8.747857 16.579840
v 8.300051 3.463255 17.171200
v 6.741798 0.361773 19.582575
v 3.774497 2.644951 20.521076
v 4.092277 -5.089726 14.264809
v -0.018569 -6.375819 14.081187
vn 0.1574 -0.7462 -0.6469
vn -0.1194 -0.9785 0.1681
vn 0.3637 -0.5748 -0.7330
vn 0.1892 -0.4731 -0.8605
vn 0.5074 -0.4595 -0.7290
vn 0.6955 -0.1049 -0.7108
vn -0.0088 -0.7097 -0.7045
vn -0.1379 -0.8105 -0.5693
vn 0.7132 -0.1601 -0.6825
vn 0.2023 -0.4721 -0.8580
vn 0.1583 -0.2965 -0.9418
vn 0.1681 -0.2829 -0.9443
vn 0.2063 -0.2501 -0.9460
vn 0.1899 -0.2782 -0.9416
vn 0.0492 -0.2304 -0.9719
vn 0.1465 -0.4178 -0.8967
vn 0.0510 -0.3968 -0.9165
vn 0.4487 -0.1784 -0.8757
vn 0.3444 -0.2260 -0.9112
vn 0.4034 0.3035 -0.8632
vn 0.3252 -0.5737 -0.7518
vn 0.0961 -0.5881 -0.8031
vn 0.1632 -0.4075 -0.8985
vn 0.3725 -0.3652 -0.8531
vn 0.4449 -0.4035 -0.7995
vn 0.4159 -0.3463 -0.8409
vn 0.5293 0.2082 -0.8225
vn 0.4498 0.3895 -0.8037
vn 0.0529 0.4151 -0.9082
vn 0.0607 -0.7588 -0.6485
vn 0.2676 -0.6922 -0.6703
vn 0.2317 -0.7025 -0.6729
vn 0.1485 -0.6881 -0.7103
vn 0.4534 -0.4511 -0.7687
vn 0.4319 -0.4726 -0.7682
vn 0.7196 -0.2796 -0.6356
vn 0.6202 -0.3782 -0.6872
vn 0.7142 -0.2015 -0.6703
vn 0.6705 0.0650 -0.7390
vn 0.6737 0.0794 -0.7347
vn 0.6247 0.3272 -0.7090
vn 0.1782 0.4240 -0.8880
vn 0.5843 -0.4618 -0.6673
vn 0.8024 -0.2934 -0.5196
vn 0.7202 0.2420 -0.6501
vn 0.7687 0.2776 -0.5763
vn 0.6264 0.4188 -0.6575
vn 0.5569 0.4451 -0.7013
vn 0.3688 -0.7068 -0.6036
vn 0.8259 0.2744 -0.4926
vn 0.4136 -0.7763 -0.4756
vn 0.4808 -0.7527 -0.4498
vn 0.7837 -0.4579 -0.4197
vn -0.4122 0.0512 -0.9096
vn 0.2982 -0.7614 -0.5757
vn -0.4491 -0.1010 -0.8878
vn 0.3673 -0.5660 -0.7381
vn -0.6691 -0.0681 -0.7401
vn -0.0034 -0.5676 -0.8233
vn -0.2048 -0.5485 -0.8106
vn 0.6104 -0.6388 -0.4683
vn 0.4558 -0.8108 -0.3671
vn 0.0235 -0.2730 -0.9617
vn -0.2568 -0.1843 -0.9487
vn -0.2770 -0.1774 -0.9444
vn -0.1968 -0.3842 -0.9020
vn -0.1950 -0.3577 -0.9132
vn -0.7563 0.5528 -0.3498
vn -0.2434 0.1388 -0.9599
vn -0.0334 0.2937 -0.9553
vn -0.1701 0.3487 -0.9217
vn -0.2721 0.3387 -0.9007
vn -0.0817 -0.6523 -0.7535
vn 0.0196 -0.4265 -0.9043
vn -0.2213 -0.4227 -0.8788
vn -0.4100 -0.2493 -0.8774
vn -0.3830 0.1209 -0.9158
vn -0.0975 0.4158 -0.9042
vn -0.1010 0.4212 -0.9013
vn -0.3942 0.3753 -0.8389
vn -0.0749 0.4468 -0.8915
vn -0.0994 -0.7137 -0.6934
vn -0.3799 -0.5086 -0.7726
vn -0.6107 -0.1630 -0.7749
vn -0.6200 0.2237 -0.7520
vn -0.2697 0.4191 -0.8670
vn -0.0645 -0.2689 -0.9610
vn -0.2935 -0.7271 -0.6206
vn -0.6818 -0.5328 -0.5013
vn 0.0445 -0.2009 -0.9786
vn -0.0861 -0.1572 -0.9838
vn -0.6834 0.3495 -0.6410
vn 0.0955 0.1195 -0.9882
vn -0.0985 0.1314 -0.9864
vn -0.2178 0.2126 -0.9526
vn -0.6861 0.3629 -0.6305
vn -0.7055 0.2765 -0.6525
vn -0.3862 -0.7920 -0.4728
vn -0.6649 -0.5277 -0.5286
vn -0.7939 -0.4610 -0.3965
vn -0.8332 -0.2204 -0.5072
vn -0.8819 0.1734 -0.4383
vn 0.0111 -0.5886 -0.8083
vn -0.1659 -0.5022 -0.8487
vn -0.3965 -0.1066 -0.9118
vn -0.4293 -0.3834 -0.8177
vn -0.3551 -0.0633 -0.9327
vn -0.5720 0.3668 -0.7337
vn -0.4882 0.4750 -0.7322
vn -0.0123 0.4192 -0.9078
vn -0.3336 0.6366 -0.6953
vn -0.1526 0.6276 -0.7634
vn -0.4739 -0.6188 -0.6265
vn -0.4827 -0.7930 -0.3717
vn -0.7974 -0.4563 -0.3950
vn 0.0385 -0.0048 -0.9992
vn 0.2251 0.1810 -0.9574
vn 0.0216 0.1953 -0.9805
vn 0.0573 0.3333 -0.9411
vn 0.4087 -0.0591 -0.9108
vn 0.4481 0.0400 -0.8931
vn 0.4122 0.1835 -0.8924
vn 0.4359 0.1545 -0.8866
vn 0.4068 0.3448 -0.8459
vn 0.5697 -0.0047 -0.8218
vn 0.6696 0.1294 -0.7313
vn 0.6038 0.2603 -0.7535
vn 0.6042 0.2661 -0.7511
vn 0.4026 0.3902 -0.8281
vn 0.3879 0.4274 -0.8166
vn 0.3872 0.4266 -0.8174
vn -0.0160 0.5565 -0.8307
vn 0.7641 0.1209 -0.6337
vn 0.7688 0.2827 -0.5736
vn 0.6317 0.4338 -0.6425
vn 0.5135 0.4812 -0.7104
vn 0.3806 0.5737 -0.7253
vn 0.3457 0.6119 -0.7114
vn 0.2195 0.8364 -0.5022
vn 0.1307 0.8600 -0.4933
vn 0.6254 0.3606 -0.6920
vn 0.7755 0.3607 -0.5181
vn 0.7747 0.3375 -0.5347
vn 0.5481 0.5285 -0.6483
vn 0.3126 0.7571 -0.5736
vn 0.0982 0.7617 -0.6405
vn 0.8797 -0.0089 -0.4755
vn 0.2920 0.4888 -0.8221
vn 0.3511 0.3300 -0.8763
vn 0.0237 0.3574 -0.9337
vn 0.0009 0.3720 -0.9282
vn -0.0489 0.4034 -0.9137
vn 0.8895 -0.2186 -0.4013
vn 0.8778 0.2131 -0.4290
vn 0.8647 0.3166 -0.3900
vn 0.8199 0.3683 -0.4383
vn 0.8319 0.2790 -0.4796
vn 0.9513 0.2104 -0.2252
vn 0.7757 0.3702 -0.5111
vn 0.7609 0.1898 -0.6204
vn 0.5115 0.3349 -0.7913
vn 0.5530 0.2961 -0.7788
vn -0.6626 0.2736 -0.6972
vn 0.0648 0.3841 -0.9210
vn -0.5541 0.3528 -0.7540
vn -0.1262 0.4035 -0.9062
vn -0.3763 0.0056 -0.9265
vn -0.3610 0.1744 -0.9161
vn -0.4025 0.0943 -0.9106
vn -0.3992 0.2879 -0.8705
vn -0.1895 0.3116 -0.9311
vn -0.0561 0.5615 -0.8256
vn -0.3102 0.5146 -0.7994
vn -0.4443 0.3074 -0.8415
vn -0.2929 0.5216 -0.8014
vn -0.3433 0.4767 -0.8092
vn -0.0137 0.6816 -0.7316
vn -0.0003 0.6902 -0.7237
vn -0.1047 0.6657 -0.7389
vn -0.5518 -0.0807 -0.8300
vn -0.6708 -0.1208 -0.7317
vn -0.7153 -0.0004 -0.6988
vn -0.4368 0.3999 -0.8058
vn -0.6640 0.3697 -0.6500
vn -0.2528 0.5962 -0.7620
vn -0.2956 0.5647 -0.7705
vn 0.1545 0.8378 -0.5236
vn -0.2304 0.7523 -0.6172
vn -0.7661 0.0441 -0.6413
vn -0.7690 0.1123 -0.6293
vn -0.6953 0.2781 -0.6627
vn -0.6799 0.3567 -0.6407
vn -0.7656 0.4220 -0.4855
vn -0.6025 0.5192 -0.6062
vn -0.2009 0.7540 -0.6254
vn -0.6227 0.3562 -0.6966
vn -0.7720 0.3853 -0.5056
vn -0.3800 0.7058 -0.5979
vn 0.5173 0.4655 0.7181
vn -0.8358 0.3120 -0.4518
vn -0.7447 0.5866 -0.3183
vn -0.8219 0.5168 -0.2397
vn -0.4615 0.8104 -0.3610
vn -0.0099 0.9626 -0.2706
vn -0.0278 0.9634 -0.2665
vn 0.3027 -0.9213 -0.2442
vn -0.1698 0.8692 -0.4645
vn -0.3607 0.4903 -0.7934
vn -0.2069 0.3015 -0.9307
vn -0.7081 0.2592 -0.6568
vn 0.6051 0.3352 -0.7221
vn 0.0366 0.3299 -0.9433
vn -0.1826 0.3006 -0.9361
vn 0.5551 0.3226 -0.7667
vn 0.1061 0.3945 -0.9127
vn -0.3226 0.3471 -0.8806
vn 0.1134 0.3925 -0.9127
vn -0.1288 0.4361 -0.8906
vn -0.1634 0.4440 -0.8810
vn -0.2083 -0.8643 -0.4578
vn 0.7939 -0.1508 -0.5890
vn 0.1883 -0.5967 -0.7801
vn 0.7146 -0.3223 -0.6209
vn 0.7027 -0.2647 -0.6604
vn -0.2623 -0.8192 -0.5100
vn 0.8369 -0.1060 -0.5369
vn 0.9351 0.0425 -0.3517
vn -0.2858 -0.7853 -0.5492
vn 0.6662 -0.3777 -0.6431
vn -0.4728 -0.6818 -0.5582
vn -0.3997 -0.8814 -0.2518
vn -0.6893 -0.6630 -0.2922
vn 0.9131 -0.2805 -0.2958
vn -0.6724 -0.6545 -0.3457
vn 0.9904 0.0168 -0.1369
vn 0.9978 0.0603 -0.0269
vn -0.6030 -0.7954 -0.0609
vn 0.9459 -0.2336 0.2251
vn -0.8381 -0.5444 -0.0345
vn 0.9819 -0.0301 0.1868
vn -0.0738 -0.9581 0.2767
vn -0.5701 -0.8057 0.1608
vn 0.8522 -0.2750 0.4451
vn 0.8414 0.2217 0.4929
vn 0.4884 0.3073 0.8167
vn 0.1400 0.0538 0.9887
vn 0.0005 -0.8208 0.5713
vn 0.0387 -0.8142 0.5793
vn -0.4116 -0.7095 0.5721
vn 0.4627 -0.5342 0.7075
vn 0.5328 -0.5522 0.6412
vn -0.7459 -0.5719 0.3413
vn 0.2173 -0.6237 0.7509
vn 0.2003 -0.5604 0.8036
vn 0.4644 -0.3535 0.8120
vn -0.5917 -0.5614 0.5785
vn 0.5328 -0.2695 0.8022
vn -0.0984 -0.6386 0.7632
vn -0.1780 -0.6455 0.7427
vn 0.0095 -0.5799 0.8147
vn 0.2529 -0.3923 0.8844
vn 0.0555 -0.4619 0.8852
vn -0.1411 -0.3504 0.9259
vn -0.4272 -0.3933 0.8141
vn 0.1875 -0.2648 0.9459
vn -0.0451 -0.3681 0.9287
vn 0.9107 0.0910 -0.4028
vn 0.2286 0.0417 -0.9726
vn 0.2187 0.2371 -0.9465
vn 0.7876 0.3940 -0.4738
vn 0.5213 -0.7972 -0.3044
vn 0.8450 -0.4110 -0.3421
vn 0.1043 0.1452 -0.9839
vn 0.1057 0.1525 -0.9826
vn 0.1167 -0.3721 -0.9208
vn 0.5799 -0.1215 -0.8056
vn 0.5621 0.0653 -0.8245
vn 0.5299 0.1579 -0.8332
vn 0.5855 0.4993 -0.6386
vn 0.3542 0.3677 -0.8599
vn 0.3832 0.4253 -0.8200
vn 0.5392 0.6628 -0.5195
vn 0.6860 -0.6710 -0.2813
vn 0.5898 -0.7803 -0.2078
vn 0.9724 0.0167 -0.2329
vn 0.3206 -0.8349 -0.4474
vn 0.4709 -0.3794 -0.7964
vn -0.6666 -0.6546 -0.3566
vn 0.8459 -0.4941 -0.2007
vn -0.4906 -0.6282 -0.6039
vn 0.9677 0.2365 0.0875
vn 0.6754 0.6159 -0.4057
vn 0.6986 0.5874 -0.4086
vn 0.5634 0.7456 -0.3559
vn 0.9830 -0.1428 -0.1154
vn 0.0221 -0.8523 -0.5226
vn 0.6011 -0.7149 -0.3572
vn 0.5385 -0.0778 -0.8390
vn 0.5661 0.0133 -0.8242
vn -0.5218 -0.6251 0.5805
vn -0.6810 -0.6873 -0.2526
vn -0.3046 -0.9354 0.1795
vn 0.9392 -0.3418 -0.0324
vn 0.9361 -0.1191 -0.3310
vn 0.8558 0.3963 -0.3325
vn 0.7492 0.6143 -0.2476
vn 0.6836 0.7215 0.1099
vn 0.7242 -0.6791 -0.1198
vn 0.9945 -0.0984 -0.0350
vn 0.8062 -0.5146 0.2919
vn -0.4517 -0.6803 -0.5771
vn 0.8515 -0.4594 -0.2530
vn 0.7300 -0.6771 -0.0933
vn -0.4692 -0.7827 0.4088
vn 0.8518 -0.4546 0.2602
vn 0.9076 0.4054 0.1091
vn 0.9093 0.3976 0.1226
vn -0.7018 -0.6610 0.2656
vn -0.5274 -0.8454 -0.0848
vn -0.4151 -0.9098 -0.0004
vn 0.8636 0.4945 0.0980
vn 0.7913 0.5911 0.1562
vn 0.7647 0.6058 0.2195
vn 0.6085 0.7935 0.0072
vn 0.6781 -0.7339 -0.0403
vn 0.5805 -0.8104 0.0793
vn 0.7143 -0.6998 -0.0024
vn 0.9954 -0.0515 0.0805
vn 0.3373 -0.9346 -0.1129
vn 0.2448 -0.8343 -0.4940
vn 0.5578 -0.7108 0.4285
vn 0.4798 -0.8228 0.3047
vn -0.4709 -0.8079 -0.3544
vn -0.4731 -0.7604 -0.4449
vn -0.3639 -0.6182 0.6967
vn 0.3356 0.0287 0.9416
vn 0.6491 -0.5971 -0.4713
vn 0.9564 -0.2176 -0.1946
vn 0.9912 -0.0127 0.1316
vn 0.6922 0.5675 0.4458
vn 0.5687 0.6337 0.5244
vn 0.8149 -0.5763 0.0611
vn 0.9110 -0.0445 0.4100
vn 0.4037 -0.8279 0.3894
vn -0.2509 -0.3157 0.9151
vn -0.3681 -0.8921 0.2619
vn -0.4348 -0.3928 0.8103
vn -0.1034 -0.7400 0.6646
vn 0.9166 -0.1031 0.3862
vn 0.9544 -0.2364 0.1822
vn 0.0727 0.0505 0.9961
vn 0.2990 -0.5484 0.7810
vn -0.0508 -0.6183 0.7843
vn 0.4784 -0.4145 0.7742
vn 0.6555 0.4257 0.6238
vn 0.4909 0.2940 0.8201
vn 0.5871 -0.8042 0.0927
vn 0.6046 -0.7133 0.3546
vn 0.6455 -0.7454 0.1668
vn 0.7417 0.0779 0.6662
vn 0.2043 -0.2671 0.9418
vn -0.0442 -0.4471 0.8934
vn 0.0134 -0.3713 0.9284
vn 0.4183 0.1320 0.8986
vn 0.4278 0.1813 0.8855
vn 0.1065 0.0047 0.9943
vn 0.5648 -0.4074 0.7176
vn 0.6517 0.1788 0.7371
vn 0.5620 0.1518 0.8131
vn 0.5511 0.3930 0.7361
vn 0.4630 -0.8588 0.2191
vn 0.6829 -0.5549 0.4751
vn 0.6738 -0.5641 0.4772
vn 0.5508 -0.3609 0.7525
vn -0.1582 0.3946 0.9051
vn -0.1576 0.3903 0.9071
vn 0.5654 -0.4386 0.6985
vn -0.4615 0.1498 0.8744
vn 0.5302 -0.1212 0.8392
vn 0.4822 0.0047 0.8761
vn 0.4817 -0.7170 0.5039
vn 0.9382 -0.2733 0.2125
vn 0.8205 -0.3205 0.4734
vn 0.8346 0.5072 0.2147
vn 0.0875 0.8450 0.5276
vn 0.1281 -0.7821 0.6099
vn 0.1423 -0.5176 0.8437
vn 0.0478 0.3253 0.9444
vn 0.0233 0.1974 0.9801
vn 0.1486 0.0482 0.9877
vn 0.3800 -0.8226 0.4230
vn 0.7783 -0.5470 0.3083
vn 0.6892 -0.6388 0.3420
vn 0.6400 -0.7320 0.2338
vn 0.8287 -0.4209 0.3688
vn -0.3924 -0.2829 0.8752
vn 0.4902 -0.0922 0.8667
vn 0.2280 -0.1573 0.9609
vn -0.0543 -0.1953 0.9792
vn 0.1134 -0.0447 0.9925
vn -0.1202 -0.0820 0.9894
vn -0.1226 -0.0812 0.9891
vn 0.1289 -0.0072 0.9916
vn -0.0879 0.0270 0.9958
vn 0.2532 -0.5601 0.7888
vn 0.0168 0.0496 0.9986
vn 0.2599 0.0894 0.9615
vn -0.4501 -0.7517 0.4820
vn -0.4511 -0.0283 0.8920
vn 0.1091 -0.7801 0.6161
vn 0.0569 -0.9241 0.3779
vn 0.3079 -0.7241 0.6171
vn 0.3002 -0.9531 0.0385
vn 0.1367 -0.9796 0.1471
vn 0.7321 -0.1708 0.6594
vn 0.5403 -0.4499 0.7111
vn 0.5946 -0.3529 0.7224
vn 0.2093 -0.3126 0.9266
vn 0.0744 -0.4758 0.8764
vn 0.2001 0.4114 0.8892
vn 0.1445 0.4525 0.8800
vn 0.4961 -0.4240 0.7577
vn 0.4364 -0.2126 0.8743
vn 0.1674 -0.5995 0.7827
vn 0.4272 -0.2142 0.8784
vn 0.1714 -0.4237 0.8895
vn 0.1313 -0.8258 -0.5485
vn 0.1790 -0.7598 -0.6250
vn -0.2066 -0.7706 -0.6030
vn 0.7120 -0.5775 -0.3994
vn -0.9636 0.1539 -0.2185
vn 0.4851 -0.8100 -0.3294
vn -0.9726 0.1136 -0.2027
vn -0.5754 -0.6699 -0.4693
vn -0.7463 -0.6238 -0.2323
vn 0.7152 -0.6496 -0.2579
vn -0.7191 -0.6675 -0.1933
vn -0.9625 -0.2139 -0.1669
vn -0.4949 -0.8544 -0.1584
vn -0.9944 -0.0802 -0.0683
vn -0.9944 0.1058 0.0069
vn 0.3430 -0.9358 -0.0818
vn -0.7229 -0.6721 -0.1604
vn 0.3982 -0.8924 -0.2123
vn -0.9899 -0.1372 -0.0360
vn 0.6116 -0.7826 0.1162
vn 0.4720 -0.8625 0.1824
vn -0.9796 -0.0939 0.1777
vn -0.9890 0.0495 0.1393
vn -0.5620 -0.8253 -0.0541
vn -0.3902 -0.9181 0.0702
vn 0.4537 -0.8881 0.0738
vn 0.1793 -0.9837 0.0166
vn 0.5579 -0.1352 0.8189
vn -0.2841 0.1796 0.9418
vn 0.3422 -0.8836 0.3196
vn -0.3496 0.1433 0.9259
vn -0.2179 -0.7432 0.6326
vn -0.2729 -0.8320 0.4830
vn -0.7831 -0.3614 0.5061
vn -0.5673 -0.5472 0.6155
vn -0.7277 -0.4368 0.5288
vn -0.7473 -0.2909 0.5974
vn -0.8971 -0.1298 0.4223
vn 0.0409 -0.8376 0.5448
vn -0.2818 -0.6762 0.6807
vn 0.4221 -0.8454 0.3272
vn 0.1895 -0.7372 0.6485
vn 0.3388 -0.7201 0.6055
vn -0.2622 -0.5728 0.7766
vn -0.4923 -0.4093 0.7682
vn -0.7171 -0.0915 0.6909
vn -0.0804 -0.5502 0.8311
vn -0.5203 -0.4234 0.7416
vn 0.1658 -0.4429 0.8811
vn -0.4573 -0.2654 0.8488
vn 0.1826 -0.4059 0.8955
vn 0.0968 -0.2628 0.9600
vn -0.0262 -0.2280 0.9733
vn -0.0050 -0.8831 -0.4692
vn 0.4791 -0.8765 0.0469
vn 0.4774 -0.8774 0.0479
vn 0.5478 -0.1233 -0.8275
vn -0.8743 -0.1162 -0.4712
vn -0.3332 -0.6456 -0.6872
vn -0.3043 -0.2138 -0.9283
vn -0.7107 0.4692 -0.5242
vn -0.9884 -0.1007 0.1135
vn -0.5918 -0.7412 -0.3169
vn -0.9064 -0.3543 -0.2301
vn -0.9277 -0.2723 -0.2556
vn -0.9789 0.1747 -0.1058
vn -0.5661 -0.8159 -0.1180
vn -0.1562 -0.8969 0.4138
vn 0.5396 -0.8387 0.0734
vn -0.4289 -0.7602 0.4880
vn 0.3557 -0.8825 0.3075
vn -0.9899 0.0731 0.1215
vn -0.8554 0.4513 -0.2543
vn -0.6100 0.7267 -0.3160
vn -0.6704 0.7301 -0.1324
vn -0.9047 -0.4177 0.0841
vn -0.1522 -0.9872 0.0478
vn 0.3753 -0.9226 0.0891
vn 0.8193 -0.5028 -0.2755
vn 0.5329 -0.8070 -0.2544
vn -0.0202 -0.7249 -0.6886
vn -0.9309 -0.3294 -0.1576
vn -0.5884 -0.7671 0.2556
vn -0.6130 -0.7507 0.2463
vn -0.5275 -0.7504 -0.3983
vn -0.3439 -0.4969 -0.7968
vn 0.5570 -0.5375 0.6331
vn -0.3987 -0.3981 0.8262
vn -0.6788 -0.4685 0.5655
vn -0.8085 0.0685 -0.5846
vn -0.9176 0.0962 -0.3856
vn -0.5034 -0.0647 0.8617
vn -0.6344 0.7209 0.2788
vn -0.6332 -0.7715 0.0617
vn -0.7616 -0.6411 -0.0948
vn -0.7717 -0.6349 -0.0373
vn -0.9482 0.0952 0.3031
vn 0.2682 -0.7001 0.6618
vn -0.1139 -0.8170 0.5652
vn 0.4709 -0.8820 -0.0182
vn 0.3298 -0.2533 0.9095
vn -0.7297 -0.3608 -0.5808
vn -0.4493 -0.6042 0.6581
vn -0.2965 -0.3878 0.8727
vn -0.8162 0.2161 0.5359
vn -0.7257 0.4315 0.5358
vn -0.6833 0.4981 0.5339
vn -0.6408 0.6293 0.4398
vn -0.7973 -0.6035 -0.0055
vn -0.9344 0.0730 0.3488
vn -0.9431 0.0975 0.3180
vn -0.9518 0.0670 0.2992
vn -0.2925 -0.3976 0.8697
vn 0.1363 -0.4819 0.8655
vn -0.1521 -0.2458 0.9573
vn 0.0273 -0.2774 0.9604
vn -0.3971 0.1490 0.9056
vn -0.0613 -0.1978 0.9783
vn -0.6345 -0.7698 0.0700
vn -0.8661 -0.4997 0.0128
vn -0.8928 0.1429 0.4272
vn -0.8309 0.1371 0.5393
vn -0.8207 0.1621 0.5479
vn -0.7836 0.1072 0.6120
vn -0.4508 -0.8795 0.1524
vn -0.7103 -0.6871 0.1532
vn -0.8688 -0.4945 0.0237
vn -0.8373 0.1458 0.5269
vn -0.5507 -0.7408 0.3846
vn -0.5642 -0.7751 0.2844
vn -0.6872 -0.6329 0.3566
vn -0.7664 -0.5367 0.3531
vn -0.7062 -0.5712 0.4183
vn -0.4710 -0.3277 0.8190
vn -0.5981 0.0762 0.7978
vn -0.6327 0.1540 0.7589
vn 0.0579 0.0719 0.9957
vn -0.1446 -0.2124 0.9664
vn -0.0235 0.1107 0.9936
vn -0.6029 -0.6769 0.4223
vn -0.6027 -0.6771 0.4222
vn -0.5048 -0.3420 0.7926
vn 0.2177 0.2791 0.9353
vn -0.3207 -0.1122 0.9405
vn -0.1350 -0.0195 0.9907
vn -0.7902 -0.5468 0.2766
vn -0.8206 -0.4012 0.4070
vn 0.2243 0.2535 0.9410
vn 0.2290 0.2959 0.9274
vn -0.4906 -0.0482 0.8701
vn 0.2414 -0.1459 0.9594
vn -0.5246 0.0243 0.8510
vn 0.1671 -0.0280 0.9855
vn -0.2364 0.0208 0.9714
vn 0.0517 0.0440 0.9977
vn 0.0063 -0.3579 0.9338
vn -0.1239 -0.5290 0.8395
vn -0.1582 -0.5013 0.8507
vn -0.4103 -0.6261 0.6631
vn 0.0005 0.0847 0.9964
vn 0.0337 -0.0708 0.9969
vn -0.0585 0.0356 0.9977
vn -0.1026 0.0021 0.9947
vn -0.0773 0.4461 0.8917
vn -0.3452 -0.8305 0.4371
vn -0.5423 -0.8097 0.2242
vn -0.1817 0.0560 0.9818
vn -0.6563 -0.7041 0.2710
vn -0.6688 -0.6812 0.2979
vn -0.6396 -0.7669 0.0538
vn -0.0149 -0.0885 0.9960
vn -0.0832 -0.8112 0.5788
vn -0.0936 -0.9941 0.0551
vn -0.1051 -0.8325 0.5440
vn -0.3152 -0.8058 0.5013
vn -0.3174 -0.9322 0.1739
vn -0.6731 -0.7310 0.1124
vn -0.5525 -0.4625 0.6934
vn -0.4841 0.0338 0.8744
vn -0.6290 -0.2092 0.7487
vn -0.4120 -0.7067 0.5752
vn -0.3148 0.1841 0.9311
vn -0.4324 -0.1411 0.8906
vn 0.0579 -0.4245 0.9036
vn 0.8750 -0.1657 -0.4549
vn 0.9164 0.1667 -0.3640
vn 0.8799 0.4637 -0.1037
vn 0.9721 0.1664 -0.1654
vn 0.9407 0.2092 -0.2672
vn 0.9399 0.0212 -0.3409
vn 0.9349 0.3054 -0.1811
vn 0.9134 0.3098 -0.2641
vn 0.9113 0.4087 -0.0493
vn 0.9959 0.0358 0.0830
vn 0.9914 0.1277 -0.0280
vn 0.9669 0.0438 -0.2514
vn 0.7837 0.6196 0.0437
vn 0.8112 0.5823 0.0540
vn 0.9268 -0.1325 0.3514
vn 0.9659 -0.1939 -0.1717
vn 0.9864 0.0110 -0.1642
vn 0.9863 0.0124 0.1644
vn 0.9233 -0.1150 0.3666
vn 0.9758 -0.0596 0.2105
vn 0.8295 0.5500 0.0967
vn 0.7742 0.5910 0.2267
vn 0.6781 -0.1160 0.7257
vn 0.9663 0.0072 0.2575
vn -0.6318 -0.2597 0.7303
vn -0.1974 -0.9585 -0.2058
vn -0.7659 -0.3150 0.5604
vn 0.7322 0.6293 0.2604
vn 0.7211 0.6591 0.2136
vn 0.7457 0.6110 0.2657
vn 0.6259 0.7286 0.2782
vn 0.3538 0.6205 0.6998
vn 0.1617 0.8153 0.5559
vn -0.4091 -0.2747 0.8702
vn -0.2386 -0.2385 0.9414
vn 0.8765 -0.3772 0.2991
vn 0.9493 -0.0600 0.3085
vn 0.9483 0.2817 0.1461
vn 0.8752 0.4784 0.0722
vn 0.8826 0.4446 0.1525
vn 0.8639 0.4480 0.2303
vn 0.7327 0.6090 0.3039
vn 0.6562 0.6695 0.3481
vn 0.3966 0.8506 0.3452
vn 0.1956 0.8762 0.4405
vn 0.7708 0.5273 0.3576
vn 0.6017 0.5714 0.5580
vn 0.2431 -0.2972 0.9233
vn 0.1314 -0.0957 0.9867
vn 0.8254 -0.4238 0.3728
vn 0.7300 -0.3540 0.5846
vn -0.2250 -0.1351 0.9650
vn -0.1573 -0.2050 0.9660
vn -0.3976 -0.1604 0.9034
vn 0.6580 -0.1401 0.7398
vn -0.3975 -0.3537 0.8467
vn 0.7422 0.1719 0.6477
vn 0.8270 0.0952 0.5541
vn -0.5769 -0.5683 0.5868
vn -0.5916 -0.6700 0.4486
vn 0.6003 0.1048 0.7929
vn 0.7798 0.2686 0.5656
vn 0.7482 0.2818 0.6006
vn 0.7124 0.4167 0.5646
vn 0.4968 0.5537 0.6683
vn 0.4051 0.5952 0.6940
vn 0.3536 0.6613 0.6616
vn 0.2244 0.0089 0.9744
vn 0.1386 -0.0265 0.9900
vn 0.4821 -0.0388 0.8753
vn 0.7176 0.1772 0.6735
vn 0.6173 0.0984 0.7806
vn 0.2968 -0.2539 0.9206
vn -0.3001 -0.8968 0.3251
vn 0.4988 0.5574 0.6637
vn 0.9909 -0.0503 0.1247
vn 0.9264 -0.1552 0.3432
vn 0.0829 -0.4697 0.8789
vn 0.4826 -0.1863 0.8558
vn -0.2234 -0.9015 0.3707
vn -0.1378 -0.7021 0.6986
vn 0.5976 0.1260 0.7918
vn 0.3330 -0.3319 0.8826
vn 0.3919 0.5605 0.7296
vn 0.1348 0.5765 0.8059
vn 0.0359 0.6838 0.7288
vn 0.5017 0.1623 0.8497
vn 0.7133 -0.3242 0.6214
vn 0.5590 -0.1729 0.8109
vn 0.7552 -0.0922 0.6490
vn 0.8570 0.0388 0.5138
vn -0.5323 0.0116 0.8465
vn 0.7502 0.6491 0.1265
vn 0.2638 0.1489 0.9530
vn 0.8729 -0.0600 0.4842
vn 0.5912 -0.1302 0.7959
vn 0.3882 -0.2996 0.8715
vn 0.2007 0.3810 0.9025
vn -0.3571 0.4998 0.7891
vn 0.4148 0.1628 0.8952
vn 0.1926 0.1067 0.9755
vn 0.1727 -0.7177 0.6746
vn 0.3117 -0.3458 0.8850
vn 0.2650 -0.1218 0.9565
vn 0.4071 0.1359 0.9032
vn 0.2651 0.3185 0.9101
vn 0.3053 0.3632 0.8803
vn 0.2431 -0.4574 0.8554
vn 0.1889 -0.1802 0.9653
vn 0.5355 -0.0268 0.8441
vn 0.2093 0.0724 0.9752
vn 0.1977 -0.3910 0.8989
vn 0.4338 0.7873 0.4380
vn 0.9284 0.2481 -0.2766
vn 0.8632 0.3320 -0.3804
vn 0.6746 0.5097 -0.5340
vn 0.2500 0.5456 -0.7999
vn -0.5746 0.4094 -0.7087
vn -0.7382 0.4273 -0.5220
vn 0.2150 0.5000 -0.8389
vn 0.4429 0.5586 -0.7012
vn -0.8543 0.3295 -0.4021
vn -0.7168 0.5253 -0.4586
vn -0.7101 0.5226 -0.4718
vn -0.3484 0.6266 -0.6971
vn 0.4477 0.7731 -0.4493
vn -0.3039 0.7786 -0.5490
vn 0.9576 0.2881 -0.0087
vn -0.9646 0.2636 -0.0068
vn 0.9291 0.3696 -0.0130
vn 0.8452 0.5298 0.0705
vn -0.7215 0.6698 -0.1753
vn 0.2628 0.9376 -0.2278
vn 0.9841 0.0984 0.1476
vn 0.9088 0.1987 0.3670
vn -0.9290 0.2378 0.2835
vn 0.8164 0.4563 0.3540
vn -0.8704 0.4838 0.0910
vn -0.8563 0.3984 0.3287
vn 0.6625 0.5614 0.4959
vn 0.2918 0.6866 0.6659
vn -0.3284 0.7883 0.5204
vn -0.5056 0.7019 0.5018
vn -0.7409 -0.2727 0.6138
vn -0.2518 -0.2076 0.9453
vn 0.9620 0.1530 0.2260
vn 0.2950 -0.0436 0.9545
vn -0.0943 -0.1876 0.9777
vn 0.1385 -0.2373 0.9615
vn 0.0541 -0.2062 0.9770
vn 0.6027 0.1844 0.7763
vn 0.3814 -0.3006 0.8742
vn 0.6394 0.2734 0.7186
vn 0.1819 0.0301 0.9828
vn -0.2747 -0.2996 0.9137
vn -0.6590 0.3109 0.6848
vn -0.6533 0.2239 0.7232
vn 0.4755 0.4765 0.7395
vn 0.2586 0.2823 0.9238
vn -0.2753 0.4342 0.8577
vn 0.0240 0.4822 0.8758
vn -0.2668 -0.2133 0.9399
vn -0.2705 -0.1084 0.9566
vn 0.6243 0.1051 0.7741
vn -0.4618 0.0371 0.8862
vn -0.8744 0.4654 -0.1372
vn -0.8823 0.4535 -0.1261
vn -0.9430 0.2496 -0.2199
vn -0.9628 -0.0759 -0.2593
vn 0.0288 0.9977 -0.0615
vn -0.8235 0.4233 -0.3778
vn -0.9540 -0.1811 -0.2388
vn -0.9666 0.2226 -0.1271
vn -0.9761 0.0688 -0.2063
vn -0.9622 -0.1610 -0.2194
vn -0.8771 0.4802 0.0122
vn -0.8745 0.4435 0.1964
vn -0.9798 -0.1794 0.0882
vn -0.9815 -0.1914 0.0104
vn -0.0051 0.8905 0.4549
vn -0.9991 -0.0041 0.0428
vn -0.9948 0.0248 0.0992
vn -0.9985 0.0131 0.0523
vn -0.8945 0.4464 -0.0255
vn -0.7660 0.3928 0.5089
vn -0.9170 -0.0642 0.3936
vn -0.5342 0.1536 0.8313
vn 0.6574 0.2230 0.7198
vn -0.9769 -0.2137 0.0005
vn -0.9232 0.1047 -0.3697
vn -0.9293 0.3694 0.0068
vn -0.3642 -0.2540 0.8960
vn -0.4564 0.5138 0.7264
vn 0.3517 -0.2115 0.9119
vn -0.8154 0.1266 0.5648
vn 0.7641 -0.1338 0.6311
vn -0.0357 -0.1618 0.9862
vn -0.8408 -0.2486 0.4809
vn 0.8971 -0.2204 0.3828
vn -0.9398 0.1084 0.3242
vn 0.2150 -0.2372 0.9474
vn -0.9454 -0.3249 0.0260
vn -0.9669 0.0196 -0.2543
vn -0.9527 0.2934 0.0797
vn -0.7464 0.6104 0.2651
vn -0.3869 0.7241 0.5709
vn -0.1409 0.6502 0.7466
vn -0.1631 0.7531 0.6373
vn -0.1543 0.7385 0.6564
vn -0.1650 0.7625 0.6256
vn 0.6609 -0.3457 0.6661
vn -0.4691 -0.2807 0.8374
vn -0.2297 -0.3003 0.9258
vn 0.3243 -0.2421 0.9145
vn -0.9498 -0.2662 0.1644
vn -0.9880 -0.0466 0.1469
vn -0.9838 -0.0206 0.1783
vn 0.0015 0.7713 0.6365
vn 0.5182 -0.0967 0.8498
vn -0.7142 -0.3159 0.6246
vn 0.8045 -0.3630 0.4702
vn -0.0044 0.8489 0.5286
vn -0.8201 -0.4018 0.4074
vn -0.8959 -0.1721 0.4095
vn -0.8742 -0.0329 0.4845
vn -0.6844 -0.2540 0.6835
vn -0.8701 0.1917 0.4541
vn -0.0407 -0.3763 0.9256
vn 0.6180 -0.7537 0.2237
vn 0.6174 -0.7517 0.2319
vn 0.6873 -0.5539 0.4699
vn -0.6390 0.0440 0.7680
vn -0.6899 0.3070 0.6556
vn -0.5520 0.5143 0.6564
vn -0.0294 0.7663 0.6418
vn -0.1369 0.7921 0.5948
vn -0.3056 0.6945 0.6513
vn 0.3694 -0.1483 0.9174
vn -0.4693 -0.0817 0.8792
vn -0.1887 -0.3998 0.8970
vn -0.7389 0.1223 0.6626
vn -0.7533 0.0869 0.6520
vn -0.6259 0.1712 0.7609
vn 0.1223 -0.9650 0.2318
vn -0.2922 -0.3954 0.8708
vn -0.5815 0.2878 0.7610
vn -0.1157 0.6845 0.7198
vn -0.8316 0.0710 0.5509
vn -0.8419 0.1441 0.5200
vn -0.7479 0.3633 0.5555
vn -0.1923 -0.3900 0.9005
vn -0.4178 -0.2697 0.8676
vn -0.5262 0.1429 0.8383
vn -0.0348 -0.5919 0.8052
vn -0.3521 -0.4907 0.7970
vn -0.3979 -0.4518 0.7985
vn 0.1140 -0.9710 0.2104
vn 0.0639 -0.8430 0.5342
vn -0.2753 -0.5593 0.7819
vn -0.4235 -0.1126 0.8989
vn -0.4302 0.1380 0.8921
vn -0.3668 0.4760 0.7993
vn -0.3928 0.1872 0.9004
vn -0.2360 0.6773 0.6968
vn -0.4651 0.2568 0.8472
vn -0.1445 -0.5159 0.8444
vn 0.6403 -0.0791 0.7641
vn -0.8758 -0.0421 0.4809
vn -0.1926 0.0738 0.9785
vn -0.4122 -0.2075 0.8872
vn -0.0305 0.1224 0.9920
vn -0.3387 0.1934 0.9208
vn -0.2292 -0.9313 0.2831
vn 0.0716 -0.9856 0.1531
vn -0.3207 -0.2424 0.9157
vn -0.1792 0.3031 0.9360
vn -0.1728 0.3733 0.9115
vn -0.7883 0.1577 0.5947
vn -0.8311 0.1534 0.5345
vn -0.6182 -0.1376 0.7739
vn 0.0910 0.1524 0.9841
vn -0.1666 -0.0620 0.9841
vn -0.2622 0.0248 0.9647
vn -0.1580 -0.4998 0.8516
vn -0.1892 -0.4597 0.8677
vn -0.3465 -0.0127 0.9380
vn -0.2696 0.1820 0.9456
vn 0.0325 -0.7705 0.6366
vn 0.2344 -0.9199 0.3145
vn -0.0984 0.8573 0.5053
vn 0.1982 -0.1451 0.9694
vn -0.8884 0.3925 0.2379
vn -0.8996 -0.0141 0.4364
vn -0.1031 0.8524 0.5126
vn 0.7334 0.3872 -0.5587
vn 0.2375 0.4597 -0.8557
vn -0.0246 0.4638 -0.8856
vn -0.2032 0.6175 -0.7599
vn 0.2234 0.5340 -0.8154
vn 0.9729 0.1636 -0.1633
vn -0.9616 0.2369 -0.1389
vn 0.8979 0.3180 -0.3045
vn -0.9258 0.3154 -0.2084
vn -0.7643 0.5091 -0.3958
vn -0.7887 0.5365 -0.3002
vn 0.2497 0.8228 -0.5105
vn -0.0579 0.7809 -0.6219
vn -0.5398 0.7901 -0.2906
vn 0.9013 0.4318 0.0339
vn -0.9845 0.1687 -0.0488
vn 0.9532 0.3014 0.0221
vn 0.9648 0.2434 0.0999
vn -0.9520 0.3057 -0.0178
vn -0.9343 0.3544 0.0396
vn 0.8573 0.5106 0.0660
vn 0.7870 0.6126 -0.0727
vn 0.5827 0.8114 0.0466
vn -0.4165 0.8935 -0.1681
vn -0.4773 0.8349 -0.2739
vn -0.1991 0.9541 -0.2239
vn 0.9852 0.1467 0.0892
vn -0.8894 0.3750 0.2616
vn -0.8637 0.4169 0.2832
vn 0.8589 0.4847 0.1652
vn -0.8056 0.5431 0.2369
vn 0.3337 0.9123 0.2372
vn -0.8875 -0.0508 0.4580
vn 0.8736 0.0569 0.4834
vn 0.7677 0.0324 0.6400
vn -0.0381 -0.2013 0.9788
vn -0.8543 0.1036 0.5094
vn -0.7716 0.0397 0.6349
vn -0.9548 0.1033 0.2787
vn -0.6899 -0.3204 0.6491
vn 0.3703 0.4753 0.7981
vn 0.2298 -0.1640 0.9593
vn -0.1664 -0.1620 0.9727
vn -0.0787 -0.1092 0.9909
vn 0.0124 -0.0949 0.9954
vn -0.3629 -0.0823 0.9282
vn 0.7980 0.2993 0.5231
vn -0.6888 -0.3212 0.6499
vn -0.0058 -0.0426 0.9991
vn -0.1566 0.0129 0.9876
vn -0.2479 0.6431 0.7246
vn 0.1369 0.7115 0.6892
vn -0.4329 0.3512 0.8302
vn -0.2222 -0.0453 0.9740
vn -0.2441 -0.1663 0.9554
vn 0.3252 0.0581 0.9439
vn 0.5581 -0.1755 -0.8110
vn 0.7482 -0.0043 -0.6635
vn 0.0553 -0.9787 0.1977
vn 0.4521 -0.3162 -0.8340
vn 0.3626 -0.5564 -0.7476
vn 0.2637 -0.8754 -0.4050
vn -0.1222 -0.5661 -0.8152
vn -0.1436 -0.8148 -0.5616
vn -0.0681 -0.8126 -0.5789
vn 0.0453 -0.9787 -0.2002
vn 0.4799 -0.3168 -0.8181
vn 0.3772 -0.1342 -0.9163
vn 0.1624 -0.3985 -0.9027
vn 0.4092 -0.3363 -0.8482
vn 0.4795 -0.2838 -0.8304
vn 0.2321 0.2611 -0.9370
vn 0.0845 0.3093 -0.9472
vn 0.4094 -0.3436 -0.8452
vn 0.5002 -0.3696 -0.7831
vn 0.6337 0.2074 -0.7453
vn 0.4250 0.3799 -0.8216
vn 0.2018 0.4581 -0.8657
vn 0.0866 0.4318 -0.8978
vn 0.1766 0.4348 -0.8830
vn 0.4441 -0.4732 -0.7608
vn 0.6787 0.2464 -0.6918
vn 0.3684 0.4798 -0.7963
vn 0.4785 0.4302 -0.7655
vn 0.3630 -0.7351 -0.5726
vn 0.4443 -0.6742 -0.5899
vn 0.7806 0.1537 -0.6059
vn 0.7194 0.4057 -0.5638
vn 0.6930 0.4188 -0.5868
vn 0.6113 -0.5611 -0.5581
vn 0.6693 -0.5494 -0.5003
vn 0.5101 -0.6636 -0.5472
vn 0.9045 -0.1821 -0.3857
vn 0.8164 0.0170 -0.5772
vn 0.8189 0.1311 -0.5588
vn 0.8387 0.3098 -0.4478
vn -0.3350 -0.1137 -0.9353
vn -0.3434 -0.1232 -0.9311
vn -0.5045 0.0277 -0.8630
vn -0.4737 -0.1270 -0.8715
vn -0.7144 0.0641 -0.6968
vn -0.5872 0.0827 -0.8052
vn -0.7096 0.0694 -0.7012
vn -0.3931 -0.3237 -0.8606
vn -0.0261 -0.4376 -0.8988
vn -0.6623 -0.0593 -0.7469
vn 0.4556 -0.6410 -0.6177
vn 0.0333 -0.5306 -0.8470
vn -0.4071 -0.3333 -0.8504
vn -0.6551 -0.2467 -0.7142
vn -0.6720 -0.2362 -0.7019
vn -0.3143 -0.9441 -0.0991
vn 0.0760 -0.9437 -0.3219
vn -0.8457 0.0960 -0.5249
vn -0.8524 0.0768 -0.5173
vn 0.0048 -0.2849 -0.9585
vn 0.0089 -0.2770 -0.9608
vn -0.1606 -0.1255 -0.9790
vn -0.2186 -0.3311 -0.9179
vn -0.3982 -0.2740 -0.8754
vn -0.4216 -0.2781 -0.8631
vn -0.4794 -0.1201 -0.8693
vn -0.3337 0.1562 -0.9297
vn -0.0118 0.1906 -0.9816
vn -0.3535 0.2794 -0.8927
vn -0.0002 -0.5878 -0.8090
vn -0.3480 -0.4550 -0.8197
vn -0.5796 0.3131 -0.7523
vn -0.5426 0.3429 -0.7668
vn -0.6115 -0.3412 -0.7139
vn -0.6882 -0.2122 -0.6938
vn -0.5939 0.1847 -0.7831
vn -0.5830 0.3191 -0.7472
vn -0.4400 0.3428 -0.8300
vn -0.1752 0.7614 -0.6241
vn -0.0946 -0.7074 -0.7005
vn -0.2602 -0.7390 -0.6214
vn -0.4953 -0.5093 -0.7038
vn -0.5570 -0.5674 -0.6065
vn -0.8686 0.1929 -0.4563
vn -0.7977 0.2001 -0.5689
vn -0.7303 0.2807 -0.6228
vn -0.1413 -0.1819 -0.9731
vn -0.7395 0.3243 -0.5899
vn 0.1791 -0.0290 -0.9834
vn -0.3562 0.1178 -0.9269
vn -0.2600 0.3444 -0.9021
vn -0.7153 0.3216 -0.6204
vn 0.1392 0.2184 -0.9659
vn -0.0920 0.4551 -0.8857
vn 0.0001 0.4311 -0.9023
vn -0.6510 0.2601 -0.7131
vn -0.3137 0.9229 -0.2232
vn -0.8468 -0.1999 -0.4929
vn -0.7933 0.2325 -0.5627
vn 0.0144 -0.5869 -0.8095
vn -0.2683 -0.5499 -0.7909
vn -0.2952 -0.6103 -0.7351
vn -0.3704 0.2887 -0.8829
vn 0.1014 -0.3341 -0.9371
vn -0.5278 0.5844 -0.6163
vn -0.3858 -0.7884 -0.4791
vn -0.3356 0.6322 -0.6984
vn -0.6822 -0.6411 -0.3514
vn 0.0459 0.0002 -0.9989
vn 0.1913 -0.0222 -0.9813
vn 0.2235 -0.0122 -0.9746
vn 0.0846 0.1287 -0.9881
vn 0.2464 0.1958 -0.9492
vn 0.1219 0.3663 -0.9225
vn 0.3526 0.0066 -0.9358
vn 0.4311 0.3744 -0.8210
vn 0.2213 0.3253 -0.9194
vn 0.1415 0.4368 -0.8884
vn 0.2466 0.4876 -0.8376
vn -0.0225 0.4908 -0.8710
vn 0.4790 -0.2019 -0.8543
vn 0.5673 0.0039 -0.8235
vn 0.4455 0.0445 -0.8942
vn 0.2561 0.6319 -0.7315
vn 0.2380 0.6543 -0.7178
vn 0.6592 0.3099 -0.6851
vn 0.6311 0.4446 -0.6356
vn 0.1043 0.7542 -0.6484
vn 0.7340 -0.1271 -0.6671
vn 0.8497 -0.0028 -0.5273
vn 0.8155 0.3102 -0.4887
vn 0.6111 0.5200 -0.5968
vn 0.3516 0.6907 -0.6320
vn 0.3029 0.7623 -0.5720
vn 0.8145 0.3187 -0.4847
vn 0.4898 0.7442 -0.4541
vn 0.2479 0.8290 -0.5014
vn 0.0900 0.8816 -0.4634
vn 0.0896 0.8815 -0.4636
vn 0.1040 0.8758 -0.4713
vn 0.8933 -0.0359 -0.4479
vn 0.8824 0.2137 -0.4191
vn 0.8368 0.3704 -0.4033
vn 0.8509 0.3177 -0.4184
vn 0.7961 0.5372 -0.2787
vn 0.6344 0.6137 -0.4700
vn 0.7573 0.4553 -0.4681
vn -0.0558 0.9281 -0.3680
vn 0.0055 0.3801 -0.9249
vn -0.0169 0.3522 -0.9358
vn 0.9038 -0.1532 -0.3995
vn 0.8294 0.5071 -0.2346
vn 0.7878 0.5878 -0.1842
vn 0.7222 0.4867 -0.4915
vn -0.5001 0.3091 -0.8089
vn -0.6967 0.4732 -0.5391
vn 0.3465 0.3271 -0.8792
vn 0.7649 0.4098 -0.4970
vn 0.2200 0.4034 -0.8882
vn 0.2979 0.4544 -0.8395
vn -0.0683 0.3673 -0.9276
vn 0.0211 0.4409 -0.8973
vn -0.1038 0.4440 -0.8900
vn -0.1766 0.4935 -0.8516
vn -0.1158 0.0300 -0.9928
vn -0.1355 0.0536 -0.9893
vn -0.0577 0.1735 -0.9831
vn -0.1390 0.1277 -0.9820
vn -0.0390 0.3366 -0.9408
vn -0.0804 0.3150 -0.9457
vn -0.3724 0.0279 -0.9277
vn -0.2416 0.2301 -0.9427
vn -0.2351 0.2878 -0.9284
vn -0.2804 0.3083 -0.9090
vn -0.0996 0.4701 -0.8770
vn -0.2192 0.4621 -0.8593
vn 0.4423 0.5881 -0.6772
vn -0.1022 0.4721 -0.8756
vn -0.5620 0.0549 -0.8253
vn -0.5247 0.1070 -0.8445
vn -0.5606 0.2217 -0.7979
vn -0.1221 0.6744 -0.7282
vn -0.6642 0.2317 -0.7108
vn -0.4523 0.3751 -0.8092
vn -0.3609 0.5839 -0.7272
vn -0.4481 0.5038 -0.7385
vn -0.3531 0.5970 -0.7204
vn -0.1376 0.7735 -0.6187
vn -0.6206 0.5011 -0.6031
vn -0.2458 0.6762 -0.6945
vn -0.6263 0.5079 -0.5914
vn -0.2003 0.7930 -0.5753
vn -0.3525 0.7288 -0.5871
vn -0.2187 0.6879 -0.6921
vn 0.1113 0.8448 -0.5234
vn 0.1319 0.6902 -0.7115
vn -0.8697 0.0066 -0.4935
vn -0.8352 0.1406 -0.5316
vn -0.8173 0.2398 -0.5240
vn -0.3727 0.7910 -0.4851
vn -0.2601 0.8055 -0.5324
vn -0.8786 0.0209 -0.4770
vn -0.8842 0.0631 -0.4628
vn -0.5952 0.7456 -0.2997
vn -0.3191 0.8546 -0.4097
vn -0.0206 0.6280 -0.7780
vn -0.0885 0.3352 -0.9380
vn -0.9194 0.0946 -0.3819
vn -0.9213 0.2502 -0.2976
vn -0.8961 0.3134 -0.3142
vn -0.7987 0.5231 -0.2972
vn -0.7427 0.0571 -0.6672
vn -0.4674 0.2237 -0.8553
vn -0.5546 0.2254 -0.8010
vn -0.5843 0.2187 -0.7815
vn 0.2135 0.3446 -0.9142
vn 0.2251 0.3419 -0.9124
vn 0.0409 0.3324 -0.9423
vn 0.1143 0.4926 -0.8627
vn -0.0740 0.3787 -0.9225
vn 0.4610 -0.3743 -0.8046
vn 0.2474 -0.4852 -0.8387
vn -0.1397 -0.5787 -0.8035
vn 0.8628 -0.0119 -0.5055
vn -0.1061 -0.6193 -0.7780
vn -0.2824 -0.5892 -0.7571
vn -0.4742 -0.6892 -0.5479
vn 0.2417 -0.6838 -0.6885
vn 0.7930 -0.5406 -0.2809
vn 0.8478 -0.3727 -0.3772
vn -0.5230 -0.6940 -0.4948
vn 0.9687 -0.1135 -0.2208
vn 0.9684 -0.1528 -0.1970
vn 0.9958 0.0385 -0.0834
vn 0.9162 -0.3513 0.1928
vn -0.6293 -0.7744 0.0651
vn 0.9596 -0.2072 0.1905
vn -0.8050 -0.5927 0.0279
vn -0.8170 -0.4832 0.3146
vn -0.1405 -0.9734 0.1810
vn 0.8578 0.1929 0.4764
vn 0.6870 -0.4394 0.5788
vn 0.7995 -0.3163 0.5106
vn -0.6199 0.1818 0.7634
vn 0.0250 0.1288 0.9914
vn -0.0694 -0.8934 0.4439
vn 0.3463 -0.6421 0.6839
vn -0.4818 -0.6955 0.5330
vn -0.5971 -0.7056 0.3815
vn -0.7282 -0.6119 0.3087
vn 0.8781 -0.0723 0.4730
vn -0.5755 -0.5692 0.5872
vn 0.6540 -0.2237 0.7226
vn 0.7777 -0.0988 0.6208
vn 0.3027 -0.4310 0.8501
vn -0.3325 -0.5502 0.7660
vn -0.5416 -0.6029 0.5858
vn 0.4869 -0.2271 0.8434
vn 0.2967 -0.3095 0.9034
vn -0.1122 -0.4698 0.8756
vn -0.1138 -0.2628 0.9581
vn 0.2456 -0.1629 -0.9556
vn 0.8513 0.2363 -0.4684
vn 0.8491 0.1485 -0.5069
vn 0.4294 0.1834 -0.8843
vn 0.1923 0.0619 -0.9794
vn 0.7910 0.3972 -0.4653
vn 0.8023 0.1131 -0.5862
vn 0.6735 -0.6885 -0.2689
vn 0.8679 -0.4507 -0.2089
vn 0.9275 0.0178 -0.3735
vn 0.5378 -0.1643 -0.8269
vn 0.6337 0.3950 -0.6651
vn 0.3760 0.4348 -0.8183
vn 0.4199 0.5934 -0.6867
vn 0.6123 -0.7454 -0.2637
vn 0.9061 -0.2641 -0.3306
vn 0.3428 -0.8668 0.3622
vn 0.1723 -0.6802 -0.7125
vn 0.4183 -0.6632 -0.6207
vn 0.0947 -0.7349 -0.6716
vn -0.7683 -0.5928 -0.2414
vn 0.9192 0.3240 -0.2239
vn 0.6501 -0.5162 -0.5576
vn 0.8432 -0.5009 0.1954
vn 0.7823 0.4368 -0.4441
vn 0.8878 -0.1740 -0.4260
vn 0.6327 0.7244 -0.2739
vn 0.8342 -0.4200 -0.3573
vn 0.1813 -0.9216 -0.3431
vn 0.7831 -0.3023 0.5435
vn 0.7806 -0.3073 0.5443
vn 0.7696 0.3843 -0.5099
vn 0.6834 0.0566 -0.7278
vn -0.3197 -0.9435 -0.0877
vn 0.9559 0.0845 -0.2815
vn 0.9534 -0.0652 -0.2947
vn 0.8363 0.5068 -0.2092
vn 0.7614 0.6404 -0.1008
vn 0.7085 0.7051 0.0274
vn 0.8496 -0.4892 -0.1974
vn 0.8284 -0.5420 -0.1410
vn 0.9000 -0.3960 -0.1822
vn -0.0413 -0.9972 -0.0623
vn 0.9595 -0.2795 -0.0351
vn 0.7109 -0.6566 -0.2519
vn 0.9949 -0.0871 -0.0516
vn 0.8458 0.5146 0.1408
vn 0.6217 -0.7830 -0.0209
vn 0.9734 -0.0943 0.2088
vn 0.0585 -0.8722 0.4856
vn 0.5095 -0.5968 0.6199
vn 0.1873 -0.8884 0.4192
vn 0.8920 0.3922 0.2248
vn 0.8635 0.5020 -0.0495
vn 0.8479 -0.3840 -0.3655
vn -0.3816 -0.8210 0.4246
vn 0.5657 0.3365 0.7528
vn 0.0506 -0.1678 0.9845
vn 0.6443 -0.4183 -0.6402
vn 0.9413 -0.0908 0.3250
vn 0.8967 -0.0762 0.4361
vn 0.7773 -0.2763 0.5653
vn 0.7516 0.2829 0.5959
vn 0.6187 0.6309 0.4682
vn 0.8075 -0.5880 0.0463
vn 0.9247 -0.3797 -0.0286
vn 0.0116 -0.9999 0.0011
vn 0.8111 0.1029 0.5757
vn 0.5478 -0.3021 0.7802
vn 0.5599 -0.3611 0.7457
vn 0.2223 -0.2189 0.9501
vn -0.0635 -0.6100 0.7899
vn 0.4645 -0.3781 0.8008
vn 0.7379 0.2850 0.6117
vn 0.5678 0.0911 0.8181
vn 0.4045 0.4393 0.8021
vn 0.4664 0.4477 0.7629
vn 0.7668 -0.0384 0.6407
vn 0.6730 0.0500 0.7379
vn 0.2667 -0.0628 0.9617
vn -0.0085 -0.1415 0.9899
vn 0.0425 -0.1804 0.9827
vn 0.0850 0.0392 0.9956
vn 0.6346 0.2959 0.7140
vn 0.3119 0.3821 0.8699
vn 0.1654 0.2017 0.9654
vn 0.4685 -0.8384 0.2786
vn 0.5750 -0.8042 0.1507
vn 0.5526 -0.7692 0.3209
vn 0.4609 -0.8576 0.2284
vn 0.7109 -0.6083 0.3530
vn 0.7653 -0.5800 0.2789
vn 0.7072 -0.0557 0.7048
vn 0.6775 0.0787 0.7313
vn 0.6220 0.1885 0.7600
vn 0.6255 0.2490 0.7394
vn 0.2548 0.3452 0.9033
vn 0.2850 0.3136 0.9058
vn 0.3528 -0.7372 0.5762
vn 0.2475 -0.7955 0.5532
vn 0.1080 -0.0114 0.9941
vn 0.4690 -0.1223 0.8747
vn -0.4824 0.1514 0.8628
vn 0.4748 -0.0104 0.8800
vn 0.4636 0.0318 0.8855
vn 0.4093 0.0468 0.9112
vn 0.4520 0.5003 0.7385
vn 0.3734 0.1940 0.9072
vn -0.7975 0.3096 0.5178
vn -0.0085 0.3142 0.9493
vn -0.2924 0.0855 0.9525
vn -0.1176 0.1411 0.9830
vn 0.0959 -0.7558 0.6477
vn 0.2820 -0.8492 0.4464
vn 0.0845 -0.5275 0.8453
vn 0.4671 -0.0217 0.8840
vn 0.1000 -0.0984 0.9901
vn 0.3168 -0.9143 0.2525
vn 0.0523 -0.9030 0.4264
vn -0.0791 0.2323 0.9694
vn 0.5521 -0.8059 0.2140
vn 0.6513 -0.6473 -0.3961
vn 0.6799 -0.2554 0.6873
vn 0.1883 -0.1931 0.9630
vn 0.2281 -0.0931 0.9692
vn 0.4162 -0.8854 0.2069
vn 0.2951 0.5520 0.7799
vn 0.5429 -0.2873 0.7891
vn 0.1320 -0.9822 0.1339
vn 0.4748 -0.7243 0.5000
vn 0.5061 -0.4381 0.7429
vn 0.4658 0.0546 0.8832
vn 0.1447 -0.6683 0.7297
vn -0.7635 -0.2274 -0.6044
vn -0.8443 -0.1635 -0.5104
vn -0.2033 -0.9097 -0.3621
vn 0.3534 -0.8853 -0.3022
vn -0.8314 -0.0237 -0.5552
vn -0.9619 0.1561 -0.2246
vn 0.1556 -0.8762 -0.4562
vn -0.2440 -0.6681 -0.7029
vn -0.3977 -0.7730 -0.4942
vn 0.6046 -0.7136 -0.3539
vn -0.9198 -0.1425 -0.3656
vn -0.9590 -0.0721 -0.2739
vn -0.9702 0.1206 -0.2104
vn 0.4683 -0.8561 -0.2185
vn -0.9955 0.0917 -0.0252
vn 0.4044 -0.9079 -0.1103
vn 0.6855 -0.7276 -0.0263
vn -0.7698 -0.6294 0.1064
vn 0.7569 -0.6445 -0.1080
vn -0.9805 -0.1855 -0.0657
vn -0.8397 0.3054 -0.4491
vn -0.9830 0.0757 -0.1671
vn -0.9134 -0.3914 0.1114
vn 0.9172 -0.3705 0.1465
vn 0.7940 -0.0755 0.6032
vn 0.5776 0.7979 -0.1723
vn -0.8351 0.2959 0.4638
vn -0.8127 0.2348 0.5333
vn 0.1678 -0.9547 0.2457
vn 0.6016 -0.7925 0.1004
vn -0.8844 -0.3021 0.3559
vn -0.9407 -0.1621 0.2981
vn 0.1598 -0.9026 0.3996
vn 0.1365 -0.8989 0.4163
vn -0.2069 -0.9404 0.2698
vn 0.3221 0.0642 0.9445
vn 0.1129 -0.0484 0.9924
vn -0.3378 -0.8176 0.4663
vn -0.1875 -0.9504 0.2482
vn -0.8472 -0.1660 0.5047
vn -0.8149 -0.0121 0.5795
vn -0.5154 -0.5190 0.6819
vn 0.2548 -0.8583 0.4454
vn -0.6877 -0.2991 0.6615
vn -0.3343 -0.6648 0.6681
vn 0.3770 -0.7299 0.5702
vn -0.5673 -0.4095 0.7145
vn -0.0440 -0.4536 0.8901
vn -0.1821 -0.2970 0.9373
vn -0.1525 -0.2474 0.9568
vn -0.5994 -0.1149 0.7922
vn -0.8681 -0.1404 -0.4762
vn -0.0041 -0.8828 -0.4697
vn -0.2495 -0.8053 -0.5379
vn -0.5116 -0.7454 -0.4274
vn -0.2182 -0.5992 0.7703
vn -0.9914 -0.0803 -0.1030
vn -0.2212 -0.8105 -0.5423
vn -0.3088 -0.5965 -0.7408
vn -0.0243 -0.1372 -0.9902
vn -0.9773 -0.1074 0.1826
vn -0.6662 0.3614 -0.6523
vn -0.6993 0.1380 -0.7014
vn -0.7933 0.0116 -0.6087
vn -0.9315 0.0602 -0.3588
vn -0.7595 0.4712 -0.4485
vn -0.6160 0.6110 -0.4972
vn -0.6799 0.5863 -0.4405
vn -0.3747 0.7111 -0.5950
vn -0.5927 -0.7374 -0.3240
vn -0.5223 0.7596 -0.3875
vn -0.7496 -0.5989 -0.2819
vn -0.7890 -0.5427 -0.2880
vn -0.6009 -0.6352 -0.4853
vn -0.5614 -0.7224 0.4037
vn -0.9281 -0.3202 -0.1900
vn -0.8599 0.4832 -0.1646
vn -0.7816 0.5788 -0.2324
vn -0.7251 0.6880 -0.0289
vn -0.6406 -0.7464 -0.1803
vn -0.8269 -0.5031 -0.2513
vn -0.8511 -0.4542 -0.2634
vn 0.0895 -0.9825 -0.1632
vn -0.0343 -0.9986 0.0412
vn -0.6815 -0.7035 -0.2017
vn -0.9070 -0.4209 -0.0156
vn -0.9114 -0.4112 -0.0160
vn 0.1303 -0.8706 -0.4744
vn -0.8527 0.2596 -0.4533
vn -0.9190 -0.3444 -0.1920
vn -0.9565 -0.0214 0.2909
vn -0.9509 0.2917 0.1031
vn -0.8856 0.4645 -0.0025
vn -0.7229 0.6898 -0.0398
vn -0.7340 -0.6686 -0.1189
vn -0.9928 0.0814 0.0883
vn -0.9875 0.1573 0.0134
vn 0.0281 -0.9572 0.2882
vn 0.1115 -0.9505 0.2900
vn -0.8423 -0.5365 -0.0522
vn -0.5126 -0.3123 -0.7998
vn 0.2065 -0.9762 -0.0659
vn -0.2707 -0.9404 -0.2058
vn 0.1782 -0.8008 0.5718
vn 0.1812 -0.9669 0.1796
vn -0.3175 -0.8052 0.5008
vn -0.8880 -0.4119 0.2044
vn -0.7593 0.5923 0.2696
vn 0.4472 -0.8096 0.3801
vn -0.9951 0.0424 0.0895
vn -0.9521 -0.1584 0.2616
vn -0.8369 0.5220 0.1649
vn -0.7922 0.5952 0.1349
vn -0.6912 0.5549 0.4629
vn -0.6612 -0.7422 -0.1090
vn -0.9193 -0.3868 -0.0724
vn 0.0270 -0.8589 0.5114
vn -0.0521 -0.9644 -0.2594
vn -0.5056 -0.8279 0.2428
vn 0.1809 -0.4746 0.8614
vn 0.3466 -0.0693 0.9354
vn -0.9496 -0.2882 0.1232
vn -0.8275 0.2474 0.5040
vn -0.1558 -0.1295 0.9793
vn -0.4440 -0.6048 0.6611
vn -0.8477 -0.0985 0.5212
vn -0.7788 0.2531 0.5740
vn -0.5205 0.0498 0.8524
vn -0.7802 0.4162 0.4669
vn -0.5352 0.4016 0.7432
vn -0.5548 0.6024 0.5739
vn -0.5178 0.4230 0.7436
vn -0.9712 0.0854 0.2225
vn -0.0705 -0.5066 0.8593
vn 0.1423 -0.4486 0.8823
vn 0.2334 -0.4947 0.8371
vn -0.2954 -0.3075 0.9045
vn -0.0463 -0.3913 0.9191
vn -0.4756 0.2286 0.8495
vn -0.4006 0.1256 0.9076
vn -0.2541 0.0608 0.9653
vn 0.9088 -0.1726 -0.3799
vn -0.1598 -0.0356 0.9865
vn -0.3180 0.3349 0.8870
vn -0.4994 -0.8620 0.0869
vn -0.6373 -0.7672 0.0727
vn -0.6721 -0.7364 0.0772
vn -0.9493 0.0663 0.3072
vn -0.7902 0.0780 0.6079
vn -0.8234 -0.0115 0.5674
vn -0.4528 -0.8628 0.2249
vn -0.7760 -0.0367 0.6296
vn -0.6948 0.0773 0.7151
vn -0.5856 0.1158 0.8023
vn -0.3146 0.1043 0.9435
vn -0.2218 0.6652 0.7129
vn -0.3609 -0.8672 0.3430
vn -0.4996 -0.3918 0.7726
vn -0.0712 0.1938 0.9784
vn -0.0146 0.3808 0.9245
vn -0.1595 -0.2789 0.9470
vn -0.5329 -0.4398 0.7229
vn -0.3598 -0.0844 0.9292
vn 0.1043 -0.0819 0.9912
vn -0.1770 -0.0386 0.9834
vn -0.4984 -0.0216 0.8667
vn -0.2204 0.0465 0.9743
vn -0.3394 0.0942 0.9359
vn -0.2523 0.0856 0.9639
vn -0.3278 0.0520 0.9433
vn -0.0810 -0.8458 0.5272
vn -0.1454 -0.8067 0.5728
vn -0.3288 -0.8293 0.4519
vn -0.3417 -0.7152 0.6097
vn -0.1382 0.0922 0.9861
vn -0.0620 0.1969 0.9785
vn -0.1879 0.0405 0.9814
vn -0.3788 -0.2977 0.8763
vn -0.8680 -0.2660 0.4193
vn -0.7984 -0.3986 0.4514
vn -0.5378 -0.1477 0.8300
vn -0.4235 -0.0796 0.9024
vn -0.3493 -0.9363 0.0356
vn -0.2717 0.4203 0.8658
vn -0.5728 -0.1933 0.7966
vn -0.1420 -0.7142 0.6854
vn -0.1336 -0.9784 0.1577
vn -0.1116 -0.6446 0.7563
vn -0.1647 -0.5355 0.8283
vn -0.2757 -0.4821 0.8316
vn -0.1383 0.2928 0.9461
vn -0.4359 -0.6099 0.6619
vn -0.2707 -0.4290 0.8618
vn -0.3937 -0.1934 0.8987
vn -0.4163 -0.0633 0.9070
vn 0.9420 -0.0336 -0.3339
vn 0.9565 0.1519 -0.2491
vn 0.9778 0.1425 -0.1539
vn -0.8642 0.2315 -0.4467
vn 0.8891 -0.2920 -0.3525
vn 0.9141 0.0328 -0.4042
vn 0.9525 0.2405 -0.1870
vn 0.7821 0.6231 -0.0099
vn 0.9955 0.0366 0.0874
vn 0.9282 -0.2421 -0.2826
vn 0.9069 -0.2820 -0.3130
vn 0.9183 0.3909 -0.0629
vn 0.9963 0.0330 0.0792
vn 0.7815 0.6191 0.0779
vn 0.6870 -0.3925 0.6115
vn 0.9406 0.3318 -0.0717
vn 0.5450 -0.2898 0.7868
vn 0.3339 -0.2979 0.8943
vn 0.3412 -0.3220 0.8831
vn 0.3102 -0.3266 0.8928
vn 0.3956 0.7341 0.5519
vn -0.4318 -0.1654 0.8867
vn 0.4520 -0.2030 0.8686
vn 0.9243 -0.0711 0.3749
vn 0.1702 0.5615 0.8098
vn 0.7849 -0.1498 0.6013
vn 0.4692 -0.1803 0.8645
vn 0.3080 -0.3212 0.8955
vn -0.0317 -0.2194 0.9751
vn 0.9391 -0.3434 -0.0096
vn 0.9402 -0.3404 0.0153
vn 0.9955 0.0533 -0.0782
vn 0.9987 -0.0164 0.0477
vn 0.9708 0.2378 -0.0304
vn 0.6082 0.7305 0.3105
vn 0.4882 -0.1955 0.8506
vn 0.0501 -0.3738 0.9262
vn 0.1431 0.7465 0.6498
vn 0.4984 0.7910 0.3549
vn 0.8559 -0.3397 0.3898
vn 0.9117 -0.1382 0.3870
vn 0.9123 0.0968 0.3979
vn 0.1720 0.8519 0.4946
vn 0.0438 0.8470 0.5298
vn 0.2979 -0.2583 0.9190
vn 0.8596 -0.0931 0.5024
vn 0.5593 -0.2482 0.7909
vn -0.6033 -0.0365 0.7967
vn 0.8242 -0.0653 0.5625
vn 0.2196 -0.2914 0.9311
vn -0.5446 -0.3270 0.7723
vn 0.8389 0.0739 0.5393
vn 0.6547 -0.1035 0.7488
vn -0.3303 -0.3808 0.8637
vn -0.6523 -0.4386 0.6182
vn -0.5946 -0.7747 0.2152
vn 0.5585 0.1336 0.8187
vn 0.6532 0.4246 0.6270
vn 0.6142 0.5665 0.5494
vn 0.3393 0.6711 0.6592
vn 0.1712 0.6427 0.7467
vn 0.0444 0.8098 0.5850
vn 0.6732 -0.1024 0.7323
vn 0.6525 -0.1180 0.7485
vn 0.0463 -0.3566 0.9331
vn 0.1269 -0.4157 0.9006
vn -0.3409 -0.6688 0.6606
vn -0.5745 -0.6418 0.5079
vn 0.5075 -0.1134 0.8541
vn 0.2373 -0.2648 0.9347
vn -0.0408 -0.4716 0.8809
vn 0.3556 -0.3202 0.8781
vn 0.7470 0.3703 0.5521
vn -0.0336 -0.9809 0.1917
vn 0.5415 0.1400 0.8290
vn 0.4033 -0.0014 0.9151
vn 0.5245 0.3740 0.7649
vn 0.5720 0.3318 0.7501
vn 0.4070 0.5460 0.7323
vn 0.3349 0.2849 0.8981
vn 0.6451 0.1028 0.7572
vn 0.8410 -0.4439 0.3094
vn 0.9606 0.2462 0.1287
vn 0.7059 0.2446 0.6647
vn 0.6178 0.3467 0.7057
vn 0.4355 -0.5177 0.7364
vn -0.2263 -0.6778 0.6995
vn 0.0878 -0.8883 0.4507
vn 0.0878 -0.8821 0.4627
vn 0.2166 -0.8933 0.3937
vn 0.3331 -0.2969 0.8949
vn 0.4255 -0.0016 0.9050
vn 0.4584 0.3225 0.8282
vn 0.2486 0.5398 0.8043
vn 0.0999 0.6723 0.7335
vn 0.5288 -0.3847 0.7565
vn 0.3448 -0.7162 0.6068
vn 0.5327 0.0871 0.8418
vn -0.4697 -0.3890 0.7925
vn 0.7690 -0.0024 0.6393
vn -0.5052 -0.0041 0.8630
vn 0.6372 0.0444 0.7694
vn 0.4544 -0.3612 0.8143
vn 0.3675 -0.3665 0.8548
vn 0.3040 0.0765 0.9496
vn 0.2150 0.1143 0.9699
vn 0.0724 -0.8079 0.5848
vn 0.2093 -0.6167 0.7589
vn 0.4469 -0.2244 0.8660
vn 0.4080 0.0750 0.9099
vn 0.0173 0.6285 0.7776
vn -0.0248 0.4807 0.8765
vn 0.0157 0.6333 0.7738
vn 0.4492 -0.1559 0.8797
vn -0.0691 -0.3832 0.9211
vn 0.8365 0.1128 0.5362
vn 0.0776 -0.0809 0.9937
vn 0.1805 0.0258 0.9832
vn 0.0426 0.0017 0.9991
vn 0.2993 -0.2422 0.9229
vn 0.2469 0.3481 0.9044
vn 0.2049 0.2440 0.9479
vn 0.5132 -0.8501 0.1181
vn 0.9878 -0.0279 0.1532
vn 0.6696 0.3725 0.6425
vn 0.7298 0.4102 -0.5469
vn 0.6763 0.5081 -0.5333
vn -0.1805 0.5290 -0.8292
vn 0.1386 0.5709 -0.8092
vn 0.6712 0.6553 -0.3466
vn 0.2330 0.7445 -0.6256
vn 0.3555 0.7370 -0.5749
vn -0.4007 0.8337 -0.3799
vn 0.9838 0.1784 -0.0169
vn 0.9817 0.1887 -0.0254
vn 0.9542 0.2990 0.0077
vn -0.9372 0.3477 -0.0268
vn 0.7787 0.6266 -0.0305
vn -0.1530 0.9714 -0.1814
vn -0.7814 0.6234 -0.0293
vn 0.9070 0.1143 0.4052
vn 0.9380 0.2748 0.2114
vn 0.7822 0.4499 0.4311
vn 0.6918 0.7048 0.1573
vn 0.4849 0.5035 0.7151
vn 0.5302 0.8368 0.1368
vn -0.5188 0.6718 0.5287
vn 0.1018 0.6980 0.7088
vn 0.4479 -0.1202 0.8860
vn 0.9030 0.1192 0.4127
vn 0.4658 -0.0834 0.8809
vn 0.5291 -0.2446 0.8126
vn -0.6268 -0.1038 0.7722
vn 0.4586 0.6569 0.5985
vn 0.4546 -0.2764 0.8467
vn 0.4843 0.0762 0.8716
vn -0.2896 -0.3115 0.9050
vn 0.0533 -0.1918 0.9800
vn -0.9311 0.2666 0.2491
vn -0.3314 0.2982 0.8951
vn 0.2482 -0.0577 0.9670
vn -0.7674 0.4139 0.4896
vn -0.2966 -0.2080 0.9321
vn 0.3906 -0.0129 0.9205
vn -0.8377 -0.0654 0.5422
vn -0.4271 -0.0592 0.9023
vn 0.4587 -0.2788 0.8437
vn -0.0061 -0.1561 0.9877
vn -0.1640 -0.0532 0.9850
vn -0.1106 0.0558 0.9923
vn -0.9637 0.1812 -0.1959
vn -0.8275 -0.3737 -0.4189
vn 0.9044 0.1877 -0.3831
vn -0.9498 0.1424 -0.2786
vn -0.7086 0.2572 -0.6570
vn -0.9824 -0.0432 -0.1820
vn -0.9944 -0.0949 0.0460
vn 0.9730 0.1659 -0.1606
vn -0.4394 0.6399 -0.6304
vn -0.9740 0.0769 -0.2130
vn -0.9842 0.0138 -0.1763
vn -0.9879 0.0283 -0.1528
vn -0.9852 0.1614 0.0583
vn -0.3226 -0.7181 -0.6167
vn -0.9986 0.0126 0.0509
vn -0.9536 0.2998 -0.0261
vn -0.6747 -0.3117 0.6691
vn -0.9097 -0.0813 0.4071
vn -0.9810 -0.1909 0.0357
vn -0.5175 0.6497 0.5568
vn -0.4033 -0.2856 0.8694
vn -0.1394 0.9615 0.2370
vn -0.6360 -0.2696 0.7231
vn -0.7122 -0.2736 0.6464
vn 0.7217 -0.2328 0.6518
vn -0.9328 -0.2022 -0.2984
vn -0.9722 0.2290 0.0484
vn -0.9300 0.3671 0.0190
vn -0.8530 0.5049 0.1323
vn -0.4400 0.8039 0.4001
vn -0.6696 0.6781 0.3028
vn -0.6048 0.7616 0.2328
vn 0.0034 0.7757 0.6311
vn 0.3782 0.0906 0.9213
vn 0.4935 -0.1359 0.8590
vn 0.0543 0.7503 0.6588
vn 0.2913 -0.2812 0.9144
vn -0.2654 0.6180 0.7400
vn -0.5105 -0.2933 0.8083
vn -0.9046 0.2523 0.3437
vn -0.8715 0.4704 0.1384
vn -0.7710 0.5837 0.2547
vn -0.7014 0.6443 0.3048
vn -0.1676 0.9222 0.3486
vn -0.2449 0.8818 0.4031
vn 0.4426 0.0378 0.8959
vn -0.8278 -0.3511 0.4376
vn -0.8728 -0.0202 0.4876
vn -0.8539 0.2996 0.4255
vn -0.8288 0.4040 0.3871
vn -0.7542 0.4611 0.4675
vn -0.7696 0.4640 0.4386
vn -0.2046 0.7892 0.5791
vn -0.0470 0.8813 0.4702
vn -0.0381 0.8479 0.5288
vn 0.4715 0.1043 0.8757
vn 0.0400 -0.0701 0.9967
vn -0.0297 -0.3082 0.9508
vn -0.0051 -0.3310 0.9436
vn 0.6447 -0.1461 0.7503
vn -0.8143 0.1371 0.5640
vn 0.7393 -0.4104 0.5339
vn -0.0462 -0.3681 0.9286
vn -0.7552 -0.1055 0.6470
vn 0.4347 -0.3575 0.8266
vn 0.5307 -0.5288 0.6623
vn -0.6173 -0.0604 0.7844
vn 0.3272 -0.8968 0.2978
vn -0.7016 0.1497 0.6966
vn -0.6695 0.5407 0.5093
vn -0.4473 0.6417 0.6230
vn 0.0794 -0.0752 0.9940
vn -0.4756 -0.0841 0.8756
vn -0.6688 -0.1318 0.7317
vn -0.8269 0.0155 0.5621
vn -0.7199 0.1954 0.6660
vn 0.1729 -0.7681 0.6165
vn -0.1879 -0.3679 0.9107
vn -0.7103 0.1425 0.6893
vn -0.4156 -0.1071 0.9032
vn -0.5589 0.0342 0.8285
vn -0.5889 0.2796 0.7583
vn -0.2040 0.5823 0.7869
vn -0.5622 0.5082 0.6525
vn 0.0052 0.7518 0.6594
vn -0.3133 -0.7058 -0.6354
vn -0.5512 0.0558 0.8325
vn -0.0970 0.5387 0.8369
vn -0.9010 -0.1837 0.3930
vn -0.8688 -0.1819 0.4605
vn -0.9926 0.0748 -0.0954
vn -0.5112 -0.3486 0.7856
vn -0.4952 0.1155 0.8611
vn 0.0332 -0.8512 0.5238
vn -0.3504 -0.2301 0.9079
vn -0.1256 0.6571 0.7433
vn -0.2022 0.5863 0.7845
vn -0.4869 0.0338 0.8728
vn 0.3068 -0.5657 0.7654
vn -0.5924 -0.7090 0.3826
vn 0.5514 -0.2035 0.8090
vn 0.3842 -0.2766 0.8808
vn -0.3017 -0.2456 0.9212
vn -0.8364 -0.2248 0.5000
vn 0.3371 0.1236 0.9333
vn -0.4220 0.0785 0.9032
vn 0.3478 0.1735 0.9214
vn -0.4446 -0.3462 0.8261
vn -0.4196 0.3741 0.8270
vn -0.5023 0.3294 0.7995
vn -0.3010 -0.0878 0.9496
vn -0.4816 -0.1692 0.8599
vn -0.4372 -0.2077 0.8751
vn -0.0334 0.1185 0.9924
vn -0.0365 -0.7119 0.7013
vn -0.0952 -0.8347 0.5424
vn -0.4060 -0.5787 0.7073
vn 0.0337 -0.9931 0.1123
vn -0.0905 -0.0634 0.9939
vn -0.1608 -0.1756 0.9712
vn -0.2260 0.1764 0.9580
vn -0.3817 -0.3786 0.8432
vn -0.6094 0.0828 0.7885
vn -0.5663 0.0126 0.8241
vn -0.0945 0.0734 0.9928
vn -0.3529 0.0864 0.9317
vn -0.1599 -0.1360 0.9777
vn -0.3082 0.5556 0.7722
vn -0.5897 -0.7967 -0.1328
vn -0.2065 -0.8838 0.4199
vn -0.0701 0.0396 0.9968
vn -0.3496 -0.2445 0.9044
vn 0.7739 0.2947 -0.5605
vn -0.7348 0.3622 -0.5734
vn 0.7764 0.3993 -0.4876
vn 0.4302 0.4332 -0.7920
vn -0.3546 0.4024 -0.8440
vn -0.5484 0.4455 -0.7076
vn -0.5456 0.4419 -0.7121
vn -0.0698 0.7670 -0.6378
vn -0.1523 0.5566 -0.8167
vn -0.1629 0.5502 -0.8190
vn -0.9639 0.1510 -0.2195
vn -0.8697 0.3641 -0.3333
vn -0.7669 0.4739 -0.4327
vn 0.6279 0.6011 -0.4944
vn 0.3661 0.6494 -0.6665
vn -0.3481 0.6333 -0.6912
vn -0.9037 0.3995 0.1539
vn -0.9804 0.1832 0.0727
vn 0.9811 0.1847 0.0581
vn -0.9746 0.2158 -0.0596
vn -0.7157 0.6728 -0.1877
vn 0.5924 0.8047 -0.0397
vn 0.1042 0.8414 -0.5302
vn -0.9807 0.1820 0.0713
vn -0.8446 0.1312 0.5190
vn 0.9511 0.2467 0.1857
vn -0.8374 0.1967 0.5100
vn 0.8966 0.3259 0.2999
vn 0.6990 0.5883 0.4066
vn -0.5473 0.7761 0.3132
vn -0.6672 0.6127 0.4236
vn 0.9721 0.0617 0.2263
vn -0.6057 0.2494 0.7556
vn 0.8985 0.0071 0.4389
vn 0.7911 0.0447 0.6101
vn -0.4411 -0.0955 0.8924
vn 0.4892 0.4923 0.7200
vn -0.8734 0.3717 0.3147
vn 0.6937 0.1462 0.7053
vn -0.0676 -0.1484 0.9866
vn -0.5980 0.1806 0.7809
vn 0.6269 0.4301 0.6496
vn -0.9465 0.3220 0.0209
vn -0.4259 0.3155 0.8480
vn -0.5408 0.2776 0.7940
vn 0.6026 0.5039 0.6188
vn 0.3101 0.5441 0.7796
vn -0.1441 0.0727 0.9869
vn 0.2482 -0.1861 0.9507
vn 0.3273 -0.1209 0.9371
vn 0.7439 -0.0886 0.6624
vn -0.4809 -0.2570 0.8383
vn -0.5583 -0.0251 0.8293
vn 0.1151 -0.0913 0.9891
vn 0.2940 0.0917 0.9514
vn -0.3193 -0.1385 0.9375
vn -0.0758 -0.9896 -0.1225
vn -0.0550 -0.9877 -0.1463
vn -0.0020 -0.9869 -0.1616
vn -0.0023 -0.9867 -0.1627
vn -0.0025 -0.9862 -0.1653
vn -0.0016 -0.9870 -0.1609
vn -0.0022 -0.9876 -0.1572
vn -0.0036 -0.9868 -0.1618
vn -0.0075 -0.9875 -0.1575
vn -0.0036 -0.9896 -0.1440
vn -0.1042 -0.9678 -0.2293
vn -0.0133 -0.9879 -0.1544
vn 0.0795 -0.9942 -0.0721
vn 0.0407 -0.9765 -0.2117
vn -0.0074 -0.9841 -0.1775
vn -0.0215 -0.9905 -0.1358
vn 0.1273 -0.3667 -0.9216
vn 0.1232 -0.3828 -0.9156
vn 0.1066 -0.5039 -0.8572
vn 0.1739 -0.3300 -0.9278
vn 0.1135 -0.3917 -0.9130
vn 0.1230 -0.4068 -0.9052
vn 0.0833 0.2884 -0.9539
vn 0.1300 -0.3118 -0.9412
vn 0.3184 -0.0787 -0.9447
vn 0.3137 -0.0969 -0.9445
vn 0.3189 -0.0708 -0.9451
vn 0.2876 0.0376 -0.9570
vn 0.3185 -0.0725 -0.9451
vn -0.1549 0.0642 0.9858
vn -0.0454 0.2115 0.9763
vn -0.0130 0.2594 0.9657
vn -0.1574 0.1720 0.9724
vn 0.3169 -0.0557 0.9468
vn 0.3437 0.2418 0.9074
vn 0.8938 -0.0830 0.4406
vn -0.6394 0.1826 0.7469
vn -0.0222 0.2030 0.9789
vn 0.0148 0.4605 0.8875
vn -0.3744 -0.5964 0.7100
vn 0.1506 -0.1188 0.9814
vn 0.0752 -0.5372 0.8401
vn 0.0886 -0.5704 0.8165
vn -0.3938 0.5881 0.7065
vn 0.7296 -0.6485 0.2172
vn 0.9080 0.4175 -0.0364
vn 0.9472 0.3078 0.0896
vn -0.1914 0.8629 0.4678
vn -0.9787 0.0134 0.2049
vn -0.9018 -0.3446 0.2609
vn -0.2979 -0.9145 -0.2737
vn -0.1043 -0.8017 -0.5886
vn 0.8975 -0.2045 -0.3907
vn 0.3080 -0.1387 -0.9412
vn -0.9030 -0.1763 -0.3918
vn 0.9283 -0.2805 0.2442
vn 0.9385 -0.2382 0.2498
vn 0.3233 -0.5302 0.7838
vn 0.2986 -0.9425 -0.1499
vn -0.3207 -0.5353 0.7814
vn -0.9318 -0.2870 0.2223
vn -0.9300 -0.2934 0.2215
vn 0.9011 -0.1830 -0.3931
vn -0.2986 -0.9425 -0.1499
vn -0.3072 -0.1349 -0.9420
vn -0.9022 -0.1817 -0.3912
vn 0.3938 0.5881 0.7065
vn -0.0886 -0.5705 0.8165
vn -0.1506 -0.1188 0.9814
vn -0.0752 -0.5372 0.8401
vn 0.1914 0.8629 0.4678
vn -0.9472 0.3078 0.0896
vn -0.9080 0.4175 -0.0364
vn -0.7296 -0.6485 0.2172
vn 0.1043 -0.8017 -0.5886
vn 0.2980 -0.9145 -0.2736
vn 0.9018 -0.3446 0.2609
vn 0.9787 0.0134 0.2049
vn 0.4202 -0.5756 0.7015
vn 0.6437 0.7379 0.2028
vn 0.8530 0.4247 -0.3033
vn -0.9589 0.0527 0.2787
vn -0.8002 -0.5649 0.2013
vn -0.3479 -0.4116 0.8424
vn -0.2628 0.7312 0.6294
vn -0.3678 0.8696 -0.3295
vn 0.8664 -0.4395 0.2369
vn 0.9554 0.0434 0.2923
vn -0.8531 0.4245 -0.3034
vn -0.6635 0.7275 0.1747
vn 0.2911 0.8209 0.4913
vn 0.3725 0.8627 -0.3419
vn 0.0849 -0.6436 -0.7607
vn 0.3164 -0.3776 -0.8702
vn -0.3164 -0.3776 -0.8702
vn -0.0849 -0.6436 -0.7607
vn -0.9451 -0.1035 -0.3100
vn -0.9785 0.0371 -0.2030
vn 0.6986 0.6983 -0.1558
vn -0.1105 0.8302 0.5464
vn -0.1197 0.7900 0.6013
vn -0.6520 0.7581 -0.0112
vn -0.1177 0.9928 -0.0215
vn -0.5441 0.7817 -0.3049
vn 0.5465 0.7799 -0.3052
vn 0.1147 0.9933 -0.0116
vn 0.6293 0.7771 0.0081
vn 0.9646 -0.0380 -0.2610
vn 0.9451 -0.1035 -0.3100
vn 0.3679 -0.7334 -0.5716
vn -0.5388 -0.4562 -0.7082
vn -0.3679 -0.7334 -0.5716
vn 0.5052 0.8506 -0.1454
vn 0.5391 -0.4556 -0.7084
vn 0.0197 -0.7858 -0.6181
vn -0.7844 0.3298 0.5253
vn -0.6378 0.4709 0.6096
vn -0.6978 0.2568 0.6687
vn -0.2771 0.0964 0.9560
vn -0.6767 0.5621 0.4755
vn 0.1457 0.9062 0.3970
vn -0.5027 -0.6016 0.6207
vn -0.3179 0.3491 0.8815
vn -0.4544 0.2692 0.8491
vn -0.1460 -0.9681 0.2036
vn -0.2464 0.3222 0.9140
vn 0.1666 0.6907 0.7037
vn 0.2417 0.6408 0.7286
vn 0.5040 0.1287 0.8541
vn 0.4017 -0.1886 0.8961
vn 0.4502 -0.4175 0.7893
vn -0.6413 -0.3731 0.6704
vn -0.4991 -0.5165 0.6958
vn 0.1497 -0.9717 0.1825
vn 0.3959 -0.2330 0.8882
vn 0.4808 -0.5981 0.6412
vn 0.8539 -0.5192 -0.0346
vn 0.1958 -0.9437 0.2667
vn 0.6890 0.4212 0.5898
vn 0.2136 -0.3844 0.8981
vn -0.5768 -0.4890 0.6543
vn -0.9702 0.1025 0.2195
vn -0.5483 -0.4566 0.7007
vn -0.5040 0.1287 0.8541
vn 0.7521 0.4885 0.4424
vn 0.5942 -0.7849 -0.1757
vn -0.5910 -0.7897 -0.1647
vn -0.6650 -0.7190 -0.2021
vn 0.2717 -0.7427 0.6120
vn -0.2748 -0.7291 0.6269
vn -0.3929 -0.7519 0.5294
vn -0.4292 -0.7867 0.4437
vn -0.7349 -0.6466 0.2044
vn -0.8648 -0.4400 0.2421
vn -0.8541 -0.2986 0.4258
vn -0.9039 -0.0434 0.4256
vn -0.6213 0.4480 0.6428
vn -0.7729 -0.0903 0.6281
vn -0.4532 -0.4079 0.7926
vn -0.3891 -0.1173 0.9137
vn -0.2860 0.5884 0.7563
vn 0.0103 0.9849 0.1728
vn -0.0002 0.9786 0.2058
vn 0.4281 0.8913 0.1493
vn 0.2069 -0.7206 0.6618
vn 0.3369 -0.8819 0.3298
vn 0.5757 0.7251 0.3778
vn 0.9485 0.1338 0.2870
vn 0.7916 0.3852 0.4744
vn 0.9457 0.3249 -0.0002
vn 0.8976 -0.1216 0.4236
vn 0.8589 -0.4070 0.3110
vn 0.7442 -0.5410 0.3918
vn 0.6688 -0.7067 0.2309
vn 0.5342 -0.5150 0.6704
vn 0.5480 -0.5324 0.6452
vn -0.3063 -0.1891 0.9330
vn -0.2112 -0.4502 0.8676
vn -0.2565 -0.5034 0.8251
vn 0.2565 -0.5034 0.8251
vn 0.2112 -0.4501 0.8676
vn 0.7047 0.2559 0.6617
vn 0.6325 0.4637 0.6204
vn 0.9702 0.1025 0.2195
vn 0.6307 0.0372 0.7751
vn 0.5939 0.2862 0.7519
vn 0.4769 0.2546 0.8413
vn 0.2896 -0.2418 0.9261
vn -0.2136 -0.3844 0.8981
vn 0.5483 -0.4566 0.7007
vn 0.5768 -0.4890 0.6543
vn 0.4544 0.2692 0.8491
vn -0.8395 -0.5417 -0.0425
vn -0.7576 0.6157 0.2168
vn -0.1969 -0.9429 0.2686
vn 0.4488 -0.8922 0.0498
vn -0.2045 0.5925 0.7792
vn -0.3049 0.8078 0.5045
vn 0.0003 0.1632 -0.9866
vn -0.0003 0.1645 -0.9864
vn 0.0620 0.1789 -0.9819
vn 0.0087 0.1695 -0.9855
vn -0.0021 0.1569 -0.9876
vn 0.0115 0.1632 -0.9865
vn -0.0722 0.1864 -0.9798
vn 0.0089 0.1558 -0.9878
vn -0.0018 0.1540 -0.9881
vn -0.0050 0.1571 -0.9876
vn 0.0051 0.1606 -0.9870
vn -0.0098 0.1631 -0.9866
vn -0.0195 0.1650 -0.9861
vn -0.0146 0.1650 -0.9862
vn 0.1560 0.1641 -0.9740
vn -0.0024 0.1578 -0.9875
vn -0.0049 0.1575 -0.9875
vn -0.0171 0.1596 -0.9870
vn 0.3013 -0.9456 -0.1226
vn -0.6937 -0.7161 -0.0775
vn -0.3023 -0.9506 0.0697
vn -0.3335 -0.9412 -0.0539
vn 0.6144 -0.7853 -0.0767
vn 0.2619 -0.9649 -0.0198
s 0
f 9//1 8//1 14//1
f 4//2 5//2 6//2
f 7//3 13//3 8//3
f 7//4 11//4 13//4
f 1//5 3//5 7//5
f 10//6 3//6 2//6
f 8//7 13//7 14//7
f 5//8 14//8 15//8
f 10//9 261//9 3//9
f 7//10 12//10 11//10
f 21//11 17//11 19//11
f 17//12 21//12 20//12
f 146//13 24//13 19//13
f 19//14 24//14 21//14
f 85//15 19//15 17//15
f 20//16 22//16 32//16
f 20//17 33//17 88//17
f 154//18 26//18 25//18
f 18//19 25//19 23//19
f 37//20 28//20 29//20
f 32//21 22//21 31//21
f 33//22 32//22 43//22
f 20//23 32//23 33//23
f 23//24 25//24 34//24
f 25//25 35//25 34//25
f 23//26 34//26 22//26
f 37//27 36//27 28//27
f 38//28 37//28 39//28
f 40//29 29//29 30//29
f 43//30 42//30 108//30
f 32//31 31//31 50//31
f 42//32 32//32 50//32
f 43//33 32//33 42//33
f 34//34 35//34 44//34
f 34//35 44//35 31//35
f 45//36 52//36 26//36
f 26//37 52//37 35//37
f 45//38 26//38 154//38
f 36//39 46//39 2//39
f 47//40 46//40 36//40
f 48//41 37//41 38//41
f 108//42 42//42 41//42
f 52//43 44//43 35//43
f 57//44 52//44 45//44
f 53//45 47//45 48//45
f 48//46 54//46 53//46
f 48//47 38//47 49//47
f 49//48 38//48 50//48
f 50//49 51//49 49//49
f 54//50 314//50 53//50
f 49//51 51//51 55//51
f 55//52 51//52 56//52
f 52//53 57//53 60//53
f 61//54 65//54 66//54
f 74//55 68//55 67//55
f 65//56 63//56 69//56
f 74//57 67//57 77//57
f 69//58 73//58 75//58
f 79//59 72//59 77//59
f 79//60 80//60 72//60
f 78//61 67//61 81//61
f 259//62 67//62 68//62
f 85//63 17//63 20//63
f 86//64 84//64 90//64
f 86//65 90//65 87//65
f 97//66 89//66 88//66
f 84//67 88//67 89//67
f 92//68 62//68 61//68
f 94//69 92//69 61//69
f 27//70 94//70 30//70
f 30//71 94//71 96//71
f 94//72 95//72 96//72
f 97//73 43//73 98//73
f 97//74 88//74 33//74
f 97//75 98//75 89//75
f 89//76 99//76 91//76
f 93//77 61//77 66//77
f 96//78 40//78 30//78
f 40//79 96//79 102//79
f 96//80 95//80 101//80
f 41//81 40//81 102//81
f 98//82 43//82 108//82
f 99//83 98//83 103//83
f 99//84 104//84 105//84
f 100//85 93//85 71//85
f 102//86 96//86 107//86
f 108//87 41//87 102//87
f 98//88 107//88 118//88
f 105//89 104//89 119//89
f 112//90 110//90 125//90
f 112//91 125//91 111//91
f 106//92 100//92 115//92
f 115//93 112//93 116//93
f 116//94 112//94 111//94
f 113//95 116//95 111//95
f 106//96 115//96 117//96
f 134//97 118//97 117//97
f 103//98 118//98 119//98
f 105//99 119//99 120//99
f 121//100 105//100 120//100
f 215//101 105//101 122//101
f 70//102 83//102 123//102
f 109//103 123//103 125//103
f 125//104 127//104 126//104
f 126//105 131//105 114//105
f 126//106 129//106 131//106
f 114//107 111//107 126//107
f 132//108 113//108 114//108
f 133//109 113//109 132//109
f 135//110 134//110 117//110
f 136//111 135//111 133//111
f 134//112 135//112 137//112
f 118//113 134//113 137//113
f 119//114 137//114 522//114
f 122//115 105//115 121//115
f 139//116 19//116 141//116
f 142//117 140//117 139//117
f 142//118 139//118 141//118
f 145//119 142//119 144//119
f 147//120 146//120 140//120
f 140//121 148//121 147//121
f 143//122 149//122 140//122
f 148//123 140//123 149//123
f 157//124 149//124 150//124
f 148//125 155//125 18//125
f 155//126 148//126 156//126
f 156//127 148//127 149//127
f 156//128 149//128 157//128
f 158//129 157//129 150//129
f 158//130 150//130 151//130
f 159//131 158//131 151//131
f 161//132 160//132 212//132
f 166//133 155//133 156//133
f 162//134 166//134 156//134
f 162//135 157//135 158//135
f 168//136 158//136 163//136
f 163//137 159//137 151//137
f 163//138 151//138 164//138
f 165//139 164//139 160//139
f 165//140 160//140 161//140
f 168//141 162//141 158//141
f 167//142 162//142 168//142
f 176//143 167//143 168//143
f 169//144 168//144 163//144
f 171//145 170//145 164//145
f 171//146 165//146 220//146
f 172//147 45//147 166//147
f 179//148 178//148 170//148
f 179//149 170//149 182//149
f 183//150 182//150 173//150
f 184//151 173//151 181//151
f 185//152 184//152 181//152
f 317//153 58//153 45//153
f 186//154 172//154 187//154
f 188//155 186//155 187//155
f 175//156 188//156 187//156
f 176//157 188//157 175//157
f 177//158 189//158 176//158
f 639//159 177//159 178//159
f 180//160 190//160 639//160
f 190//161 180//161 179//161
f 190//162 179//162 191//162
f 192//163 193//163 185//163
f 194//164 182//164 183//164
f 193//165 195//165 185//165
f 195//166 183//166 185//166
f 86//167 87//167 202//167
f 203//168 201//168 204//168
f 201//169 202//169 204//169
f 209//170 203//170 204//170
f 200//171 198//171 199//171
f 205//172 145//172 200//172
f 211//173 199//173 209//173
f 209//174 204//174 208//174
f 211//175 209//175 210//175
f 206//176 199//176 211//176
f 152//177 153//177 212//177
f 212//178 160//178 152//178
f 212//179 153//179 206//179
f 202//180 91//180 214//180
f 214//181 91//181 215//181
f 214//182 215//182 207//182
f 216//183 209//183 208//183
f 217//184 216//184 208//184
f 218//185 219//185 211//185
f 218//186 211//186 210//186
f 220//187 165//187 161//187
f 161//188 212//188 221//188
f 222//189 207//189 215//189
f 207//190 222//190 223//190
f 208//191 223//191 224//191
f 208//192 224//192 217//192
f 224//193 225//193 217//193
f 227//194 216//194 226//194
f 230//195 221//195 231//195
f 230//196 229//196 221//196
f 226//197 217//197 225//197
f 227//198 228//198 218//198
f 230//199 220//199 229//199
f 225//200 224//200 233//200
f 227//201 226//201 237//201
f 226//202 225//202 237//202
f 236//203 234//203 227//203
f 238//204 181//204 230//204
f 239//205 238//205 230//205
f 240//206 238//206 239//206
f 234//207 239//207 231//207
f 241//208 234//208 236//208
f 241//209 236//209 242//209
f 237//210 245//210 246//210
f 238//211 240//211 249//211
f 243//212 239//212 241//212
f 242//213 236//213 252//213
f 253//214 238//214 249//214
f 249//215 243//215 254//215
f 242//216 252//216 250//216
f 255//217 254//217 243//217
f 255//218 242//218 928//218
f 256//219 928//219 242//219
f 15//220 264//220 259//220
f 258//221 261//221 10//221
f 11//222 262//222 260//222
f 262//223 261//223 258//223
f 269//224 262//224 258//224
f 264//225 15//225 263//225
f 265//226 258//226 10//226
f 266//227 265//227 59//227
f 257//228 260//228 268//228
f 267//229 262//229 269//229
f 257//230 268//230 263//230
f 264//231 263//231 273//231
f 270//232 272//232 273//232
f 258//233 275//233 269//233
f 263//234 270//234 273//234
f 274//235 265//235 266//235
f 279//236 277//236 271//236
f 270//237 278//237 272//237
f 282//238 279//238 275//238
f 273//239 272//239 281//239
f 282//240 274//240 276//240
f 283//241 284//241 285//241
f 285//242 280//242 278//242
f 288//243 279//243 282//243
f 286//244 289//244 279//244
f 286//245 291//245 289//245
f 290//246 289//246 291//246
f 293//247 284//247 292//247
f 284//248 293//248 294//248
f 298//249 285//249 294//249
f 291//250 286//250 287//250
f 295//251 291//251 287//251
f 297//252 281//252 296//252
f 293//253 292//253 295//253
f 302//254 293//254 295//254
f 300//255 295//255 287//255
f 299//256 296//256 298//256
f 301//257 300//257 287//257
f 303//258 294//258 293//258
f 298//259 294//259 303//259
f 303//260 293//260 302//260
f 304//261 302//261 300//261
f 303//262 302//262 304//262
f 299//263 303//263 304//263
f 307//264 306//264 299//264
f 308//265 304//265 305//265
f 307//266 304//266 308//266
f 311//267 310//267 59//267
f 314//268 313//268 311//268
f 313//269 314//269 315//269
f 55//270 315//270 54//270
f 55//271 56//271 324//271
f 343//272 60//272 58//272
f 337//273 335//273 331//273
f 318//274 335//274 337//274
f 311//275 319//275 310//275
f 312//276 337//276 319//276
f 320//277 318//277 312//277
f 321//278 320//278 312//278
f 322//279 340//279 321//279
f 321//280 313//280 315//280
f 321//281 315//281 322//281
f 324//282 323//282 322//282
f 342//283 56//283 343//283
f 324//284 342//284 325//284
f 327//285 266//285 310//285
f 331//286 329//286 332//286
f 335//287 329//287 331//287
f 337//288 331//288 332//288
f 338//289 333//289 337//289
f 337//290 332//290 338//290
f 336//291 349//291 329//291
f 341//292 340//292 322//292
f 323//293 341//293 322//293
f 325//294 323//294 324//294
f 276//295 266//295 327//295
f 328//296 334//296 327//296
f 333//297 344//297 334//297
f 346//298 345//298 348//298
f 349//299 346//299 348//299
f 338//300 332//300 330//300
f 330//301 345//301 350//301
f 339//302 338//302 330//302
f 339//303 347//303 333//303
f 320//304 351//304 336//304
f 340//305 352//305 320//305
f 353//306 340//306 341//306
f 325//307 356//307 341//307
f 342//308 343//308 357//308
f 358//309 276//309 327//309
f 346//310 359//310 345//310
f 350//311 359//311 360//311
f 361//312 360//312 359//312
f 346//313 361//313 359//313
f 350//314 345//314 359//314
f 347//315 369//315 344//315
f 363//316 346//316 351//316
f 363//317 361//317 346//317
f 350//318 360//318 366//318
f 350//319 366//319 362//319
f 339//320 350//320 362//320
f 378//321 352//321 353//321
f 380//322 353//322 354//322
f 355//323 380//323 354//323
f 356//324 355//324 341//324
f 325//325 383//325 356//325
f 342//326 357//326 384//326
f 342//327 384//327 383//327
f 282//328 276//328 371//328
f 367//329 366//329 368//329
f 369//330 347//330 370//330
f 344//331 369//331 365//331
f 361//332 374//332 366//332
f 362//333 366//333 375//333
f 366//334 367//334 375//334
f 368//335 375//335 367//335
f 377//336 368//336 374//336
f 375//337 347//337 362//337
f 376//338 370//338 375//338
f 378//339 363//339 352//339
f 381//340 380//340 355//340
f 382//341 381//341 356//341
f 364//342 384//342 357//342
f 386//343 282//343 371//343
f 370//344 388//344 387//344
f 388//345 390//345 387//345
f 365//346 369//346 387//346
f 390//347 365//347 387//347
f 371//348 365//348 372//348
f 372//349 386//349 371//349
f 388//350 370//350 376//350
f 390//351 388//351 389//351
f 391//352 365//352 390//352
f 391//353 372//353 365//353
f 391//354 390//354 379//354
f 381//355 394//355 380//355
f 381//356 395//356 394//356
f 356//357 383//357 382//357
f 382//358 383//358 396//358
f 384//359 406//359 383//359
f 399//360 386//360 372//360
f 393//361 400//361 391//361
f 401//362 392//362 391//362
f 400//363 401//363 391//363
f 394//364 402//364 393//364
f 395//365 402//365 394//365
f 404//366 403//366 395//366
f 410//367 404//367 397//367
f 408//368 407//368 403//368
f 408//369 424//369 407//369
f 410//370 409//370 404//370
f 406//371 414//371 405//371
f 415//372 414//372 406//372
f 398//373 415//373 406//373
f 415//374 398//374 416//374
f 417//375 418//375 419//375
f 419//376 436//376 417//376
f 416//377 398//377 420//377
f 417//378 690//378 422//378
f 399//379 305//379 301//379
f 407//380 423//380 399//380
f 424//381 426//381 425//381
f 427//382 424//382 408//382
f 427//383 426//383 424//383
f 409//384 427//384 408//384
f 446//385 409//385 429//385
f 412//386 411//386 413//386
f 431//387 413//387 414//387
f 432//388 436//388 437//388
f 437//389 431//389 432//389
f 437//390 434//390 431//390
f 437//391 438//391 433//391
f 440//392 419//392 418//392
f 440//393 438//393 419//393
f 436//394 419//394 438//394
f 691//395 440//395 418//395
f 309//396 306//396 307//396
f 441//397 305//397 399//397
f 441//398 442//398 305//398
f 309//399 308//399 442//399
f 443//400 442//400 423//400
f 309//401 442//401 443//401
f 443//402 444//402 309//402
f 425//403 443//403 423//403
f 428//404 444//404 443//404
f 425//405 426//405 445//405
f 428//406 443//406 425//406
f 446//407 445//407 426//407
f 445//408 428//408 425//408
f 428//409 445//409 446//409
f 447//410 433//410 448//410
f 435//411 433//411 447//411
f 448//412 433//412 438//412
f 438//413 452//413 448//413
f 449//414 447//414 448//414
f 440//415 450//415 439//415
f 450//416 454//416 439//416
f 456//417 451//417 708//417
f 453//418 452//418 454//418
f 449//419 452//419 453//419
f 454//420 450//420 451//420
f 451//421 453//421 454//421
f 455//422 453//422 456//422
f 735//423 455//423 456//423
f 631//424 453//424 455//424
f 457//425 455//425 735//425
f 631//426 455//426 457//426
f 458//427 79//427 78//427
f 79//428 77//428 78//428
f 82//429 80//429 79//429
f 81//430 67//430 459//430
f 509//431 83//431 463//431
f 78//432 464//432 467//432
f 463//433 461//433 466//433
f 82//434 465//434 460//434
f 460//435 465//435 468//435
f 459//436 464//436 81//436
f 264//437 273//437 470//437
f 462//438 460//438 468//438
f 259//439 264//439 470//439
f 466//440 462//440 471//440
f 472//441 463//441 471//441
f 473//442 467//442 469//442
f 468//443 465//443 474//443
f 470//444 480//444 459//444
f 471//445 462//445 477//445
f 469//446 480//446 479//446
f 469//447 479//447 473//447
f 481//448 471//448 477//448
f 472//449 471//449 481//449
f 478//450 475//450 484//450
f 273//451 281//451 470//451
f 480//452 470//452 487//452
f 487//453 470//453 281//453
f 485//454 490//454 483//454
f 484//455 491//455 486//455
f 473//456 479//456 500//456
f 486//457 491//457 493//457
f 494//458 492//458 497//458
f 486//459 493//459 494//459
f 495//460 476//460 486//460
f 495//461 486//461 494//461
f 488//462 476//462 495//462
f 488//463 495//463 499//463
f 481//464 488//464 489//464
f 492//465 500//465 497//465
f 498//466 494//466 497//466
f 479//467 496//467 500//467
f 497//468 500//468 501//468
f 500//469 502//469 501//469
f 504//470 498//470 497//470
f 503//471 498//471 504//471
f 596//472 499//472 503//472
f 504//473 497//473 501//473
f 306//474 502//474 299//474
f 505//475 501//475 502//475
f 506//476 503//476 504//476
f 306//477 505//477 502//477
f 507//478 505//478 306//478
f 508//479 505//479 507//479
f 127//480 123//480 510//480
f 124//481 128//481 513//481
f 124//482 513//482 512//482
f 129//483 128//483 124//483
f 130//484 124//484 512//484
f 516//485 130//485 515//485
f 129//486 130//486 131//486
f 131//487 514//487 518//487
f 518//488 516//488 531//488
f 119//489 522//489 138//489
f 525//490 122//490 534//490
f 232//491 122//491 525//491
f 526//492 509//492 463//492
f 510//493 509//493 526//493
f 515//494 513//494 528//494
f 515//495 528//495 517//495
f 530//496 517//496 531//496
f 517//497 528//497 529//497
f 516//498 530//498 531//498
f 520//499 519//499 532//499
f 136//500 521//500 523//500
f 521//501 547//501 523//501
f 138//502 547//502 558//502
f 527//503 511//503 535//503
f 529//504 528//504 541//504
f 529//505 541//505 538//505
f 537//506 529//506 538//506
f 539//507 531//507 529//507
f 532//508 531//508 542//508
f 562//509 527//509 535//509
f 536//510 527//510 562//510
f 541//511 536//511 554//511
f 536//512 563//512 554//512
f 551//513 537//513 538//513
f 540//514 537//514 551//514
f 540//515 539//515 537//515
f 542//516 552//516 543//516
f 543//517 552//517 555//517
f 556//518 555//518 553//518
f 558//519 547//519 557//519
f 548//520 558//520 575//520
f 534//521 524//521 548//521
f 534//522 548//522 576//522
f 550//523 549//523 560//523
f 561//524 550//524 560//524
f 562//525 535//525 561//525
f 536//526 562//526 564//526
f 565//527 564//527 562//527
f 569//528 554//528 563//528
f 570//529 556//529 569//529
f 567//530 570//530 568//530
f 545//531 544//531 570//531
f 572//532 546//532 571//532
f 573//533 546//533 572//533
f 573//534 558//534 557//534
f 534//535 576//535 590//535
f 549//536 481//536 489//536
f 560//537 549//537 586//537
f 566//538 560//538 586//538
f 567//539 568//539 562//539
f 567//540 566//540 577//540
f 578//541 579//541 567//541
f 578//542 567//542 577//542
f 578//543 571//543 579//543
f 578//544 580//544 581//544
f 548//545 575//545 583//545
f 559//546 534//546 590//546
f 580//547 566//547 586//547
f 580//548 586//548 587//548
f 580//549 587//549 588//549
f 582//550 580//550 588//550
f 583//551 582//551 589//551
f 590//552 576//552 584//552
f 585//553 559//553 590//553
f 587//554 586//554 591//554
f 588//555 592//555 589//555
f 584//556 583//556 593//556
f 594//557 590//557 584//557
f 585//558 590//558 854//558
f 590//559 594//559 854//559
f 854//560 594//560 595//560
f 587//561 596//561 612//561
f 588//562 587//562 592//562
f 614//563 613//563 598//563
f 597//564 598//564 412//564
f 597//565 614//565 598//565
f 584//566 593//566 600//566
f 584//567 600//567 594//567
f 595//568 594//568 601//568
f 603//569 607//569 602//569
f 595//570 601//570 607//570
f 607//571 601//571 602//571
f 605//572 603//572 604//572
f 605//573 604//573 606//573
f 853//574 607//574 605//574
f 605//575 607//575 603//575
f 596//576 506//576 610//576
f 507//577 306//577 609//577
f 596//578 610//578 612//578
f 611//579 609//579 613//579
f 612//580 610//580 611//580
f 614//581 611//581 613//581
f 615//582 430//582 431//582
f 615//583 599//583 430//583
f 616//584 599//584 615//584
f 616//585 600//585 593//585
f 615//586 431//586 434//586
f 435//587 615//587 434//587
f 618//588 615//588 435//588
f 618//589 616//589 615//589
f 617//590 619//590 618//590
f 617//591 618//591 621//591
f 621//592 620//592 617//592
f 601//593 616//593 619//593
f 621//594 603//594 620//594
f 604//595 603//595 621//595
f 604//596 621//596 624//596
f 508//597 507//597 611//597
f 622//598 435//598 447//598
f 622//599 447//599 449//599
f 622//600 618//600 435//600
f 622//601 621//601 618//601
f 621//602 622//602 624//602
f 604//603 624//603 626//603
f 630//604 627//604 625//604
f 875//605 606//605 630//605
f 875//606 630//606 886//606
f 624//607 623//607 629//607
f 626//608 629//608 625//608
f 626//609 624//609 629//609
f 633//610 632//610 631//610
f 174//611 635//611 317//611
f 636//612 172//612 186//612
f 638//613 637//613 188//613
f 640//614 189//614 639//614
f 190//615 641//615 639//615
f 636//616 642//616 635//616
f 188//617 643//617 186//617
f 643//618 647//618 636//618
f 188//619 644//619 643//619
f 650//620 645//620 640//620
f 651//621 640//621 641//621
f 636//622 647//622 642//622
f 648//623 637//623 638//623
f 645//624 648//624 638//624
f 650//625 649//625 645//625
f 642//626 652//626 646//626
f 647//627 652//627 642//627
f 655//628 650//628 651//628
f 655//629 649//629 650//629
f 655//630 653//630 649//630
f 648//631 657//631 637//631
f 654//632 674//632 649//632
f 655//633 658//633 653//633
f 664//634 661//634 671//634
f 666//635 677//635 665//635
f 673//636 829//636 668//636
f 665//637 677//637 672//637
f 683//638 657//638 648//638
f 674//639 648//639 649//639
f 683//640 648//640 674//640
f 670//641 674//641 654//641
f 676//642 662//642 677//642
f 668//643 676//643 677//643
f 678//644 672//644 677//644
f 789//645 673//645 668//645
f 398//646 385//646 679//646
f 680//647 679//647 656//647
f 686//648 656//648 644//648
f 637//649 657//649 644//649
f 657//650 686//650 644//650
f 657//651 681//651 686//651
f 682//652 657//652 683//652
f 675//653 683//653 674//653
f 662//654 684//654 670//654
f 676//655 684//655 662//655
f 682//656 681//656 657//656
f 675//657 704//657 683//657
f 421//658 420//658 689//658
f 690//659 417//659 416//659
f 691//660 418//660 422//660
f 685//661 420//661 398//661
f 690//662 416//662 421//662
f 692//663 690//663 421//663
f 422//664 690//664 692//664
f 680//665 689//665 685//665
f 692//666 421//666 695//666
f 698//667 694//667 696//667
f 699//668 680//668 686//668
f 698//669 696//669 697//669
f 698//670 697//670 700//670
f 702//671 698//671 700//671
f 699//672 686//672 681//672
f 703//673 699//673 681//673
f 703//674 681//674 682//674
f 706//675 704//675 675//675
f 721//676 706//676 675//676
f 687//677 721//677 684//677
f 711//678 708//678 709//678
f 711//679 710//679 708//679
f 694//680 712//680 709//680
f 719//681 694//681 698//681
f 719//682 716//682 694//682
f 701//683 717//683 695//683
f 718//684 700//684 715//684
f 704//685 706//685 705//685
f 723//686 710//686 711//686
f 723//687 724//687 710//687
f 713//688 714//688 712//688
f 694//689 713//689 712//689
f 716//690 713//690 694//690
f 726//691 718//691 715//691
f 727//692 716//692 719//692
f 729//693 728//693 717//693
f 706//694 730//694 705//694
f 707//695 731//695 721//695
f 872//696 731//696 707//696
f 733//697 735//697 456//697
f 736//698 734//698 722//698
f 738//699 734//699 736//699
f 723//700 736//700 724//700
f 740//701 736//701 739//701
f 741//702 737//702 754//702
f 740//703 739//703 725//703
f 740//704 754//704 738//704
f 741//705 742//705 737//705
f 742//706 755//706 737//706
f 716//707 742//707 725//707
f 725//708 754//708 740//708
f 741//709 754//709 725//709
f 727//710 744//710 716//710
f 745//711 742//711 744//711
f 744//712 728//712 746//712
f 748//713 728//713 729//713
f 749//714 748//714 729//714
f 730//715 749//715 720//715
f 732//716 749//716 730//716
f 749//717 732//717 747//717
f 633//718 631//718 457//718
f 738//719 752//719 734//719
f 755//720 751//720 735//720
f 753//721 751//721 755//721
f 756//722 746//722 748//722
f 753//723 923//723 751//723
f 761//724 641//724 190//724
f 761//725 190//725 760//725
f 769//726 760//726 196//726
f 196//727 194//727 197//727
f 763//728 195//728 193//728
f 763//729 193//729 762//729
f 765//730 196//730 197//730
f 764//731 196//731 765//731
f 762//732 193//732 759//732
f 763//733 762//733 767//733
f 762//734 768//734 767//734
f 767//735 766//735 763//735
f 771//736 764//736 765//736
f 767//737 771//737 766//737
f 772//738 761//738 760//738
f 773//739 762//739 943//739
f 769//740 774//740 760//740
f 775//741 774//741 769//741
f 776//742 767//742 768//742
f 771//743 778//743 770//743
f 772//744 655//744 651//744
f 780//745 779//745 772//745
f 773//746 943//746 781//746
f 775//747 780//747 774//747
f 777//748 768//748 773//748
f 777//749 773//749 781//749
f 783//750 782//750 775//750
f 778//751 796//751 783//751
f 784//752 778//752 776//752
f 797//753 784//753 777//753
f 786//754 663//754 670//754
f 786//755 670//755 660//755
f 664//756 671//756 785//756
f 779//757 660//757 669//757
f 667//758 665//758 788//758
f 785//759 663//759 786//759
f 788//760 785//760 786//760
f 791//761 779//761 780//761
f 793//762 788//762 792//762
f 782//763 791//763 780//763
f 795//764 799//764 791//764
f 792//765 799//765 795//765
f 781//766 794//766 797//766
f 790//767 794//767 781//767
f 782//768 796//768 791//768
f 796//769 795//769 791//769
f 797//770 795//770 784//770
f 796//771 784//771 795//771
f 799//772 786//772 660//772
f 787//773 672//773 678//773
f 787//774 664//774 785//774
f 790//775 798//775 794//775
f 225//776 244//776 802//776
f 245//777 225//777 802//777
f 803//778 245//778 802//778
f 247//779 246//779 803//779
f 804//780 248//780 238//780
f 192//781 804//781 805//781
f 235//782 232//782 525//782
f 800//783 801//783 244//783
f 810//784 247//784 807//784
f 811//785 235//785 525//785
f 813//786 802//786 817//786
f 803//787 813//787 812//787
f 818//788 803//788 812//788
f 814//789 808//789 818//789
f 807//790 808//790 814//790
f 810//791 807//791 814//791
f 815//792 810//792 814//792
f 816//793 801//793 821//793
f 802//794 244//794 817//794
f 828//795 812//795 813//795
f 814//796 818//796 827//796
f 941//797 819//797 820//797
f 941//798 830//798 819//798
f 811//799 525//799 559//799
f 816//800 821//800 822//800
f 244//801 816//801 817//801
f 828//802 824//802 827//802
f 829//803 819//803 830//803
f 836//804 824//804 825//804
f 829//805 820//805 819//805
f 830//806 838//806 831//806
f 839//807 834//807 833//807
f 839//808 833//808 958//808
f 839//809 957//809 834//809
f 959//810 825//810 835//810
f 837//811 824//811 960//811
f 840//812 559//812 585//812
f 822//813 821//813 840//813
f 841//814 816//814 848//814
f 828//815 813//815 823//815
f 825//816 826//816 845//816
f 676//817 668//817 829//817
f 845//818 843//818 833//818
f 845//819 833//819 834//819
f 850//820 843//820 845//820
f 957//821 845//821 834//821
f 835//822 845//822 846//822
f 843//823 832//823 844//823
f 838//824 844//824 831//824
f 847//825 840//825 585//825
f 840//826 847//826 822//826
f 822//827 847//827 848//827
f 850//828 676//828 832//828
f 855//829 861//829 852//829
f 608//830 847//830 854//830
f 858//831 855//831 856//831
f 871//832 676//832 850//832
f 606//833 853//833 605//833
f 852//834 853//834 606//834
f 606//835 855//835 852//835
f 862//836 847//836 608//836
f 864//837 856//837 855//837
f 862//838 865//838 882//838
f 864//839 867//839 858//839
f 867//840 892//840 858//840
f 856//841 864//841 858//841
f 859//842 882//842 869//842
f 868//843 860//843 869//843
f 897//844 870//844 868//844
f 871//845 872//845 688//845
f 873//846 871//846 851//846
f 874//847 873//847 849//847
f 879//848 875//848 877//848
f 863//849 875//849 879//849
f 879//850 877//850 878//850
f 867//851 864//851 880//851
f 880//852 866//852 867//852
f 883//853 880//853 884//853
f 892//854 866//854 883//854
f 882//855 881//855 895//855
f 897//856 868//856 885//856
f 872//857 871//857 873//857
f 889//858 888//858 905//858
f 878//859 888//859 889//859
f 890//860 878//860 889//860
f 879//861 878//861 880//861
f 863//862 879//862 880//862
f 880//863 908//863 891//863
f 881//864 892//864 895//864
f 893//865 891//865 911//865
f 893//866 884//866 891//866
f 883//867 884//867 892//867
f 892//868 884//868 894//868
f 894//869 895//869 892//869
f 885//870 895//870 896//870
f 885//871 896//871 897//871
f 874//872 897//872 916//872
f 897//873 896//873 916//873
f 898//874 731//874 872//874
f 900//875 902//875 634//875
f 901//876 903//876 902//876
f 904//877 899//877 906//877
f 907//878 906//878 899//878
f 911//879 908//879 920//879
f 908//880 909//880 907//880
f 911//881 920//881 743//881
f 891//882 908//882 911//882
f 913//883 893//883 912//883
f 915//884 893//884 913//884
f 896//885 894//885 915//885
f 916//886 914//886 750//886
f 916//887 750//887 898//887
f 899//888 900//888 634//888
f 919//889 899//889 634//889
f 907//890 899//890 919//890
f 920//891 753//891 755//891
f 905//892 904//892 910//892
f 907//893 919//893 920//893
f 756//894 912//894 746//894
f 913//895 912//895 756//895
f 914//896 913//896 756//896
f 914//897 756//897 757//897
f 633//898 758//898 632//898
f 632//899 758//899 921//899
f 923//900 753//900 918//900
f 923//901 921//901 758//901
f 918//902 917//902 924//902
f 924//903 917//903 922//903
f 924//904 923//904 918//904
f 927//905 935//905 806//905
f 927//906 249//906 254//906
f 928//907 254//907 255//907
f 928//908 256//908 929//908
f 927//909 254//909 930//909
f 933//910 809//910 806//910
f 925//911 810//911 932//911
f 933//912 806//912 935//912
f 934//913 925//913 932//913
f 929//914 934//914 936//914
f 936//915 934//915 939//915
f 950//916 937//916 930//916
f 940//917 930//917 931//917
f 936//918 938//918 931//918
f 941//919 820//919 809//919
f 943//920 759//920 820//920
f 945//921 933//921 935//921
f 945//922 942//922 933//922
f 934//923 932//923 944//923
f 934//924 944//924 939//924
f 947//925 945//925 935//925
f 937//926 947//926 935//926
f 948//927 947//927 950//927
f 938//928 949//928 940//928
f 931//929 938//929 940//929
f 940//930 949//930 950//930
f 942//931 941//931 809//931
f 954//932 939//932 944//932
f 946//933 939//933 954//933
f 953//934 945//934 947//934
f 938//935 939//935 946//935
f 948//936 950//936 949//936
f 790//937 820//937 673//937
f 838//938 830//938 942//938
f 969//939 838//939 952//939
f 836//940 825//940 959//940
f 959//941 835//941 961//941
f 951//942 815//942 827//942
f 943//943 820//943 790//943
f 956//944 839//944 958//944
f 962//945 961//945 968//945
f 963//946 836//946 959//946
f 963//947 959//947 962//947
f 964//948 837//948 960//948
f 964//949 960//949 836//949
f 964//950 951//950 837//950
f 965//951 952//951 953//951
f 963//952 956//952 958//952
f 967//953 964//953 836//953
f 966//954 963//954 970//954
f 955//955 967//955 949//955
f 967//956 948//956 949//956
f 946//957 967//957 955//957
f 961//958 846//958 968//958
f 970//959 958//959 844//959
f 970//960 969//960 965//960
f 1//961 2//961 3//961
f 10//962 2//962 46//962
f 5//963 4//963 9//963
f 7//964 3//964 12//964
f 8//965 1//965 7//965
f 9//966 4//966 8//966
f 11//967 14//967 13//967
f 5//968 9//968 14//968
f 16//969 5//969 15//969
f 6//970 5//970 16//970
f 12//971 3//971 261//971
f 146//972 18//972 24//972
f 21//973 22//973 20//973
f 21//974 24//974 23//974
f 24//975 18//975 23//975
f 27//976 29//976 28//976
f 30//977 29//977 27//977
f 21//978 23//978 22//978
f 25//979 26//979 35//979
f 37//980 47//980 36//980
f 39//981 37//981 29//981
f 39//982 29//982 41//982
f 41//983 29//983 40//983
f 42//984 39//984 41//984
f 31//985 22//985 34//985
f 37//986 48//986 47//986
f 50//987 39//987 42//987
f 50//988 38//988 39//988
f 50//989 31//989 51//989
f 51//990 31//990 44//990
f 47//991 53//991 46//991
f 55//992 54//992 48//992
f 55//993 48//993 49//993
f 44//994 52//994 56//994
f 56//995 52//995 60//995
f 56//996 51//996 44//996
f 45//997 58//997 57//997
f 46//998 59//998 10//998
f 53//999 59//999 46//999
f 54//1000 315//1000 314//1000
f 65//1001 64//1001 63//1001
f 65//1002 61//1002 64//1002
f 66//1003 65//1003 69//1003
f 69//1004 63//1004 73//1004
f 70//1005 69//1005 75//1005
f 71//1006 66//1006 69//1006
f 71//1007 69//1007 70//1007
f 73//1008 63//1008 72//1008
f 63//1009 74//1009 72//1009
f 75//1010 73//1010 76//1010
f 78//1011 77//1011 67//1011
f 72//1012 74//1012 77//1012
f 80//1013 73//1013 72//1013
f 82//1014 73//1014 80//1014
f 76//1015 73//1015 82//1015
f 68//1016 6//1016 16//1016
f 259//1017 68//1017 16//1017
f 83//1018 70//1018 75//1018
f 461//1019 83//1019 75//1019
f 85//1020 20//1020 84//1020
f 84//1021 20//1021 88//1021
f 86//1022 85//1022 84//1022
f 90//1023 84//1023 89//1023
f 87//1024 90//1024 89//1024
f 87//1025 89//1025 91//1025
f 202//1026 87//1026 91//1026
f 93//1027 94//1027 61//1027
f 27//1028 92//1028 94//1028
f 95//1029 94//1029 93//1029
f 33//1030 43//1030 97//1030
f 89//1031 98//1031 99//1031
f 100//1032 95//1032 93//1032
f 106//1033 101//1033 95//1033
f 91//1034 99//1034 105//1034
f 215//1035 91//1035 105//1035
f 71//1036 93//1036 66//1036
f 106//1037 95//1037 100//1037
f 101//1038 107//1038 96//1038
f 108//1039 102//1039 107//1039
f 107//1040 98//1040 108//1040
f 103//1041 98//1041 118//1041
f 99//1042 103//1042 104//1042
f 119//1043 104//1043 103//1043
f 109//1044 70//1044 123//1044
f 109//1045 100//1045 71//1045
f 109//1046 71//1046 70//1046
f 111//1047 125//1047 126//1047
f 115//1048 100//1048 110//1048
f 112//1049 115//1049 110//1049
f 113//1050 111//1050 114//1050
f 133//1051 116//1051 113//1051
f 101//1052 106//1052 117//1052
f 117//1053 115//1053 116//1053
f 133//1054 135//1054 116//1054
f 135//1055 117//1055 116//1055
f 118//1056 101//1056 117//1056
f 118//1057 107//1057 101//1057
f 232//1058 215//1058 122//1058
f 110//1059 100//1059 109//1059
f 125//1060 123//1060 127//1060
f 126//1061 127//1061 129//1061
f 129//1062 127//1062 128//1062
f 130//1063 129//1063 124//1063
f 125//1064 110//1064 109//1064
f 132//1065 136//1065 133//1065
f 119//1066 118//1066 137//1066
f 136//1067 137//1067 135//1067
f 120//1068 119//1068 138//1068
f 141//1069 19//1069 85//1069
f 139//1070 146//1070 19//1070
f 139//1071 140//1071 146//1071
f 144//1072 142//1072 141//1072
f 142//1073 143//1073 140//1073
f 145//1074 150//1074 142//1074
f 18//1075 146//1075 147//1075
f 150//1076 149//1076 143//1076
f 150//1077 143//1077 142//1077
f 152//1078 150//1078 145//1078
f 152//1079 151//1079 150//1079
f 153//1080 152//1080 145//1080
f 18//1081 154//1081 25//1081
f 155//1082 154//1082 18//1082
f 147//1083 148//1083 18//1083
f 164//1084 151//1084 152//1084
f 160//1085 164//1085 152//1085
f 157//1086 162//1086 156//1086
f 159//1087 163//1087 158//1087
f 165//1088 171//1088 164//1088
f 155//1089 45//1089 154//1089
f 155//1090 166//1090 45//1090
f 162//1091 187//1091 166//1091
f 169//1092 176//1092 168//1092
f 169//1093 163//1093 164//1093
f 170//1094 169//1094 164//1094
f 162//1095 167//1095 187//1095
f 170//1096 178//1096 169//1096
f 173//1097 170//1097 171//1097
f 181//1098 173//1098 171//1098
f 220//1099 181//1099 171//1099
f 220//1100 230//1100 181//1100
f 172//1101 174//1101 45//1101
f 187//1102 172//1102 166//1102
f 167//1103 175//1103 187//1103
f 176//1104 175//1104 167//1104
f 176//1105 178//1105 177//1105
f 176//1106 169//1106 178//1106
f 179//1107 180//1107 178//1107
f 238//1108 248//1108 181//1108
f 173//1109 182//1109 170//1109
f 183//1110 173//1110 184//1110
f 174//1111 317//1111 45//1111
f 176//1112 638//1112 188//1112
f 176//1113 189//1113 638//1113
f 180//1114 639//1114 178//1114
f 185//1115 181//1115 248//1115
f 185//1116 248//1116 192//1116
f 191//1117 179//1117 182//1117
f 196//1118 190//1118 191//1118
f 194//1119 191//1119 182//1119
f 196//1120 191//1120 194//1120
f 183//1121 184//1121 185//1121
f 197//1122 194//1122 183//1122
f 197//1123 183//1123 195//1123
f 197//1124 195//1124 763//1124
f 86//1125 141//1125 85//1125
f 201//1126 141//1126 86//1126
f 144//1127 141//1127 198//1127
f 198//1128 141//1128 201//1128
f 200//1129 145//1129 144//1129
f 200//1130 144//1130 198//1130
f 201//1131 86//1131 202//1131
f 198//1132 201//1132 203//1132
f 199//1133 198//1133 203//1133
f 209//1134 199//1134 203//1134
f 153//1135 145//1135 205//1135
f 206//1136 200//1136 199//1136
f 205//1137 200//1137 206//1137
f 206//1138 153//1138 205//1138
f 207//1139 202//1139 214//1139
f 207//1140 204//1140 202//1140
f 208//1141 204//1141 207//1141
f 213//1142 212//1142 206//1142
f 223//1143 208//1143 207//1143
f 216//1144 210//1144 209//1144
f 219//1145 206//1145 211//1145
f 216//1146 218//1146 210//1146
f 219//1147 213//1147 206//1147
f 221//1148 212//1148 213//1148
f 226//1149 216//1149 217//1149
f 228//1150 219//1150 218//1150
f 227//1151 218//1151 216//1151
f 213//1152 231//1152 221//1152
f 213//1153 219//1153 231//1153
f 231//1154 219//1154 228//1154
f 220//1155 161//1155 221//1155
f 221//1156 229//1156 220//1156
f 232//1157 222//1157 215//1157
f 233//1158 223//1158 222//1158
f 224//1159 223//1159 233//1159
f 228//1160 227//1160 234//1160
f 228//1161 234//1161 231//1161
f 235//1162 222//1162 232//1162
f 233//1163 222//1163 235//1163
f 237//1164 236//1164 227//1164
f 231//1165 239//1165 230//1165
f 239//1166 234//1166 241//1166
f 243//1167 241//1167 242//1167
f 233//1168 235//1168 800//1168
f 244//1169 233//1169 800//1169
f 244//1170 225//1170 233//1170
f 237//1171 225//1171 245//1171
f 247//1172 237//1172 246//1172
f 252//1173 236//1173 237//1173
f 250//1174 237//1174 247//1174
f 252//1175 237//1175 250//1175
f 249//1176 240//1176 239//1176
f 249//1177 239//1177 251//1177
f 243//1178 251//1178 239//1178
f 243//1179 249//1179 251//1179
f 242//1180 255//1180 243//1180
f 12//1181 261//1181 262//1181
f 11//1182 12//1182 262//1182
f 14//1183 11//1183 257//1183
f 59//1184 265//1184 10//1184
f 257//1185 11//1185 260//1185
f 15//1186 14//1186 257//1186
f 15//1187 257//1187 263//1187
f 267//1188 260//1188 262//1188
f 275//1189 267//1189 269//1189
f 275//1190 271//1190 267//1190
f 270//1191 263//1191 268//1191
f 265//1192 274//1192 258//1192
f 258//1193 274//1193 275//1193
f 266//1194 276//1194 274//1194
f 279//1195 271//1195 275//1195
f 280//1196 272//1196 278//1196
f 274//1197 282//1197 275//1197
f 281//1198 272//1198 280//1198
f 284//1199 283//1199 290//1199
f 285//1200 278//1200 283//1200
f 279//1201 289//1201 277//1201
f 287//1202 286//1202 279//1202
f 279//1203 288//1203 287//1203
f 284//1204 290//1204 292//1204
f 291//1205 292//1205 290//1205
f 294//1206 285//1206 284//1206
f 295//1207 292//1207 291//1207
f 298//1208 296//1208 285//1208
f 285//1209 296//1209 280//1209
f 296//1210 281//1210 280//1210
f 386//1211 288//1211 282//1211
f 297//1212 296//1212 299//1212
f 301//1213 287//1213 288//1213
f 386//1214 301//1214 288//1214
f 300//1215 302//1215 295//1215
f 303//1216 299//1216 298//1216
f 502//1217 297//1217 299//1217
f 305//1218 300//1218 301//1218
f 305//1219 304//1219 300//1219
f 304//1220 307//1220 299//1220
f 309//1221 307//1221 308//1221
f 311//1222 312//1222 319//1222
f 53//1223 314//1223 311//1223
f 53//1224 311//1224 59//1224
f 313//1225 321//1225 312//1225
f 313//1226 312//1226 311//1226
f 55//1227 316//1227 315//1227
f 324//1228 316//1228 55//1228
f 343//1229 56//1229 60//1229
f 57//1230 58//1230 60//1230
f 310//1231 266//1231 59//1231
f 312//1232 318//1232 337//1232
f 340//1233 320//1233 321//1233
f 316//1234 322//1234 315//1234
f 316//1235 324//1235 322//1235
f 324//1236 56//1236 342//1236
f 317//1237 326//1237 58//1237
f 330//1238 332//1238 329//1238
f 334//1239 310//1239 319//1239
f 334//1240 319//1240 333//1240
f 328//1241 310//1241 334//1241
f 310//1242 328//1242 327//1242
f 335//1243 336//1243 329//1243
f 337//1244 333//1244 319//1244
f 338//1245 339//1245 333//1245
f 336//1246 335//1246 318//1246
f 320//1247 336//1247 318//1247
f 325//1248 341//1248 323//1248
f 326//1249 343//1249 58//1249
f 344//1250 327//1250 334//1250
f 329//1251 348//1251 330//1251
f 349//1252 348//1252 329//1252
f 349//1253 351//1253 346//1253
f 348//1254 345//1254 330//1254
f 350//1255 339//1255 330//1255
f 336//1256 351//1256 349//1256
f 320//1257 352//1257 351//1257
f 340//1258 353//1258 352//1258
f 354//1259 353//1259 341//1259
f 355//1260 354//1260 341//1260
f 326//1261 364//1261 343//1261
f 364//1262 357//1262 343//1262
f 646//1263 364//1263 326//1263
f 358//1264 327//1264 344//1264
f 347//1265 344//1265 333//1265
f 362//1266 347//1266 339//1266
f 352//1267 363//1267 351//1267
f 380//1268 378//1268 353//1268
f 383//1269 325//1269 342//1269
f 358//1270 371//1270 276//1270
f 358//1271 344//1271 365//1271
f 361//1272 366//1272 360//1272
f 358//1273 365//1273 371//1273
f 373//1274 361//1274 363//1274
f 373//1275 374//1275 361//1275
f 374//1276 368//1276 366//1276
f 368//1277 376//1277 375//1277
f 373//1278 377//1278 374//1278
f 377//1279 376//1279 368//1279
f 375//1280 370//1280 347//1280
f 378//1281 373//1281 363//1281
f 378//1282 379//1282 373//1282
f 373//1283 379//1283 377//1283
f 378//1284 380//1284 379//1284
f 356//1285 381//1285 355//1285
f 364//1286 385//1286 384//1286
f 364//1287 646//1287 385//1287
f 387//1288 369//1288 370//1288
f 389//1289 388//1289 376//1289
f 389//1290 376//1290 377//1290
f 377//1291 379//1291 389//1291
f 379//1292 390//1292 389//1292
f 392//1293 372//1293 391//1293
f 393//1294 391//1294 379//1294
f 380//1295 394//1295 379//1295
f 394//1296 393//1296 379//1296
f 381//1297 382//1297 395//1297
f 382//1298 396//1298 395//1298
f 392//1299 399//1299 372//1299
f 401//1300 407//1300 392//1300
f 393//1301 402//1301 400//1301
f 402//1302 401//1302 400//1302
f 402//1303 403//1303 401//1303
f 395//1304 403//1304 402//1304
f 404//1305 409//1305 403//1305
f 396//1306 397//1306 395//1306
f 395//1307 397//1307 404//1307
f 405//1308 410//1308 397//1308
f 396//1309 383//1309 406//1309
f 397//1310 396//1310 405//1310
f 405//1311 396//1311 406//1311
f 384//1312 398//1312 406//1312
f 385//1313 398//1313 384//1313
f 399//1314 301//1314 386//1314
f 392//1315 407//1315 399//1315
f 403//1316 407//1316 401//1316
f 409//1317 408//1317 403//1317
f 409//1318 410//1318 429//1318
f 410//1319 411//1319 429//1319
f 413//1320 410//1320 405//1320
f 410//1321 413//1321 411//1321
f 416//1322 417//1322 415//1322
f 415//1323 417//1323 432//1323
f 422//1324 418//1324 417//1324
f 399//1325 423//1325 441//1325
f 424//1326 423//1326 407//1326
f 424//1327 425//1327 423//1327
f 409//1328 446//1328 427//1328
f 427//1329 446//1329 426//1329
f 428//1330 446//1330 429//1330
f 411//1331 412//1331 429//1331
f 412//1332 598//1332 428//1332
f 412//1333 428//1333 429//1333
f 430//1334 412//1334 413//1334
f 413//1335 405//1335 414//1335
f 431//1336 430//1336 413//1336
f 432//1337 414//1337 415//1337
f 432//1338 431//1338 414//1338
f 434//1339 437//1339 433//1339
f 435//1340 434//1340 433//1340
f 417//1341 436//1341 432//1341
f 437//1342 436//1342 438//1342
f 440//1343 439//1343 438//1343
f 691//1344 708//1344 440//1344
f 305//1345 442//1345 308//1345
f 423//1346 442//1346 441//1346
f 438//1347 439//1347 452//1347
f 440//1348 451//1348 450//1348
f 708//1349 451//1349 440//1349
f 448//1350 452//1350 449//1350
f 454//1351 452//1351 439//1351
f 456//1352 453//1352 451//1352
f 722//1353 733//1353 456//1353
f 453//1354 631//1354 449//1354
f 76//1355 82//1355 460//1355
f 461//1356 76//1356 460//1356
f 259//1357 16//1357 15//1357
f 459//1358 67//1358 259//1358
f 75//1359 76//1359 461//1359
f 123//1360 83//1360 509//1360
f 458//1361 78//1361 467//1361
f 82//1362 79//1362 458//1362
f 465//1363 82//1363 458//1363
f 464//1364 78//1364 81//1364
f 461//1365 460//1365 462//1365
f 466//1366 461//1366 462//1366
f 463//1367 83//1367 461//1367
f 459//1368 259//1368 470//1368
f 463//1369 466//1369 471//1369
f 467//1370 464//1370 469//1370
f 480//1371 469//1371 464//1371
f 468//1372 474//1372 476//1372
f 480//1373 464//1373 459//1373
f 462//1374 468//1374 477//1374
f 476//1375 474//1375 475//1375
f 476//1376 475//1376 478//1376
f 477//1377 468//1377 476//1377
f 473//1378 482//1378 483//1378
f 485//1379 483//1379 482//1379
f 485//1380 482//1380 473//1380
f 478//1381 486//1381 476//1381
f 484//1382 486//1382 478//1382
f 496//1383 480//1383 487//1383
f 480//1384 496//1384 479//1384
f 488//1385 477//1385 476//1385
f 481//1386 477//1386 488//1386
f 485//1387 473//1387 500//1387
f 492//1388 485//1388 500//1388
f 485//1389 492//1389 493//1389
f 493//1390 490//1390 485//1390
f 493//1391 491//1391 490//1391
f 492//1392 494//1392 493//1392
f 496//1393 487//1393 281//1393
f 489//1394 488//1394 499//1394
f 499//1395 586//1395 489//1395
f 498//1396 495//1396 494//1396
f 496//1397 281//1397 297//1397
f 503//1398 499//1398 495//1398
f 502//1399 496//1399 297//1399
f 500//1400 496//1400 502//1400
f 498//1401 503//1401 495//1401
f 505//1402 504//1402 501//1402
f 506//1403 504//1403 505//1403
f 505//1404 508//1404 506//1404
f 596//1405 503//1405 506//1405
f 510//1406 123//1406 509//1406
f 511//1407 127//1407 510//1407
f 511//1408 128//1408 127//1408
f 513//1409 128//1409 511//1409
f 515//1410 512//1410 513//1410
f 515//1411 130//1411 512//1411
f 514//1412 130//1412 516//1412
f 516//1413 515//1413 517//1413
f 131//1414 130//1414 514//1414
f 518//1415 514//1415 516//1415
f 114//1416 519//1416 132//1416
f 519//1417 114//1417 131//1417
f 518//1418 519//1418 131//1418
f 519//1419 518//1419 532//1419
f 132//1420 519//1420 520//1420
f 521//1421 136//1421 132//1421
f 521//1422 132//1422 520//1422
f 136//1423 522//1423 137//1423
f 138//1424 522//1424 523//1424
f 136//1425 523//1425 522//1425
f 524//1426 120//1426 138//1426
f 121//1427 120//1427 524//1427
f 530//1428 516//1428 517//1428
f 529//1429 531//1429 517//1429
f 532//1430 518//1430 531//1430
f 520//1431 532//1431 533//1431
f 521//1432 520//1432 533//1432
f 521//1433 533//1433 547//1433
f 138//1434 523//1434 547//1434
f 534//1435 121//1435 524//1435
f 534//1436 122//1436 121//1436
f 526//1437 511//1437 510//1437
f 535//1438 511//1438 526//1438
f 527//1439 513//1439 511//1439
f 536//1440 513//1440 527//1440
f 528//1441 513//1441 536//1441
f 539//1442 529//1442 537//1442
f 542//1443 531//1443 539//1443
f 543//1444 532//1444 542//1444
f 542//1445 539//1445 540//1445
f 545//1446 532//1446 544//1446
f 533//1447 532//1447 545//1447
f 557//1448 547//1448 533//1448
f 524//1449 138//1449 548//1449
f 549//1450 526//1450 463//1450
f 549//1451 463//1451 472//1451
f 549//1452 550//1452 526//1452
f 535//1453 526//1453 550//1453
f 541//1454 528//1454 536//1454
f 552//1455 542//1455 540//1455
f 553//1456 540//1456 551//1456
f 552//1457 540//1457 553//1457
f 551//1458 538//1458 541//1458
f 551//1459 541//1459 554//1459
f 569//1460 551//1460 554//1460
f 555//1461 552//1461 553//1461
f 556//1462 543//1462 555//1462
f 553//1463 551//1463 569//1463
f 544//1464 532//1464 543//1464
f 544//1465 543//1465 556//1465
f 546//1466 533//1466 545//1466
f 557//1467 533//1467 546//1467
f 573//1468 557//1468 546//1468
f 548//1469 138//1469 558//1469
f 559//1470 525//1470 534//1470
f 535//1471 550//1471 561//1471
f 563//1472 536//1472 564//1472
f 565//1473 563//1473 564//1473
f 566//1474 561//1474 560//1474
f 562//1475 568//1475 565//1475
f 569//1476 563//1476 565//1476
f 568//1477 569//1477 565//1477
f 556//1478 553//1478 569//1478
f 568//1479 570//1479 569//1479
f 544//1480 556//1480 570//1480
f 571//1481 545//1481 570//1481
f 571//1482 570//1482 579//1482
f 571//1483 546//1483 545//1483
f 574//1484 573//1484 572//1484
f 558//1485 573//1485 575//1485
f 574//1486 575//1486 573//1486
f 549//1487 472//1487 481//1487
f 561//1488 567//1488 562//1488
f 566//1489 567//1489 561//1489
f 580//1490 577//1490 566//1490
f 579//1491 570//1491 567//1491
f 578//1492 577//1492 580//1492
f 574//1493 572//1493 571//1493
f 574//1494 571//1494 578//1494
f 582//1495 574//1495 578//1495
f 582//1496 581//1496 580//1496
f 581//1497 582//1497 578//1497
f 575//1498 574//1498 582//1498
f 583//1499 575//1499 582//1499
f 584//1500 548//1500 583//1500
f 584//1501 576//1501 548//1501
f 586//1502 549//1502 489//1502
f 589//1503 582//1503 588//1503
f 591//1504 586//1504 499//1504
f 593//1505 583//1505 589//1505
f 596//1506 591//1506 499//1506
f 587//1507 591//1507 596//1507
f 612//1508 592//1508 587//1508
f 592//1509 612//1509 597//1509
f 597//1510 589//1510 592//1510
f 593//1511 589//1511 597//1511
f 600//1512 601//1512 594//1512
f 620//1513 602//1513 619//1513
f 603//1514 602//1514 620//1514
f 608//1515 595//1515 607//1515
f 608//1516 854//1516 595//1516
f 610//1517 506//1517 508//1517
f 611//1518 507//1518 609//1518
f 611//1519 610//1519 508//1519
f 444//1520 613//1520 609//1520
f 614//1521 612//1521 611//1521
f 428//1522 613//1522 444//1522
f 597//1523 612//1523 614//1523
f 598//1524 613//1524 428//1524
f 430//1525 597//1525 412//1525
f 599//1526 597//1526 430//1526
f 599//1527 593//1527 597//1527
f 599//1528 616//1528 593//1528
f 618//1529 619//1529 616//1529
f 620//1530 619//1530 617//1530
f 619//1531 602//1531 601//1531
f 601//1532 600//1532 616//1532
f 626//1533 627//1533 604//1533
f 606//1534 604//1534 627//1534
f 609//1535 306//1535 309//1535
f 444//1536 609//1536 309//1536
f 624//1537 622//1537 623//1537
f 627//1538 626//1538 625//1538
f 630//1539 606//1539 627//1539
f 631//1540 628//1540 449//1540
f 623//1541 622//1541 449//1541
f 628//1542 623//1542 449//1542
f 628//1543 629//1543 623//1543
f 631//1544 630//1544 628//1544
f 628//1545 625//1545 629//1545
f 630//1546 625//1546 628//1546
f 631//1547 632//1547 630//1547
f 634//1548 886//1548 632//1548
f 632//1549 886//1549 630//1549
f 172//1550 636//1550 174//1550
f 177//1551 639//1551 189//1551
f 641//1552 640//1552 639//1552
f 193//1553 192//1553 759//1553
f 635//1554 326//1554 317//1554
f 636//1555 635//1555 174//1555
f 186//1556 643//1556 636//1556
f 189//1557 645//1557 638//1557
f 640//1558 645//1558 189//1558
f 642//1559 646//1559 635//1559
f 635//1560 646//1560 326//1560
f 188//1561 637//1561 644//1561
f 651//1562 650//1562 640//1562
f 645//1563 649//1563 648//1563
f 653//1564 654//1564 649//1564
f 643//1565 644//1565 647//1565
f 658//1566 654//1566 653//1566
f 658//1567 659//1567 654//1567
f 660//1568 659//1568 658//1568
f 659//1569 670//1569 654//1569
f 661//1570 662//1570 670//1570
f 663//1571 661//1571 670//1571
f 671//1572 661//1572 663//1572
f 664//1573 662//1573 661//1573
f 668//1574 666//1574 667//1574
f 669//1575 658//1575 655//1575
f 660//1576 658//1576 669//1576
f 660//1577 670//1577 659//1577
f 665//1578 667//1578 666//1578
f 652//1579 385//1579 646//1579
f 652//1580 679//1580 385//1580
f 647//1581 656//1581 652//1581
f 652//1582 656//1582 679//1582
f 647//1583 644//1583 656//1583
f 670//1584 675//1584 674//1584
f 664//1585 678//1585 662//1585
f 662//1586 678//1586 677//1586
f 666//1587 668//1587 677//1587
f 670//1588 684//1588 675//1588
f 679//1589 685//1589 398//1589
f 679//1590 680//1590 685//1590
f 686//1591 680//1591 656//1591
f 687//1592 684//1592 676//1592
f 688//1593 687//1593 676//1593
f 420//1594 421//1594 416//1594
f 422//1595 693//1595 691//1595
f 685//1596 689//1596 420//1596
f 693//1597 422//1597 692//1597
f 694//1598 691//1598 693//1598
f 689//1599 695//1599 421//1599
f 692//1600 696//1600 693//1600
f 696//1601 694//1601 693//1601
f 699//1602 689//1602 680//1602
f 697//1603 692//1603 695//1603
f 697//1604 696//1604 692//1604
f 702//1605 700//1605 718//1605
f 703//1606 701//1606 699//1606
f 704//1607 703//1607 682//1607
f 683//1608 704//1608 682//1608
f 684//1609 721//1609 675//1609
f 687//1610 707//1610 721//1610
f 687//1611 688//1611 707//1611
f 694//1612 709//1612 691//1612
f 691//1613 709//1613 708//1613
f 709//1614 712//1614 711//1614
f 714//1615 711//1615 712//1615
f 695//1616 715//1616 697//1616
f 715//1617 700//1617 697//1617
f 701//1618 689//1618 699//1618
f 689//1619 701//1619 695//1619
f 717//1620 715//1620 695//1620
f 726//1621 715//1621 717//1621
f 702//1622 719//1622 698//1622
f 719//1623 702//1623 718//1623
f 703//1624 720//1624 701//1624
f 720//1625 717//1625 701//1625
f 705//1626 720//1626 704//1626
f 704//1627 720//1627 703//1627
f 721//1628 730//1628 706//1628
f 708//1629 710//1629 456//1629
f 710//1630 722//1630 456//1630
f 710//1631 724//1631 722//1631
f 714//1632 723//1632 711//1632
f 714//1633 739//1633 723//1633
f 714//1634 725//1634 739//1634
f 713//1635 725//1635 714//1635
f 719//1636 718//1636 726//1636
f 727//1637 719//1637 726//1637
f 727//1638 726//1638 728//1638
f 728//1639 744//1639 727//1639
f 726//1640 717//1640 728//1640
f 720//1641 729//1641 717//1641
f 705//1642 730//1642 720//1642
f 732//1643 730//1643 721//1643
f 731//1644 732//1644 721//1644
f 724//1645 736//1645 722//1645
f 734//1646 733//1646 722//1646
f 737//1647 735//1647 733//1647
f 733//1648 752//1648 737//1648
f 740//1649 738//1649 736//1649
f 754//1650 737//1650 752//1650
f 723//1651 739//1651 736//1651
f 713//1652 716//1652 725//1652
f 742//1653 741//1653 725//1653
f 744//1654 742//1654 716//1654
f 745//1655 743//1655 742//1655
f 746//1656 745//1656 744//1656
f 728//1657 748//1657 746//1657
f 747//1658 748//1658 749//1658
f 720//1659 749//1659 729//1659
f 732//1660 750//1660 757//1660
f 731//1661 898//1661 732//1661
f 750//1662 732//1662 898//1662
f 751//1663 457//1663 735//1663
f 752//1664 733//1664 734//1664
f 755//1665 735//1665 737//1665
f 754//1666 752//1666 738//1666
f 743//1667 755//1667 742//1667
f 743//1668 920//1668 755//1668
f 747//1669 756//1669 748//1669
f 732//1670 757//1670 747//1670
f 757//1671 756//1671 747//1671
f 758//1672 633//1672 457//1672
f 751//1673 758//1673 457//1673
f 751//1674 923//1674 758//1674
f 196//1675 760//1675 190//1675
f 764//1676 769//1676 196//1676
f 763//1677 766//1677 197//1677
f 766//1678 765//1678 197//1678
f 770//1679 769//1679 764//1679
f 766//1680 771//1680 765//1680
f 771//1681 770//1681 764//1681
f 767//1682 776//1682 771//1682
f 772//1683 651//1683 641//1683
f 761//1684 772//1684 641//1684
f 760//1685 774//1685 772//1685
f 768//1686 762//1686 773//1686
f 769//1687 770//1687 775//1687
f 776//1688 778//1688 771//1688
f 776//1689 768//1689 777//1689
f 772//1690 669//1690 655//1690
f 774//1691 780//1691 772//1691
f 775//1692 782//1692 780//1692
f 770//1693 783//1693 775//1693
f 783//1694 796//1694 782//1694
f 778//1695 783//1695 770//1695
f 777//1696 784//1696 776//1696
f 778//1697 784//1697 796//1697
f 663//1698 785//1698 671//1698
f 779//1699 669//1699 772//1699
f 799//1700 660//1700 779//1700
f 789//1701 668//1701 667//1701
f 790//1702 673//1702 798//1702
f 785//1703 788//1703 787//1703
f 788//1704 789//1704 667//1704
f 779//1705 791//1705 799//1705
f 792//1706 786//1706 799//1706
f 792//1707 788//1707 786//1707
f 790//1708 781//1708 943//1708
f 797//1709 794//1709 795//1709
f 795//1710 793//1710 792//1710
f 797//1711 777//1711 781//1711
f 798//1712 673//1712 789//1712
f 664//1713 787//1713 678//1713
f 788//1714 665//1714 672//1714
f 788//1715 672//1715 787//1715
f 793//1716 789//1716 788//1716
f 793//1717 798//1717 789//1717
f 793//1718 794//1718 798//1718
f 795//1719 794//1719 793//1719
f 246//1720 245//1720 803//1720
f 192//1721 248//1721 804//1721
f 238//1722 806//1722 804//1722
f 805//1723 759//1723 192//1723
f 925//1724 250//1724 247//1724
f 807//1725 247//1725 803//1725
f 807//1726 803//1726 818//1726
f 806//1727 809//1727 804//1727
f 809//1728 805//1728 804//1728
f 810//1729 925//1729 247//1729
f 800//1730 235//1730 811//1730
f 800//1731 811//1731 801//1731
f 813//1732 803//1732 802//1732
f 808//1733 807//1733 818//1733
f 821//1734 801//1734 811//1734
f 244//1735 801//1735 816//1735
f 818//1736 812//1736 828//1736
f 827//1737 815//1737 814//1737
f 559//1738 821//1738 811//1738
f 824//1739 826//1739 825//1739
f 837//1740 827//1740 824//1740
f 831//1741 829//1741 830//1741
f 827//1742 818//1742 828//1742
f 833//1743 843//1743 958//1743
f 836//1744 960//1744 824//1744
f 559//1745 840//1745 821//1745
f 848//1746 816//1746 822//1746
f 841//1747 817//1747 816//1747
f 813//1748 817//1748 842//1748
f 870//1749 826//1749 824//1749
f 870//1750 824//1750 828//1750
f 870//1751 849//1751 826//1751
f 829//1752 832//1752 676//1752
f 831//1753 832//1753 829//1753
f 844//1754 832//1754 831//1754
f 850//1755 832//1755 843//1755
f 957//1756 846//1756 845//1756
f 826//1757 850//1757 845//1757
f 835//1758 825//1758 845//1758
f 841//1759 848//1759 859//1759
f 842//1760 817//1760 841//1760
f 813//1761 842//1761 823//1761
f 823//1762 870//1762 828//1762
f 826//1763 851//1763 850//1763
f 826//1764 849//1764 851//1764
f 852//1765 861//1765 853//1765
f 585//1766 854//1766 847//1766
f 859//1767 848//1767 847//1767
f 860//1768 841//1768 859//1768
f 860//1769 842//1769 841//1769
f 868//1770 823//1770 860//1770
f 860//1771 823//1771 842//1771
f 849//1772 873//1772 851//1772
f 676//1773 871//1773 688//1773
f 850//1774 851//1774 871//1774
f 607//1775 853//1775 861//1775
f 861//1776 608//1776 607//1776
f 857//1777 608//1777 861//1777
f 862//1778 608//1778 857//1778
f 855//1779 857//1779 861//1779
f 864//1780 855//1780 863//1780
f 855//1781 858//1781 857//1781
f 857//1782 865//1782 862//1782
f 859//1783 847//1783 862//1783
f 858//1784 865//1784 857//1784
f 881//1785 865//1785 858//1785
f 859//1786 862//1786 882//1786
f 867//1787 866//1787 892//1787
f 860//1788 859//1788 869//1788
f 823//1789 868//1789 870//1789
f 870//1790 874//1790 849//1790
f 876//1791 877//1791 875//1791
f 606//1792 875//1792 863//1792
f 878//1793 877//1793 876//1793
f 863//1794 855//1794 606//1794
f 880//1795 864//1795 863//1795
f 858//1796 892//1796 881//1796
f 882//1797 865//1797 881//1797
f 866//1798 880//1798 883//1798
f 885//1799 882//1799 895//1799
f 869//1800 882//1800 885//1800
f 869//1801 885//1801 868//1801
f 874//1802 898//1802 873//1802
f 870//1803 897//1803 874//1803
f 872//1804 707//1804 688//1804
f 886//1805 887//1805 876//1805
f 887//1806 886//1806 902//1806
f 876//1807 875//1807 886//1807
f 888//1808 876//1808 887//1808
f 905//1809 888//1809 887//1809
f 888//1810 878//1810 876//1810
f 880//1811 878//1811 890//1811
f 880//1812 891//1812 884//1812
f 893//1813 894//1813 884//1813
f 896//1814 895//1814 894//1814
f 898//1815 872//1815 873//1815
f 874//1816 916//1816 898//1816
f 902//1817 886//1817 634//1817
f 900//1818 901//1818 902//1818
f 887//1819 902//1819 903//1819
f 904//1820 900//1820 899//1820
f 904//1821 901//1821 900//1821
f 901//1822 905//1822 903//1822
f 905//1823 887//1823 903//1823
f 906//1824 910//1824 904//1824
f 910//1825 889//1825 905//1825
f 909//1826 910//1826 906//1826
f 907//1827 909//1827 906//1827
f 909//1828 890//1828 910//1828
f 889//1829 910//1829 890//1829
f 920//1830 908//1830 907//1830
f 908//1831 880//1831 890//1831
f 890//1832 909//1832 908//1832
f 745//1833 911//1833 743//1833
f 912//1834 911//1834 745//1834
f 746//1835 912//1835 745//1835
f 912//1836 893//1836 911//1836
f 915//1837 894//1837 893//1837
f 896//1838 915//1838 913//1838
f 914//1839 896//1839 913//1839
f 916//1840 896//1840 914//1840
f 917//1841 634//1841 632//1841
f 918//1842 634//1842 917//1842
f 919//1843 634//1843 918//1843
f 920//1844 918//1844 753//1844
f 920//1845 919//1845 918//1845
f 904//1846 905//1846 901//1846
f 914//1847 757//1847 750//1847
f 922//1848 917//1848 632//1848
f 922//1849 632//1849 921//1849
f 923//1850 924//1850 921//1850
f 924//1851 922//1851 921//1851
f 253//1852 806//1852 238//1852
f 925//1853 926//1853 250//1853
f 927//1854 806//1854 253//1854
f 249//1855 927//1855 253//1855
f 250//1856 256//1856 242//1856
f 926//1857 256//1857 250//1857
f 929//1858 256//1858 926//1858
f 929//1859 254//1859 928//1859
f 931//1860 254//1860 929//1860
f 931//1861 930//1861 254//1861
f 809//1862 759//1862 805//1862
f 926//1863 925//1863 934//1863
f 929//1864 926//1864 934//1864
f 927//1865 937//1865 935//1865
f 937//1866 927//1866 930//1866
f 936//1867 931//1867 929//1867
f 759//1868 809//1868 820//1868
f 932//1869 810//1869 815//1869
f 942//1870 809//1870 933//1870
f 762//1871 759//1871 943//1871
f 936//1872 939//1872 938//1872
f 950//1873 947//1873 937//1873
f 930//1874 940//1874 950//1874
f 944//1875 932//1875 815//1875
f 951//1876 944//1876 815//1876
f 945//1877 952//1877 942//1877
f 954//1878 944//1878 951//1878
f 953//1879 952//1879 945//1879
f 947//1880 948//1880 953//1880
f 938//1881 955//1881 949//1881
f 955//1882 938//1882 946//1882
f 942//1883 830//1883 941//1883
f 820//1884 829//1884 673//1884
f 942//1885 952//1885 838//1885
f 956//1886 968//1886 839//1886
f 951//1887 827//1887 837//1887
f 962//1888 968//1888 956//1888
f 961//1889 962//1889 959//1889
f 965//1890 969//1890 952//1890
f 956//1891 963//1891 962//1891
f 954//1892 951//1892 964//1892
f 966//1893 965//1893 953//1893
f 967//1894 836//1894 963//1894
f 946//1895 964//1895 967//1895
f 954//1896 964//1896 946//1896
f 948//1897 966//1897 953//1897
f 948//1898 967//1898 966//1898
f 967//1899 963//1899 966//1899
f 957//1900 968//1900 846//1900
f 969//1901 844//1901 838//1901
f 968//1902 957//1902 839//1902
f 844//1903 958//1903 843//1903
f 961//1904 835//1904 846//1904
f 970//1905 844//1905 969//1905
f 965//1906 966//1906 970//1906
f 970//1907 963//1907 958//1907
f 283//1908 270//1908 268//1908
f 270//1909 283//1909 278//1909
f 289//1910 290//1910 277//1910
f 267//1911 268//1911 260//1911
f 267//1912 271//1912 268//1912
f 290//1913 283//1913 277//1913
f 283//1914 271//1914 277//1914
f 271//1915 283//1915 268//1915
f 491//1916 475//1916 490//1916
f 473//1917 458//1917 467//1917
f 483//1918 490//1918 473//1918
f 475//1919 491//1919 484//1919
f 458//1920 474//1920 465//1920
f 475//1921 474//1921 490//1921
f 490//1922 474//1922 473//1922
f 458//1923 473//1923 474//1923
f 1//1924 64//1924 61//1924
f 1//1925 63//1925 64//1925
f 63//1926 8//1926 68//1926
f 63//1927 68//1927 74//1927
f 61//1928 62//1928 1//1928
f 8//1929 63//1929 1//1929
f 68//1930 8//1930 6//1930
f 4//1931 6//1931 8//1931
f 27//1932 28//1932 36//1932
f 36//1933 92//1933 27//1933
f 36//1934 2//1934 62//1934
f 62//1935 92//1935 36//1935
f 2//1936 1//1936 62//1936
f 971//1937 975//1937 972//1937
f 972//1938 973//1938 971//1938
f 974//1939 983//1939 975//1939
f 975//1940 971//1940 974//1940
f 978//1941 981//1941 979//1941
f 979//1942 976//1942 978//1942
f 976//1943 979//1943 977//1943
f 981//1944 978//1944 980//1944
f 973//1945 972//1945 981//1945
f 981//1946 980//1946 973//1946
f 983//1947 974//1947 982//1947
f 989//1948 987//1948 985//1948
f 987//1949 986//1949 985//1949
f 985//1950 986//1950 984//1950
f 988//1951 987//1951 989//1951
f 984//1952 990//1952 985//1952
f 985//1953 990//1953 989//1953
f 990//1954 991//1954 989//1954
f 989//1955 991//1955 988//1955
f 988//1956 992//1956 987//1956
f 987//1957 992//1957 986//1957
f 986//1958 992//1958 984//1958
f 992//1959 990//1959 984//1959
f 994//1960 993//1960 995//1960
f 993//1961 994//1961 996//1961
f 1006//1962 997//1962 998//1962
f 999//1963 1000//1963 998//1963
f 998//1964 1000//1964 1001//1964
f 1001//1965 1000//1965 1002//1965
f 996//1966 1002//1966 993//1966
f 1002//1967 1003//1967 993//1967
f 993//1968 1003//1968 995//1968
f 1004//1969 995//1969 1003//1969
f 1005//1970 994//1970 995//1970
f 1002//1971 996//1971 1001//1971
f 996//1972 1006//1972 1001//1972
f 1001//1973 1006//1973 998//1973
f 1007//1974 1008//1974 1009//1974
f 1010//1975 1012//1975 1011//1975
f 1012//1976 1008//1976 1007//1976
f 1012//1977 1010//1977 1008//1977
f 1009//1978 1013//1978 1007//1978
f 1013//1979 1014//1979 1007//1979
f 1007//1980 1014//1980 1012//1980
f 1012//1981 1014//1981 1011//1981
f 1014//1982 1015//1982 1011//1982
f 1011//1983 1015//1983 1010//1983
f 1010//1984 1015//1984 1008//1984
f 1015//1985 1009//1985 1008//1985
f 1016//1986 1018//1986 1017//1986
f 1020//1987 1019//1987 1021//1987
f 1019//1988 1022//1988 1021//1988
f 1020//1989 1021//1989 1023//1989
f 1023//1990 1024//1990 1020//1990
f 1020//1991 1024//1991 1016//1991
f 1016//1992 1017//1992 1025//1992
f 1025//1993 1017//1993 1026//1993
f 1018//1994 1027//1994 1017//1994
f 1017//1995 1027//1995 1029//1995
f 1028//1996 1026//1996 1029//1996
f 1029//1997 1026//1997 1017//1997
f 1016//1998 1025//1998 1020//1998
f 1025//1999 1019//1999 1020//1999
f 1030//2000 1031//2000 1043//2000
f 1031//2001 1030//2001 1033//2001
f 1034//2002 1031//2002 1033//2002
f 1031//2003 1034//2003 1032//2003
f 1034//2004 1035//2004 1032//2004
f 1032//2005 1035//2005 1036//2005
f 1038//2006 1039//2006 1037//2006
f 1039//2007 1040//2007 1041//2007
f 1041//2008 1036//2008 1039//2008
f 1036//2009 1041//2009 1032//2009
f 1032//2010 1041//2010 1042//2010
f 1041//2011 1040//2011 1042//2011
f 1040//2012 1038//2012 1042//2012
f 1042//2013 1038//2013 1043//2013
f 1038//2014 1037//2014 1043//2014
f 1037//2015 1044//2015 1043//2015
f 1043//2016 1044//2016 1030//2016
f 1044//2017 1033//2017 1030//2017
f 1045//2018 1035//2018 1033//2018
f 1035//2019 1034//2019 1033//2019
f 1039//2020 1038//2020 1040//2020
f 1044//2021 1046//2021 1033//2021
f 1046//2022 1045//2022 1033//2022
f 1047//2023 1048//2023 1049//2023
f 1048//2024 1050//2024 1049//2024
f 1049//2025 1050//2025 1051//2025
f 1047//2026 1049//2026 1053//2026
f 1053//2027 1049//2027 1054//2027
f 1049//2028 1055//2028 1054//2028
f 1052//2029 1048//2029 1047//2029
f 1057//2030 1051//2030 1058//2030
f 1051//2031 1050//2031 1058//2031
f 1052//2032 1047//2032 1059//2032
f 1047//2033 1053//2033 1060//2033
f 1061//2034 1060//2034 1062//2034
f 1062//2035 1060//2035 1063//2035
f 1064//2036 1071//2036 1065//2036
f 1060//2037 1069//2037 1063//2037
f 1063//2038 1069//2038 1070//2038
f 1057//2039 1072//2039 1051//2039
f 1051//2040 1072//2040 1043//2040
f 1073//2041 1069//2041 1053//2041
f 1069//2042 1060//2042 1053//2042
f 1068//2043 1073//2043 1053//2043
f 1070//2044 1071//2044 1063//2044
f 1063//2045 1071//2045 1064//2045
f 1068//2046 1053//2046 1056//2046
f 1075//2047 1050//2047 1048//2047
f 1050//2048 1077//2048 1058//2048
f 1058//2049 1077//2049 1076//2049
f 1050//2050 1075//2050 1077//2050
f 1078//2051 1058//2051 1076//2051
f 1054//2052 1056//2052 1053//2052
f 1056//2053 1054//2053 1079//2053
f 1054//2054 1055//2054 1079//2054
f 1079//2055 1055//2055 1049//2055
f 1032//2056 1042//2056 1082//2056
f 1042//2057 1043//2057 1082//2057
f 1043//2058 1072//2058 1082//2058
f 1083//2059 1082//2059 1072//2059
f 1083//2060 1072//2060 1084//2060
f 1084//2061 1072//2061 1085//2061
f 1072//2062 1057//2062 1085//2062
f 1085//2063 1057//2063 1086//2063
f 1057//2064 1058//2064 1086//2064
f 1086//2065 1058//2065 1078//2065
f 1074//2066 1059//2066 1087//2066
f 1059//2067 1047//2067 1087//2067
f 1047//2068 1060//2068 1061//2068
f 1094//2069 1061//2069 1062//2069
f 1062//2070 1088//2070 1094//2070
f 1062//2071 1089//2071 1088//2071
f 1032//2072 1082//2072 1081//2072
f 1081//2073 1082//2073 1092//2073
f 1089//2074 1062//2074 1063//2074
f 1063//2075 1064//2075 1089//2075
f 1064//2076 1095//2076 1089//2076
f 1095//2077 1090//2077 1089//2077
f 1095//2078 1096//2078 1090//2078
f 1090//2079 1096//2079 1091//2079
f 1096//2080 1081//2080 1091//2080
f 1092//2081 1091//2081 1081//2081
f 1080//2082 1032//2082 1096//2082
f 1032//2083 1081//2083 1096//2083
f 1049//2084 1051//2084 1079//2084
f 1079//2085 1051//2085 1031//2085
f 1051//2086 1043//2086 1031//2086
f 1032//2087 1080//2087 1031//2087
f 1031//2088 1080//2088 1079//2088
f 1080//2089 1097//2089 1056//2089
f 1097//2090 1068//2090 1056//2090
f 1066//2091 1065//2091 1071//2091
f 1064//2092 1065//2092 1095//2092
f 1095//2093 1065//2093 1096//2093
f 1065//2094 1080//2094 1096//2094
f 1079//2095 1080//2095 1056//2095
f 1068//2096 1097//2096 1067//2096
f 1067//2097 1097//2097 1066//2097
f 1066//2098 1097//2098 1065//2098
f 1080//2099 1065//2099 1097//2099
f 1074//2100 1087//2100 1076//2100
f 1087//2101 1094//2101 1086//2101
f 1076//2102 1087//2102 1078//2102
f 1087//2103 1086//2103 1078//2103
f 1047//2104 1061//2104 1087//2104
f 1061//2105 1094//2105 1087//2105
f 1091//2106 1089//2106 1090//2106
f 1093//2107 1037//2107 1039//2107
f 1084//2108 1085//2108 1086//2108
f 1045//2109 1046//2109 1094//2109
f 1045//2110 1094//2110 1088//2110
f 1091//2111 1036//2111 1089//2111
f 1089//2112 1036//2112 1035//2112
f 1036//2113 1091//2113 1098//2113
f 1099//2114 1039//2114 1036//2114
f 1036//2115 1098//2115 1099//2115
f 1039//2116 1099//2116 1093//2116
f 1084//2117 1086//2117 1094//2117
f 1094//2118 1093//2118 1084//2118
f 1093//2119 1094//2119 1037//2119
f 1037//2120 1094//2120 1044//2120
f 1089//2121 1035//2121 1088//2121
f 1088//2122 1035//2122 1045//2122
f 1094//2123 1046//2123 1044//2123
f 1098//2124 1092//2124 1099//2124
f 1083//2125 1084//2125 1093//2125
f 1093//2126 1099//2126 1083//2126
f 1099//2127 1082//2127 1083//2127
f 1092//2128 1098//2128 1091//2128
f 1082//2129 1099//2129 1092//2129
