# Blender 4.5.2 LTS
# www.blender.org
mtllib pangolin.mtl
o Sphere
v 0.229909 2.055550 -0.638794
v 0.198334 1.624823 -0.800388
v 0.211845 1.393555 -0.763499
v 0.255101 1.171308 -0.657655
v 0.316233 0.866442 -0.225979
v 0.322798 2.350489 -0.204807
v 0.494120 2.230102 -0.413747
v 0.618269 2.049989 -0.586687
v 0.676846 1.818542 -0.697721
v 0.689844 1.596853 -0.734996
v 0.685848 1.359053 -0.704437
v 0.669267 1.130719 -0.631686
v 0.617492 0.964712 -0.437819
v 0.472655 0.862298 -0.207982
v 0.424608 2.350138 -0.146022
v 0.708334 2.227012 -0.305938
v 0.962753 2.023747 -0.438300
v 1.210903 1.731412 -0.522105
v 1.327491 1.474400 -0.542116
v 1.300307 1.216481 -0.504265
v 1.274351 0.707884 -0.365608
v 1.097569 0.710250 -0.299498
v 0.587332 0.855045 -0.148362
v 0.482702 2.349816 -0.058044
v 0.820923 2.219752 -0.144590
v 1.130805 1.995042 -0.216224
v 1.501608 1.684936 -0.257504
v 1.996110 1.267794 -0.238147
v 1.912111 1.027845 -0.247377
v 1.430931 0.710677 -0.208523
v 1.055836 0.700230 -0.166029
v 0.646218 0.840258 -0.056586
v 0.501288 2.349712 0.045733
v 0.856151 2.216598 0.045733
v 1.180423 1.983983 0.045733
v 1.576262 1.675550 0.045733
v -1.561594 1.227086 -0.285416
v 2.120414 1.256085 0.045733
v -1.557218 1.250896 -0.283604
v 1.348180 0.710473 0.144980
v 1.137563 0.708510 0.150007
v 0.662130 0.843501 0.045733
v -1.535220 1.183089 -0.292716
v 0.482702 2.349816 0.149510
v 0.820923 2.219752 0.236056
v -1.544757 1.203275 -0.302253
v -1.548106 1.227086 -0.305602
v 1.130805 1.995042 0.307690
v -1.544757 1.250896 -0.302253
v 1.501608 1.684936 0.348970
v -1.535220 1.271082 -0.292716
v 1.996110 1.267794 0.329613
v 1.912111 1.027845 0.338843
v 0.645828 0.839221 0.148080
v 0.424608 2.350138 0.237488
v -1.520947 1.183089 -0.302253
v -1.526108 1.203275 -0.314714
v 0.708334 2.227012 0.397404
v 0.962753 2.023747 0.529766
v -1.527921 1.227086 -0.319090
v 1.210903 1.731412 0.613571
v -1.526108 1.250896 -0.314714
v 1.327491 1.474400 0.633582
v -1.520947 1.271082 -0.302253
v 1.300307 1.216481 0.595731
v 0.586003 0.854874 0.239939
v 0.322798 2.350489 0.296273
v -1.504110 1.183089 -0.305602
v 0.494120 2.230102 0.505213
v -1.504110 1.203275 -0.319090
v -1.504110 1.227086 -0.323826
v 0.618269 2.049989 0.678153
v 0.676846 1.818542 0.789187
v -1.504110 1.250896 -0.319090
v 0.689844 1.596853 0.826462
v 0.685875 1.359064 0.795903
v 0.669039 1.130758 0.723180
v 0.616292 0.964809 0.529396
v 0.472613 0.862323 0.299476
v 0.194984 2.351108 0.316915
v 0.226084 2.231689 0.543071
v -1.482112 1.203275 -0.314714
v -1.480299 1.227086 -0.319090
v 0.229909 2.055550 0.730260
v 0.206793 1.841075 0.850442
v 0.198334 1.624823 0.891854
v 0.211950 1.393551 0.854965
v 0.255624 1.171311 0.749121
v 0.316948 0.984444 0.550623
v 0.316978 0.866442 0.317445
v 0.255486 0.819903 0.045733
v 0.066522 2.348128 0.296273
v -0.034235 2.221213 0.505213
v -0.129000 2.035139 0.678153
v -0.192093 1.815925 0.789187
v -0.209322 1.598943 0.825985
v -0.184718 1.366421 0.793020
v -0.107643 1.154547 0.716754
v 0.031068 0.981297 0.519796
v 0.155138 0.868356 0.295866
v 0.165124 2.396446 0.045733
v -0.100376 2.323829 0.237488
v -0.358406 2.160608 0.397404
v -0.611599 1.930889 0.529766
v -0.794073 1.664122 0.614749
v -0.807516 1.435087 0.637610
v -0.736061 1.205773 0.596014
v 0.028698 0.867068 0.236638
v -0.300417 2.272504 0.149510
v -0.622389 2.084164 0.236056
v -0.969030 1.827885 0.307690
v -1.517398 1.405963 0.354356
v -1.406029 1.140233 0.417282
v -1.216186 0.958960 0.341463
v -0.041215 0.860476 0.145163
v -0.354630 2.260205 0.045733
v -1.636126 1.384705 0.045733
v -1.312114 0.878779 0.045773
v -0.618425 0.712770 0.182478
v -0.387951 0.712710 0.159585
v -0.063903 0.865339 0.045981
v -0.300417 2.272504 -0.058044
v -1.517398 1.405963 -0.262890
v -1.428600 1.147992 -0.318610
v -1.223665 0.957284 -0.246205
v -0.044988 0.867750 -0.052704
v -0.100376 2.323829 -0.146022
v -0.358406 2.160608 -0.305938
v -0.611599 1.930889 -0.438300
v -0.794073 1.664122 -0.523283
v -0.807516 1.435087 -0.546144
v -0.736099 1.200015 -0.504506
v 0.026965 0.870532 -0.144923
v -1.504110 1.203275 0.410601
v -1.504110 1.227086 0.415337
v 0.066522 2.348128 -0.204807
v -0.034235 2.221213 -0.413747
v -1.504110 1.250896 0.410601
v -0.129000 2.035139 -0.586687
v -0.192093 1.815925 -0.697721
v -1.520947 1.183089 0.393764
v -0.209322 1.598943 -0.734518
v -0.184811 1.364995 -0.701555
v -1.526108 1.203275 0.406225
v -0.108188 1.149222 -0.625288
v -1.527921 1.227086 0.410601
v -1.526108 1.250896 0.406225
v 0.029976 0.981610 -0.428330
v -1.520947 1.271082 0.393764
v 0.154113 0.868795 -0.204400
v 0.194984 2.351108 -0.225449
v 0.226084 2.231689 -0.451605
v 0.206793 1.841075 -0.758976
v -1.535220 1.183089 0.384227
v 0.316260 0.984442 -0.459157
v -1.544757 1.203275 0.393764
v -1.837295 1.031487 0.227059
v -1.548106 1.227086 0.397113
v -1.772354 0.896249 0.249575
v -1.544757 1.250896 0.393764
v -1.667827 0.825189 0.224385
v -1.535220 1.271082 0.384227
v -1.883973 1.012035 0.045733
v -1.710068 0.790193 0.045733
v -1.837295 1.031487 -0.135593
v -1.772354 0.896249 -0.158109
v -1.561594 1.227086 0.376928
v -1.667827 0.825189 -0.132919
v 2.595729 0.750951 -0.106689
v -1.557218 1.250896 0.375115
v 2.494414 0.665443 -0.124771
v 2.392162 0.593525 -0.081625
v 2.629463 0.760041 0.045733
v 2.387697 0.572958 0.045733
v 2.595729 0.750951 0.198155
v 2.494414 0.665443 0.216237
v 2.392162 0.593525 0.173091
v 2.738366 0.554835 -0.058816
v 2.678544 0.489904 -0.061818
v 2.598713 0.457481 -0.044069
v 2.760370 0.541455 0.045733
v 2.703864 0.459187 0.045733
v 2.607490 0.436892 0.045733
v 2.738366 0.554835 0.150282
v 2.678544 0.489904 0.153284
v 2.598713 0.457481 0.135535
v -0.549558 0.724928 0.466640
v -0.326308 0.717275 0.398146
v -0.672464 0.716063 0.357630
v -0.275670 0.707187 0.272195
v -0.703218 0.714624 -0.253451
v -0.323799 0.714492 -0.207145
v -0.612375 0.719618 -0.390563
v -0.399778 0.719325 -0.345881
v 1.437836 0.710283 0.296399
v 1.047334 0.698774 0.262518
v 1.273063 0.707486 0.460428
v 1.084876 0.709651 0.408887
v -0.696293 2.067940 0.047227
v -1.049291 1.819731 0.044238
v -0.634637 2.079548 -0.148379
v -0.968135 1.836234 -0.217888
v -0.588706 1.006911 0.556438
v -0.189525 0.920683 0.420836
v -0.191836 0.858856 0.227457
v -0.866497 0.913079 0.327771
v -0.637947 0.712794 -0.102173
v -0.428953 0.714449 -0.084178
v -0.860436 0.885779 0.044600
v -0.315802 0.887605 0.044494
v -0.213807 0.887953 -0.137500
v -0.873194 0.907206 -0.233130
v -0.597986 0.982184 -0.467072
v -0.203039 0.929344 -0.334334
v 1.348682 0.710781 -0.053605
v 1.147154 0.709135 -0.056454
v 0.928418 0.822246 0.226567
v 1.730131 0.865920 0.278394
v 1.217343 0.932565 0.549393
v 0.887915 0.893148 0.421242
v 1.218445 0.932498 -0.457329
v 0.895724 0.893516 -0.326688
v 1.729095 0.865919 -0.187446
v 0.931664 0.826427 -0.134001
v 1.701465 0.841160 0.045684
v 1.046969 0.863908 0.045929
v -0.533471 0.465092 0.457465
v -0.338639 0.465092 0.392083
v -0.287923 0.465092 0.279052
v -0.639250 0.465092 0.366763
v -0.579874 0.465092 0.199269
v -0.389499 0.465092 0.174400
v -0.604050 0.465212 -0.119595
v -0.436616 0.465212 -0.100753
v -0.339388 0.465212 -0.220464
v -0.677969 0.465212 -0.260021
v -0.610414 0.465212 -0.386547
v -0.424956 0.465212 -0.349920
v 1.289993 0.465410 0.159780
v 1.137751 0.465208 0.166318
v 1.063674 0.464996 0.268081
v 1.399513 0.465064 0.298908
v 1.271643 0.464960 0.450545
v 1.109578 0.464960 0.404792
v 1.274152 0.466641 -0.359022
v 1.120873 0.466641 -0.294336
v 1.395374 0.466640 -0.211617
v 1.069994 0.466641 -0.169704
v 1.291979 0.466641 -0.062822
v 1.147780 0.466641 -0.067642
v -0.519855 0.275816 0.432876
v -0.360830 0.275816 0.381353
v -0.314055 0.275815 0.282884
v -1.482112 1.203275 0.406225
v -0.611675 0.275815 0.356277
v -1.480299 1.227086 0.410601
v -0.558895 0.275815 0.220041
v -0.402810 0.275815 0.197007
v -0.591859 0.275861 -0.135679
v -0.446391 0.275861 -0.120274
v -0.362522 0.275861 -0.222436
v -0.658675 0.275861 -0.258319
v -1.504110 1.183089 0.397113
v -0.596019 0.275861 -0.365971
v -0.437736 0.275861 -0.337282
v 1.277691 0.275935 0.192222
v 1.152340 0.275859 0.193809
v 1.091707 0.275780 0.274896
v 1.358520 0.275805 0.300909
v 1.261737 0.275766 0.416445
v 1.130720 0.275766 0.384245
v 1.267569 0.276396 -0.329643
v 1.135736 0.276397 -0.282007
v 1.363757 0.276396 -0.210366
v 1.091993 0.276397 -0.173029
v 1.283270 0.276397 -0.084448
v 1.157802 0.276397 -0.085454
v 0.202055 1.510247 -0.790515
v 0.229059 1.279640 -0.721246
v 0.407304 2.299112 -0.310271
v 0.565246 2.147733 -0.507008
v 0.654788 1.936348 -0.650761
v 0.687057 1.707270 -0.726214
v 0.689233 1.479962 -0.724837
v 0.679390 1.239769 -0.678983
v 0.652583 1.039251 -0.547187
v 0.554525 0.905258 -0.321150
v 0.444916 1.164511 -0.656795
v 0.427399 1.387581 -0.750297
v 0.419057 2.054664 -0.625597
v 0.421855 1.619959 -0.783954
v 0.399327 0.864862 -0.224690
v 0.563182 2.298289 -0.226740
v 0.837948 2.138046 -0.377317
v 1.093836 1.880653 -0.487193
v 1.290443 1.598100 -0.541080
v 1.325156 1.348683 -0.525940
v 1.268211 1.077106 -0.486446
v 1.034461 0.904966 -0.426471
v 0.727626 0.882557 -0.235948
v 0.956658 1.777133 -0.623168
v 0.807329 2.038875 -0.523393
v 0.380458 2.349870 -0.181872
v 0.761051 0.940640 -0.393927
v 0.932253 1.050331 -0.563953
v 1.000708 1.544310 -0.654101
v 0.612770 2.229048 -0.367761
v 0.539573 0.860286 -0.185264
v 0.986217 1.294771 -0.620600
v 0.648189 2.296685 -0.101729
v 0.976937 2.119145 -0.183220
v 1.303322 1.848614 -0.242175
v 1.728008 1.504676 -0.258329
v 1.981458 1.130420 -0.260120
v 1.829256 0.938809 -0.228934
v 0.802047 0.842869 -0.098590
v 0.626959 0.846820 -0.106541
v 1.478393 0.908089 -0.333717
v 1.603423 1.140670 -0.368681
v 1.391016 1.701037 -0.397924
v 1.067156 2.008153 -0.334545
v 0.461554 2.349558 -0.106348
v 0.907693 0.847442 -0.220042
v 1.646737 1.396137 -0.402327
v 0.776336 2.223465 -0.230555
v 0.675089 2.296044 0.045733
v 1.019710 2.110972 0.045733
v 1.360914 1.839896 0.045733
v 1.834175 1.484686 0.045733
v 2.107699 0.716832 0.045733
v 2.406565 0.992815 0.045733
v 1.343874 0.852484 0.045953
v 0.832366 0.860190 0.045754
v 2.233323 0.848048 -0.169299
v 2.100858 1.259582 -0.093388
v 1.167864 1.986779 -0.087803
v 0.847282 2.217377 -0.051286
v 0.662426 0.841634 -0.006350
v 1.782306 0.825762 -0.069499
v 1.559385 1.677481 -0.108009
v 0.499494 2.349322 -0.007671
v 0.961619 0.839885 -0.050969
v 0.648189 2.296685 0.193195
v 0.976937 2.119145 0.274686
v 1.303322 1.848614 0.333641
v 1.728008 1.504676 0.349795
v 1.981458 1.130420 0.351586
v 1.829365 0.938809 0.320346
v 0.800707 0.839869 0.190259
v 0.847282 2.217377 0.142752
v 0.499494 2.349322 0.099137
v 0.662349 0.840908 0.097820
v 0.959641 0.836945 0.142816
v 2.356887 0.978640 -0.150724
v 2.100858 1.259582 0.184854
v 1.167864 1.986779 0.179269
v 1.783241 0.825762 0.160485
v 1.559385 1.677481 0.199475
v 0.563182 2.298289 0.318206
v 0.837948 2.138046 0.468783
v 1.093836 1.880653 0.578659
v 1.290443 1.598100 0.632546
v 1.325156 1.348683 0.617406
v 1.268125 1.077116 0.577939
v 1.029051 0.905147 0.520686
v 0.723408 0.882093 0.328015
v 1.646737 1.396137 0.493793
v 1.391016 1.701037 0.489390
v 0.776336 2.223465 0.322021
v 0.461554 2.349558 0.197814
v 0.625951 0.846125 0.198086
v 0.901503 0.844672 0.314311
v 1.603423 1.140670 0.460147
v 1.067156 2.008153 0.426011
v 1.479212 0.908096 0.424795
v 0.407304 2.299112 0.401737
v 0.565246 2.147733 0.598474
v 0.654788 1.936348 0.742227
v 0.687057 1.707270 0.817680
v 0.689233 1.479962 0.816304
v 0.679419 1.239787 0.770452
v 0.651731 1.039329 0.638733
v 0.553793 0.905327 0.412695
v 0.380458 2.349870 0.273338
v 0.756893 0.940828 0.485993
v 0.931299 1.050404 0.655580
v 1.000708 1.544310 0.745567
v 0.956658 1.777133 0.714634
v 0.612770 2.229048 0.459228
v 0.538732 0.860322 0.276809
v 0.986217 1.294771 0.712066
v 0.807329 2.038875 0.614859
v 0.211078 2.300289 0.431069
v 0.232777 2.149805 0.644016
v 0.219018 1.950325 0.799613
v 0.199721 1.733756 0.881415
v 0.202055 1.510247 0.881981
v 0.229372 1.279640 0.812712
v 0.289130 1.071333 0.659229
v 0.326369 0.915323 0.433689
v 0.292577 0.837866 0.206589
v 0.445192 1.164526 0.748265
v 0.427466 1.387586 0.841763
v 0.423180 1.837300 0.834929
v 0.419057 2.054664 0.717063
v 0.260553 2.350419 0.314211
v 0.467532 0.978090 0.548870
v 0.421855 1.619959 0.875420
v 0.360514 2.230977 0.533483
v 0.399807 0.864866 0.316159
v 0.017351 2.294216 0.401737
v -0.084139 2.134145 0.598474
v -0.165792 1.926721 0.742227
v -0.206280 1.708298 0.817620
v -0.202370 1.483019 0.814808
v -0.154571 1.256343 0.766030
v -0.042164 1.061924 0.629896
v 0.099379 0.915861 0.405575
v 0.059177 2.053256 0.717063
v 0.100024 2.230721 0.533483
v 0.234122 0.868043 0.313943
v 0.083760 1.171533 0.743469
v 0.024609 1.391506 0.840720
v 0.018434 1.838480 0.834929
v 0.131596 2.350398 0.314211
v 0.170020 0.986030 0.541823
v 0.005152 1.622340 0.875360
v 0.010692 2.366202 0.159573
v -0.225809 2.253361 0.318207
v -0.488707 2.052991 0.468783
v -0.719933 1.796220 0.578807
v -0.818607 1.547247 0.635847
v -0.778673 1.317089 0.619057
v -0.678644 1.111757 0.581563
v -0.367489 0.961331 0.521161
v -0.059109 0.900197 0.325971
v -0.453885 1.301913 0.707303
v -0.488767 1.538002 0.744935
v -0.364818 1.990653 0.614859
v -0.192078 2.197071 0.459228
v 0.084045 0.869019 0.273072
v -0.344190 1.104459 0.653016
v -0.469308 1.757986 0.714781
v -0.009627 2.340183 0.273338
v -0.093278 0.965756 0.480698
v -0.466619 2.185934 0.193194
v -0.779704 1.972558 0.274686
v -1.211594 1.629678 0.334403
v -1.501981 1.263244 0.405173
v -1.317968 1.042936 0.400942
v -1.010476 0.954352 0.328214
v -0.125417 0.872843 0.188274
v -0.510092 2.118211 0.322021
v -0.212481 2.296159 0.197814
v -0.015733 0.863657 0.194803
v -0.174450 0.874744 0.314698
v -0.979821 1.090925 0.474127
v -1.128511 1.297500 0.516375
v -0.821518 1.871891 0.426011
v -0.776074 0.953143 0.450573
v -1.137860 1.542029 0.494082
v -0.529810 2.171468 0.045946
v -0.862974 1.955502 0.044724
v -1.337197 1.597129 0.045520
v -1.653443 0.987052 -0.223027
v -1.538370 0.866709 -0.165167
v -1.098608 0.908336 0.045759
v -0.577709 0.866782 0.042861
v -0.167357 0.889965 0.046200
v -0.227943 0.868320 0.143593
v -0.908602 0.893215 0.197172
v -1.814528 1.147924 0.045733
v -1.619633 1.384820 0.195298
v -0.678723 2.069949 0.143654
v -0.350349 2.260480 0.099137
v -0.060732 0.862598 0.096088
v -1.282412 0.891600 0.190688
v -1.041098 1.809868 0.180005
v -0.466886 2.186154 -0.101928
v -0.779594 1.968250 -0.187937
v -1.218951 1.635326 -0.243324
v -1.501981 1.263244 -0.313707
v -1.335993 1.044102 -0.300547
v -1.011641 0.950166 -0.235961
v -0.136163 0.893756 -0.094638
v -1.619633 1.384820 -0.103832
v -1.051294 1.811177 -0.087946
v -0.350349 2.260480 -0.007671
v -0.244513 0.887444 -0.053234
v -0.912740 0.892423 -0.104583
v -1.766902 1.135140 -0.169946
v -0.682076 2.072656 -0.052251
v -0.063241 0.867352 -0.003877
v -1.299203 0.891452 -0.094361
v -0.225809 2.253361 -0.226741
v -0.488707 2.052991 -0.377317
v -0.719933 1.796220 -0.487341
v -0.818607 1.547247 -0.544381
v -0.778669 1.316382 -0.527586
v -0.679657 1.094787 -0.490134
v -0.382044 0.950080 -0.435609
v -0.063321 0.909640 -0.234423
v -0.785433 0.936105 -0.357834
v -0.979900 1.086804 -0.382547
v -1.137860 1.542029 -0.402616
v -0.821124 1.872831 -0.335620
v -0.212481 2.296159 -0.106348
v -0.195336 0.898927 -0.227382
v -1.128511 1.297500 -0.424909
v -0.511254 2.117702 -0.231704
v -0.018827 0.869832 -0.102624
v 0.017351 2.294216 -0.310271
v -0.084139 2.134145 -0.507008
v -0.165792 1.926721 -0.650761
v -0.206280 1.708298 -0.726154
v -0.202386 1.482851 -0.723342
v -0.154847 1.252263 -0.674564
v -0.043017 1.059040 -0.538431
v 0.098220 0.916942 -0.314109
v -0.364818 1.990653 -0.523393
v -0.192078 2.197071 -0.367761
v 0.082913 0.870494 -0.181575
v -0.345570 1.088566 -0.561848
v -0.453937 1.297784 -0.615832
v -0.469308 1.757986 -0.623315
v -0.009627 2.340183 -0.181872
v -0.095666 0.967518 -0.389739
v -0.488767 1.538002 -0.653469
v 0.211078 2.300289 -0.339603
v 0.169067 0.986070 -0.450357
v 0.100024 2.230721 -0.442017
v 0.018434 1.838480 -0.743463
v 0.131596 2.350398 -0.222745
v 0.183852 2.381041 -0.115261
v 0.232777 2.149805 -0.552549
v 0.219018 1.950325 -0.708147
v 0.199721 1.733756 -0.789949
v 0.288501 1.071329 -0.567763
v 0.325607 0.915321 -0.342223
v 0.292054 0.837866 -0.115123
v 0.255470 2.380807 -0.103006
v 0.382855 0.836423 -0.103253
v 0.423180 1.837300 -0.743463
v 0.260553 2.350419 -0.222745
v 0.467307 0.978072 -0.457391
v 0.360514 2.230977 -0.442017
v 0.312836 2.380608 -0.068107
v 0.449695 0.834401 -0.067847
v 0.346831 2.380536 -0.015877
v 0.485734 0.830775 -0.015071
v 0.357816 2.380522 0.045733
v 0.495274 0.829590 0.045733
v 0.346831 2.380536 0.107343
v 0.485689 0.830651 0.106540
v 0.312836 2.380608 0.159573
v 0.449566 0.834385 0.159326
v 0.255470 2.380807 0.194472
v 0.383045 0.836427 0.194723
v 0.183852 2.381041 0.206727
v 0.109752 2.379485 0.194472
v 0.195997 0.839557 0.193199
v 0.114070 0.841534 0.156677
v -0.115495 2.336042 0.107343
v 0.065002 0.842028 0.104313
v -0.153400 2.327503 0.045733
v 0.051928 0.842265 0.045764
v -0.115495 2.336042 -0.015877
v 0.064157 0.842937 -0.012723
v 0.010692 2.366202 -0.068107
v 0.113322 0.841967 -0.065180
v 0.109752 2.379485 -0.103006
v 0.195314 0.839612 -0.101733
v 0.233185 0.868098 -0.222477
v 0.024495 1.391337 -0.749254
v 0.005152 1.622340 -0.783894
v 0.059177 2.053256 -0.625597
v 0.083158 1.170871 -0.652003
v -1.819892 0.969000 0.244976
v -1.719048 0.843597 0.243593
v -1.792292 0.797285 0.045733
v -1.871264 1.018564 0.157847
v -1.697314 0.799342 0.156464
v -1.819892 0.969000 -0.153510
v -1.719048 0.843597 -0.152127
v -1.871264 1.018564 -0.066381
v -1.697314 0.799342 -0.064998
v -1.766902 1.135140 0.261412
v -1.653443 0.987052 0.314493
v -1.505095 0.863282 0.284041
v -1.552955 0.825214 0.045733
v 2.551579 0.714149 -0.128854
v 2.434124 0.623335 -0.111622
v 2.629400 0.548643 -0.094809
v 2.710346 0.614134 -0.079213
v 2.544052 0.495990 0.151454
v 2.621424 0.761401 -0.042896
v 2.383759 0.577535 -0.025664
v 2.551579 0.714149 0.220320
v 2.434124 0.623335 0.203088
v 2.537839 0.478240 0.045733
v 2.621424 0.761401 0.134362
v 2.383759 0.577535 0.117130
v 2.104594 0.742619 0.207372
v 2.233323 0.848048 0.260765
v 2.356887 0.978640 0.242190
v 2.104485 0.742619 -0.115960
v 2.718363 0.523877 -0.064494
v 2.633410 0.464422 -0.054508
v 2.742079 0.493226 0.045733
v 2.658433 0.436015 0.045733
v 2.698328 0.464882 -0.013112
v 2.754377 0.545512 -0.018240
v 2.604092 0.441879 -0.008254
v 2.718363 0.523877 0.155960
v 2.633410 0.464422 0.145974
v 2.698328 0.464882 0.104578
v 2.754377 0.545512 0.109706
v 2.604092 0.441879 0.099720
v 2.629400 0.548643 0.186275
v 2.710346 0.614134 0.170679
v 2.737540 0.617542 0.045733
v 2.544052 0.495990 -0.059988
v -0.432162 0.723052 0.448695
v -0.276270 0.710693 0.337429
v -0.631712 0.721336 0.432778
v -0.507205 0.713437 0.148129
v -0.310631 0.709208 0.207096
v -0.672394 0.713206 0.262545
v -0.581563 0.860305 0.493981
v -0.289175 0.832820 0.412252
v -0.242866 0.801019 0.255686
v -0.750545 0.828875 0.341433
v -0.375889 0.817857 0.121734
v -0.708021 0.817644 0.139862
v -0.537067 0.713680 -0.072647
v -0.354826 0.714205 -0.134887
v -0.692622 0.713038 -0.167858
v -0.505587 0.720407 -0.388951
v -0.678459 0.717254 -0.337685
v -0.337509 0.716717 -0.281364
v -0.719391 0.817631 -0.055052
v -0.401178 0.822133 -0.039399
v -0.279079 0.821935 -0.177811
v -0.769320 0.824656 -0.241962
v -0.334808 0.838750 -0.343518
v -0.619005 0.844393 -0.411555
v 1.239748 0.710686 0.128860
v 1.074579 0.702299 0.197203
v 1.423587 0.710665 0.205308
v 1.166261 0.709625 0.459099
v 1.047648 0.703574 0.337573
v 1.377030 0.708328 0.395176
v 1.478554 0.807047 0.115627
v 1.127049 0.805137 0.116444
v 1.007903 0.776514 0.250183
v 1.528835 0.809861 0.291430
v 1.024742 0.811325 0.416840
v 1.270037 0.809279 0.485254
v 1.174702 0.710015 -0.354996
v 1.372462 0.708742 -0.305903
v 1.058845 0.704697 -0.233112
v 1.245954 0.711040 -0.035844
v 1.418915 0.711009 -0.116157
v 1.083645 0.703454 -0.103705
v 1.271489 0.809270 -0.391605
v 1.035601 0.811847 -0.314402
v 1.524605 0.809910 -0.202096
v 1.014014 0.779571 -0.155665
v 1.132677 0.805849 -0.023861
v 1.478777 0.807085 -0.024380
v -0.431604 0.465092 0.438344
v -0.291044 0.465092 0.337849
v -0.605754 0.465092 0.431955
v -0.487530 0.465092 0.164713
v -0.320957 0.465092 0.218758
v -0.631767 0.465092 0.277415
v -0.523114 0.465212 -0.090560
v -0.369186 0.465212 -0.150205
v -0.657441 0.465212 -0.181117
v -0.520069 0.465212 -0.387328
v -0.663804 0.465212 -0.337282
v -0.359779 0.465212 -0.290808
v 1.208278 0.465361 0.146169
v 1.087687 0.465077 0.208804
v 1.366861 0.465262 0.214927
v 1.181527 0.464960 0.450481
v 1.070014 0.464965 0.338083
v 1.357783 0.464973 0.389960
v 1.189838 0.466641 -0.347611
v 1.355553 0.466640 -0.303672
v 1.078962 0.466641 -0.231952
v 1.215560 0.466641 -0.046947
v 1.364441 0.466641 -0.122931
v 1.095796 0.466641 -0.112028
v 1.137837 0.591398 0.163105
v 1.061657 0.590036 0.267148
v 1.297910 0.592668 -0.063719
v 1.397063 0.592654 -0.210966
v -0.390186 0.591844 0.173859
v -0.583396 0.591851 0.198367
v 1.404274 0.591521 0.298236
v 1.297017 0.591783 0.156263
v 1.070487 0.591349 -0.169624
v 1.148764 0.592462 -0.068209
v -0.288339 0.591154 0.278505
v -0.606403 0.591937 -0.119833
v -0.437373 0.592144 -0.101284
v 1.106465 0.591371 0.405326
v 1.271837 0.591100 0.451824
v -0.641424 0.592263 0.365011
v -0.341186 0.592149 -0.219119
v 1.273290 0.592305 -0.357302
v 1.119438 0.592601 -0.293436
v -0.677678 0.592166 -0.258752
v -0.534680 0.593371 0.456994
v -0.338461 0.592414 0.391949
v -0.423730 0.592753 -0.347073
v -0.608649 0.592790 -0.383930
v -0.439541 0.262075 0.406100
v -0.335569 0.262075 0.331419
v -0.567814 0.262075 0.399333
v -0.480652 0.262075 0.204534
v -0.357323 0.262075 0.242393
v -0.587170 0.262075 0.286793
v -0.520759 0.262110 -0.125906
v -0.402664 0.262110 -0.171308
v -0.625453 0.262110 -0.195237
v -0.518475 0.262110 -0.353560
v -0.629609 0.262110 -0.314604
v -0.396223 0.262110 -0.279595
v 1.211027 0.262151 0.194153
v 1.123407 0.262072 0.235584
v 1.320968 0.262123 0.242798
v 1.192008 0.262036 0.403530
v 1.111650 0.262038 0.326550
v 1.313706 0.262042 0.361209
v 1.197875 0.262528 -0.308366
v 1.319501 0.262528 -0.274661
v 1.113506 0.262528 -0.223806
v 1.217056 0.262528 -0.083997
v 1.326467 0.262528 -0.142426
v 1.125721 0.262528 -0.131672
v 1.392691 0.346579 0.299888
v 1.288456 0.346835 0.167852
v -0.435145 0.346689 -0.099325
v -0.336506 0.346689 -0.220185
v 1.292503 0.347739 -0.063144
v 1.394439 0.347739 -0.211885
v -0.532600 0.346600 0.456286
v -0.339928 0.346600 0.391999
v 1.113115 0.346504 0.401431
v 1.270056 0.346504 0.444766
v -0.681025 0.346689 -0.260571
v -0.605385 0.346689 -0.117925
v 1.069966 0.347739 -0.169627
v 1.147705 0.347739 -0.067361
v -0.288661 0.346600 0.279068
v 1.068185 0.346530 0.269635
v -0.423662 0.346689 -0.352087
v -0.611564 0.346689 -0.388678
v -0.638304 0.346600 0.366076
v -0.390179 0.346600 0.175755
v -0.578686 0.346600 0.200626
v 1.274572 0.347739 -0.358120
v 1.120954 0.347739 -0.294896
v 1.139967 0.346685 0.172738
v 0.433266 1.273217 -0.714575
v 0.424922 1.948071 -0.693614
v 0.228189 2.376511 -0.136386
v 0.462180 1.064289 -0.567857
v 0.421640 1.729242 -0.773824
v 0.310217 2.299662 -0.332490
v 0.443994 0.911108 -0.339153
v 0.423803 1.504861 -0.774401
v 0.397898 2.149237 -0.541016
v 0.353652 0.841293 -0.136686
v 0.891563 1.910072 -0.581037
v 0.305284 2.376181 -0.108660
v 0.856401 0.984083 -0.493085
v 0.990695 1.658055 -0.648261
v 0.493564 2.298682 -0.274909
v 0.651800 0.897858 -0.287066
v 0.997275 1.423563 -0.641064
v 0.716199 2.144350 -0.451689
v 0.446674 0.839457 -0.108938
v 0.969181 1.162979 -0.600608
v 0.505977 0.835480 -0.056736
v 1.543305 1.020084 -0.351648
v 1.226412 1.860389 -0.372650
v 0.358481 2.376034 -0.057429
v 1.543053 1.545607 -0.407525
v 0.614387 2.297453 -0.168513
v 0.773591 0.858015 -0.169828
v 1.651675 1.263653 -0.388340
v 0.922703 2.128596 -0.286634
v 2.303603 0.919610 0.268094
v 1.008904 2.113028 -0.070979
v 0.530554 0.832231 0.010161
v 2.103560 0.720229 0.135211
v 1.346582 1.842047 -0.100927
v 0.384037 2.375985 0.009507
v 1.814052 1.488103 -0.106502
v 0.668708 2.296141 -0.029500
v 0.821804 0.850446 -0.027094
v 0.668708 2.296141 0.120966
v 0.821391 0.848347 0.118615
v 2.394568 0.994062 -0.066828
v 1.008904 2.113028 0.162445
v 0.530542 0.832098 0.081306
v 2.303603 0.919610 -0.176628
v 1.346582 1.842047 0.192393
v 0.384037 2.375985 0.081959
v 1.373768 0.591705 0.212645
v 1.814052 1.488103 0.197968
v 1.543053 1.545607 0.498991
v 0.614387 2.297453 0.259979
v 0.770402 0.856009 0.261819
v 1.651675 1.263653 0.479806
v 0.922703 2.128596 0.378100
v 0.505796 0.835356 0.148217
v 1.543394 1.020086 0.443067
v 1.226412 1.860389 0.464116
v 0.358481 2.376034 0.148895
v 0.305284 2.376181 0.200126
v 0.853424 0.984261 0.585068
v 0.990695 1.658055 0.739727
v 0.493564 2.298682 0.366375
v 0.649020 0.897961 0.378817
v 0.997275 1.423563 0.732530
v 0.716199 2.144350 0.543155
v 0.446617 0.839466 0.200419
v 0.969082 1.162998 0.692091
v 0.891563 1.910072 0.672503
v 0.433458 1.273227 0.806041
v 0.424922 1.948071 0.785080
v 0.228189 2.376511 0.227852
v 0.462419 1.064307 0.659333
v 0.421640 1.729242 0.865290
v 0.310217 2.299662 0.423956
v 0.444356 0.911120 0.430629
v 0.423803 1.504861 0.865867
v 0.397898 2.149237 0.632482
v 0.354074 0.841293 0.228152
v 0.080749 2.148147 0.632482
v 0.242991 0.843031 0.227233
v 0.049261 1.278628 0.803368
v 0.036945 1.947751 0.785080
v 0.144169 2.376410 0.227852
v 0.126082 1.072472 0.652624
v 0.007753 1.731224 0.865282
v 0.116517 2.299705 0.423956
v 0.208371 0.916922 0.425685
v 0.010332 1.507799 0.865595
v -0.477185 1.419202 0.729441
v -0.283993 2.099624 0.543155
v 0.137259 0.845200 0.197865
v -0.415585 1.196838 0.688385
v -0.427819 1.874004 0.672521
v 0.051672 2.370798 0.200126
v -0.221896 1.029065 0.581029
v -0.487950 1.648579 0.739998
v -0.097153 2.279479 0.366375
v 0.007873 0.911730 0.373810
v -0.360275 2.217126 0.259979
v -0.097883 0.882686 0.260174
v -1.061516 1.184687 0.498999
v -0.660076 2.006671 0.378099
v 0.060369 0.846371 0.145135
v -0.877405 1.025535 0.459826
v -0.997282 1.706558 0.464599
v -0.091606 2.341465 0.148895
v -1.169122 1.412855 0.514647
v -0.489757 0.591935 0.164120
v -1.529364 0.832339 0.172884
v -0.519430 2.172459 0.120987
v -0.150750 0.878835 0.117313
v -1.719008 1.071228 0.305856
v -0.840321 1.958890 0.165720
v 0.026649 0.846372 0.079863
v -1.079795 0.917333 0.189133
v -1.312378 1.600788 0.192566
v -0.194679 2.316060 0.081959
v -1.323271 1.603694 -0.101726
v -0.194679 2.316060 0.009507
v 1.368975 0.592696 -0.123199
v -1.585787 0.915458 -0.208550
v -0.515509 2.175241 -0.029043
v -0.158139 0.892504 -0.024224
v -1.801702 1.148897 -0.077710
v -0.840287 1.963037 -0.072205
v 0.025957 0.847263 0.011742
v -1.080505 0.916772 -0.097231
v -0.878762 1.013472 -0.367907
v -0.997226 1.706794 -0.373198
v -0.091606 2.341465 -0.057429
v -1.169122 1.412855 -0.423181
v -0.360607 2.216999 -0.168595
v -0.106535 0.900331 -0.167504
v -1.061919 1.184527 -0.407520
v -0.659677 2.006770 -0.290056
v 0.059282 0.847529 -0.053535
v -0.283993 2.099624 -0.451689
v 0.136455 0.845477 -0.106394
v -0.415924 1.184941 -0.596949
v -0.427819 1.874004 -0.581055
v 0.051672 2.370798 -0.108660
v -0.224292 1.020814 -0.490253
v -0.487950 1.648579 -0.648532
v -0.097153 2.279479 -0.274909
v 0.006272 0.915481 -0.282375
v -0.477191 1.418698 -0.637974
v 0.207356 0.917057 -0.334219
v 0.010315 1.507785 -0.774129
v 0.080749 2.148147 -0.541016
v 0.242270 0.843041 -0.135767
v 0.048924 1.278125 -0.711902
v 0.036945 1.947751 -0.693614
v 0.144169 2.376410 -0.136386
v 0.125269 1.072113 -0.561158
v 0.007753 1.731224 -0.773816
v 0.116517 2.299705 -0.332490
v -1.777635 0.807036 0.160003
v -1.777635 0.807036 -0.068537
v -1.544389 0.835723 -0.074150
v -1.801702 1.148897 0.169176
v -1.719008 1.071228 -0.214390
v -1.553389 0.917586 0.337820
v 2.731037 0.619617 -0.027266
v 2.675848 0.585927 0.188978
v 2.675848 0.585927 -0.097512
v 2.535841 0.482488 0.105456
v 2.157456 0.786557 -0.152952
v 2.394568 0.994062 0.158294
v 2.103448 0.720229 -0.043802
v 2.157477 0.786557 0.244407
v 2.736541 0.498891 -0.015455
v 2.653199 0.441385 -0.009754
v 2.736541 0.498891 0.106921
v 2.653199 0.441385 0.101220
v 2.579692 0.517204 -0.084236
v 2.731037 0.619617 0.118732
v 2.579692 0.517204 0.175702
v 2.535841 0.482488 -0.013990
v 1.086164 0.590532 0.206705
v -0.424693 0.851803 0.476002
v -0.237287 0.811606 0.334886
v -0.691576 0.846640 0.439306
v -0.546563 0.817617 0.106738
v -0.281445 0.807182 0.179453
v -0.766809 0.819647 0.230750
v -0.563895 0.818073 -0.025057
v -0.312943 0.821308 -0.097917
v -0.779104 0.819079 -0.137078
v -0.468950 0.844004 -0.403400
v -0.719761 0.834680 -0.345364
v -0.279317 0.828871 -0.262979
v 1.301173 0.808790 0.095725
v 1.040246 0.786858 0.173987
v 1.553682 0.805945 0.187366
v 1.126426 0.812898 0.479492
v 0.995597 0.791057 0.334304
v 1.418814 0.809770 0.406900
v 1.133739 0.812853 -0.380176
v 1.416063 0.809814 -0.316658
v 1.004746 0.793122 -0.234859
v 1.304750 0.808901 -0.003483
v 1.550785 0.805988 -0.097384
v 1.045916 0.789080 -0.081378
v -0.431972 0.345246 0.436945
v 1.363550 0.346372 -0.123456
v -0.367364 0.345333 -0.149694
v 1.361324 0.345369 0.220378
v 1.096141 0.591752 -0.112262
v -0.321285 0.591406 0.218179
v -0.524717 0.592048 -0.091211
v 1.179611 0.591368 0.451601
v -0.634954 0.591906 0.275932
v -0.370527 0.592113 -0.149945
v 1.067196 0.590615 0.337981
v 1.188360 0.592572 -0.346167
v -0.658819 0.591967 -0.180654
v 1.360219 0.591215 0.390594
v 1.355525 0.592412 -0.302262
v -0.432004 0.593137 0.438232
v -0.518164 0.592889 -0.384396
v 1.078573 0.591907 -0.231514
v -0.291092 0.591592 0.337500
v -0.662493 0.592494 -0.335257
v 1.212128 0.591776 0.142376
v 1.219379 0.592700 -0.047851
v -0.607393 0.592922 0.430723
v -0.360299 0.592427 -0.288528
v 1.216687 0.229731 -0.194147
v -0.515523 0.229590 -0.240133
v 1.212148 0.229579 0.294483
v -0.461325 0.229579 0.311814
v 1.182856 0.345150 0.444414
v -0.659218 0.345333 -0.180592
v 1.096395 0.346372 -0.112345
v -0.293046 0.345246 0.337597
v 1.075386 0.345154 0.336662
v -0.520060 0.345333 -0.389112
v -0.604033 0.345246 0.430406
v 1.352108 0.345160 0.386326
v -0.665550 0.345333 -0.338429
v -0.487099 0.345246 0.166909
v 1.190124 0.346372 -0.346715
v -0.357997 0.345333 -0.291508
v -0.322455 0.345246 0.220091
v 1.354683 0.346371 -0.302921
v 1.208744 0.345441 0.155230
v -0.629750 0.345246 0.277876
v 1.079692 0.346372 -0.231898
v 1.092057 0.345235 0.213426
v -0.523096 0.345333 -0.089460
v 1.215694 0.346372 -0.047698
v -1.827719 0.855345 -0.070314
v -1.869489 0.928172 -0.068834
v -1.883000 0.918152 0.045733
v -1.841889 0.844929 0.045733
v -1.827719 0.855345 0.161780
v -1.869489 0.928172 0.160300
v -1.495874 1.255415 0.405944
v -1.488489 1.250896 0.407494
v -1.478821 1.233552 0.408096
v -1.481291 1.240110 0.408208
v -1.556564 1.214951 0.380194
v -1.554593 1.203275 0.379044
v -1.533499 1.181463 0.382506
v -1.536946 1.183089 0.381644
v -1.518126 1.178165 0.386956
v -1.494734 1.183089 0.395248
v -1.476290 1.227086 0.407922
v -1.478254 1.203275 0.403648
v -1.484670 1.193270 0.400049
v -1.504110 1.179452 0.391670
v -1.504803 1.260747 0.403881
v -1.504110 1.260643 0.404089
v -1.560787 1.234808 0.373261
v -1.558133 1.250896 0.370517
v -1.532493 1.273659 0.381500
v -1.505578 1.261504 0.403221
v -1.513263 1.271082 0.395293
v -1.519527 1.273561 0.390337
v -1.550961 1.261032 0.372524
v -1.539932 1.271082 0.377176
v -1.562176 1.227086 0.374002
v -1.560441 1.220814 0.376450
v -1.481393 1.241449 -0.316450
v -1.497782 1.256648 -0.313988
v -1.488006 1.250896 -0.315886
v -1.475818 1.227086 -0.316095
v -1.476287 1.222888 -0.315424
v -1.560220 1.219607 -0.284847
v -1.562434 1.227086 -0.281192
v -1.558467 1.250896 -0.277326
v -1.549116 1.264022 -0.280247
v -1.556530 1.214981 -0.288744
v -1.519382 1.273813 -0.298476
v -1.504857 1.260699 -0.312391
v -1.512819 1.271082 -0.303870
v -1.531996 1.274128 -0.289492
v -1.541089 1.271082 -0.283932
v -1.536886 1.183089 -0.290223
v -1.542423 1.189497 -0.289494
v -1.518077 1.178078 -0.295324
v -1.533528 1.181490 -0.291023
v -1.503613 1.260267 -0.312730
v -1.477845 1.203275 -0.311863
v -1.484924 1.192275 -0.307923
v -1.494103 1.183089 -0.303611
v -1.504110 1.179267 -0.299881
v -1.554524 1.203275 -0.287636
v -1.504110 1.260585 -0.312616
vn -0.0128 -0.4704 -0.8824
vn 0.0218 -0.2971 -0.9546
vn 0.1114 -0.2132 -0.9706
vn 0.0421 -0.4008 -0.9152
vn 0.0723 0.4141 -0.9074
vn 0.0650 0.5445 -0.8363
vn 0.1817 0.5266 -0.8305
vn 0.1912 0.3941 -0.8989
vn 0.0217 0.9593 -0.2817
vn 0.0192 0.9955 -0.0930
vn 0.1110 0.9702 -0.2156
vn -0.0261 -0.7886 -0.6143
vn -0.0274 -0.6661 -0.7453
vn -0.0093 -0.6776 -0.7353
vn -0.0001 -0.8263 -0.5632
vn 0.0750 0.0922 -0.9929
vn 0.0752 0.2719 -0.9594
vn 0.1913 0.2599 -0.9465
vn 0.1860 0.0826 -0.9791
vn 0.0414 0.8549 -0.5171
vn 0.0349 0.9130 -0.4065
vn 0.0913 0.9221 -0.3761
vn 0.1087 0.8667 -0.4868
vn -0.0115 -0.9214 -0.3884
vn -0.0175 -0.8613 -0.5077
vn 0.0332 -0.8725 -0.4876
vn 0.0489 -0.9326 -0.3577
vn 0.0544 -0.1994 -0.9784
vn 0.0703 -0.0813 -0.9942
vn 0.1751 -0.0862 -0.9808
vn 0.1541 -0.1686 -0.9736
vn 0.0546 0.6724 -0.7382
vn 0.0464 0.7788 -0.6255
vn 0.1289 0.7900 -0.5994
vn 0.1569 0.6738 -0.7221
vn -0.0013 -0.9938 -0.1113
vn -0.0362 -0.9658 -0.2568
vn 0.0174 -0.9740 -0.2258
vn 0.2911 0.4156 -0.8617
vn 0.2921 0.5433 -0.7871
vn 0.4057 0.6056 -0.6846
vn 0.3965 0.4923 -0.7749
vn 0.1053 0.9653 -0.2388
vn 0.0490 0.9960 -0.0749
vn 0.1697 0.9758 -0.1381
vn 0.0308 -0.8305 -0.5562
vn 0.0108 -0.6796 -0.7335
vn -0.0475 -0.7038 -0.7088
vn -0.0783 -0.8833 -0.4623
vn 0.2626 0.0725 -0.9622
vn 0.2806 0.2740 -0.9199
vn 0.3765 0.3469 -0.8590
vn 0.3433 0.1106 -0.9327
vn 0.1766 0.8828 -0.4353
vn 0.1431 0.9303 -0.3378
vn 0.1939 0.9424 -0.2725
vn 0.2488 0.9012 -0.3550
vn 0.0753 -0.9491 -0.3058
vn 0.0780 -0.9047 -0.4189
vn 0.0379 -0.9405 -0.3378
vn 0.0912 -0.9627 -0.2548
vn 0.2305 -0.1720 -0.9578
vn 0.2418 -0.1110 -0.9640
vn 0.3026 -0.1272 -0.9446
vn 0.2937 -0.2082 -0.9330
vn 0.2663 0.6886 -0.6745
vn 0.2184 0.8084 -0.5466
vn 0.3205 0.8313 -0.4542
vn 0.3839 0.7246 -0.5724
vn 0.0195 -0.9954 -0.0937
vn 0.0270 -0.9756 -0.2179
vn 0.0509 -0.9775 -0.2048
vn 0.1334 -0.3459 -0.9287
vn 0.2140 -0.1735 -0.9613
vn 0.3024 -0.1891 -0.9342
vn 0.2368 -0.2695 -0.9334
vn 0.0245 -0.9961 -0.0852
vn 0.0514 -0.9850 -0.1647
vn 0.0339 -0.9891 -0.1430
vn 0.3849 -0.3077 -0.8702
vn 0.3959 -0.2056 -0.8950
vn 0.3094 -0.2825 -0.9080
vn 0.4192 -0.3753 -0.8267
vn 0.5125 0.6231 -0.5909
vn 0.5280 0.6949 -0.4882
vn 0.5955 0.7518 -0.2832
vn 0.5746 0.7306 -0.3688
vn 0.1779 0.9723 -0.1514
vn 0.0719 0.9964 -0.0454
vn 0.2060 0.9774 -0.0481
vn 0.4416 0.2766 -0.8535
vn 0.4818 0.5151 -0.7089
vn 0.5434 0.6847 -0.4858
vn 0.5122 0.5216 -0.6823
vn 0.3224 0.9136 -0.2479
vn 0.2425 0.9494 -0.1996
vn 0.2727 0.9537 -0.1270
vn 0.3703 0.9163 -0.1525
vn 0.0447 -0.9713 -0.2334
vn -0.1653 -0.9566 -0.2401
vn -0.1349 -0.9788 -0.1542
vn 0.0167 -0.9905 -0.1365
vn 0.3343 -0.2753 -0.9014
vn 0.3683 -0.0840 -0.9259
vn 0.3965 0.1036 -0.9122
vn 0.2715 -0.2549 -0.9281
vn 0.5073 0.7657 -0.3954
vn 0.4293 0.8472 -0.3129
vn 0.4999 0.8461 -0.1848
vn 0.5816 0.7813 -0.2263
vn 0.3209 0.1161 0.9400
vn 0.1136 -0.2110 0.9709
vn 0.0616 -0.1549 0.9860
vn 0.3290 0.1653 0.9298
vn 0.6089 0.7833 -0.1253
vn 0.5303 0.8412 -0.1052
vn 0.5422 0.8395 -0.0354
vn 0.6194 0.7839 -0.0418
vn 0.0404 -0.9989 -0.0258
vn 0.0506 -0.9982 -0.0323
vn 0.0756 -0.9965 0.0362
vn -0.2725 -0.9416 0.1979
vn -0.3113 -0.9501 0.0217
vn -0.4531 -0.8914 0.0129
vn -0.4165 -0.8666 0.2748
vn 0.5964 0.7795 -0.1916
vn 0.6152 0.7735 -0.1525
vn 0.6231 0.7806 -0.0494
vn 0.6057 0.7937 -0.0565
vn 0.2158 0.9745 -0.0624
vn 0.0823 0.9965 -0.0145
vn 0.2099 0.9773 0.0295
vn 0.5861 0.7136 -0.3837
vn 0.5797 0.7776 -0.2436
vn 0.5938 0.8024 -0.0605
vn 0.6226 0.7796 -0.0679
vn 0.3930 0.9153 -0.0877
vn 0.2901 0.9540 -0.0752
vn 0.2969 0.9546 -0.0240
vn 0.4016 0.9153 -0.0294
vn 0.0222 -0.9995 0.0202
vn -0.0899 -0.9875 0.1295
vn -0.0508 -0.9889 0.1396
vn 0.0599 -0.9976 0.0361
vn 0.4016 0.9153 0.0294
vn 0.2969 0.9546 0.0240
vn 0.2901 0.9540 0.0752
vn 0.3930 0.9153 0.0877
vn 0.0532 -0.9973 -0.0499
vn -0.0518 -0.9845 -0.1678
vn -0.0950 -0.9850 -0.1440
vn 0.0122 -0.9995 -0.0295
vn 0.6278 0.6572 -0.4170
vn 0.6724 0.7362 -0.0760
vn 0.7178 0.6928 -0.0688
vn 0.6670 0.6197 -0.4135
vn 0.6194 0.7839 0.0418
vn 0.5422 0.8395 0.0354
vn 0.5303 0.8412 0.1052
vn 0.6089 0.7833 0.1253
vn 0.0404 -0.9989 0.0238
vn 0.0831 -0.9965 -0.0121
vn 0.0681 -0.9976 -0.0111
vn 0.1223 -0.2034 -0.9714
vn 0.3225 0.1209 -0.9388
vn 0.3001 0.1429 -0.9431
vn 0.0578 -0.1577 -0.9858
vn 0.6057 0.7937 0.0565
vn 0.6231 0.7806 0.0494
vn 0.6152 0.7735 0.1525
vn 0.5964 0.7795 0.1916
vn 0.2229 0.9747 0.0146
vn 0.0823 0.9965 0.0145
vn 0.1891 0.9766 0.1021
vn 0.5617 -0.3149 -0.7651
vn 0.8697 -0.3834 -0.3108
vn 0.9305 -0.0574 -0.3619
vn 0.5820 -0.0549 -0.8114
vn 0.6226 0.7796 0.0679
vn 0.5938 0.8024 0.0605
vn 0.5797 0.7776 0.2436
vn 0.5861 0.7136 0.3837
vn 0.5122 0.5216 0.6823
vn 0.5434 0.6847 0.4858
vn 0.4818 0.5151 0.7089
vn 0.4416 0.2766 0.8535
vn 0.3703 0.9163 0.1525
vn 0.2727 0.9537 0.1270
vn 0.2425 0.9494 0.1996
vn 0.3224 0.9136 0.2479
vn 0.0063 -0.9902 0.1392
vn -0.1476 -0.9764 0.1577
vn -0.1811 -0.9520 0.2466
vn 0.0386 -0.9701 0.2396
vn 0.2715 -0.2549 0.9281
vn 0.3965 0.1036 0.9122
vn 0.3683 -0.0840 0.9259
vn 0.3343 -0.2753 0.9014
vn 0.5816 0.7813 0.2263
vn 0.4999 0.8461 0.1848
vn 0.4293 0.8472 0.3129
vn 0.5073 0.7657 0.3954
vn 0.0236 -0.9960 0.0866
vn 0.0276 -0.9947 0.0990
vn 0.0020 -0.9785 0.2065
vn 0.4193 -0.3752 0.8267
vn 0.3093 -0.2826 0.9080
vn 0.3959 -0.2057 0.8950
vn 0.3853 -0.3072 0.8702
vn 0.5746 0.7306 0.3688
vn 0.5955 0.7518 0.2832
vn 0.5280 0.6949 0.4882
vn 0.5125 0.6231 0.5909
vn 0.2051 0.9741 0.0950
vn 0.0718 0.9964 0.0454
vn 0.1397 0.9736 0.1803
vn 0.1511 0.9694 0.1933
vn 0.0490 0.9960 0.0749
vn 0.0617 0.9670 0.2472
vn -0.0873 -0.8783 0.4701
vn -0.0530 -0.6984 0.7137
vn 0.0097 -0.6795 0.7336
vn 0.0301 -0.8305 0.5563
vn 0.3433 0.1106 0.9327
vn 0.3765 0.3469 0.8590
vn 0.2806 0.2740 0.9199
vn 0.2626 0.0725 0.9622
vn 0.2488 0.9012 0.3550
vn 0.1939 0.9424 0.2725
vn 0.1431 0.9303 0.3378
vn 0.1766 0.8828 0.4353
vn 0.0901 -0.9620 0.2576
vn 0.0333 -0.9391 0.3421
vn 0.0790 -0.9046 0.4188
vn 0.0761 -0.9490 0.3059
vn 0.2937 -0.2082 0.9330
vn 0.3026 -0.1272 0.9446
vn 0.2418 -0.1110 0.9640
vn 0.2305 -0.1720 0.9577
vn 0.3839 0.7246 0.5724
vn 0.3205 0.8313 0.4542
vn 0.2184 0.8084 0.5466
vn 0.2663 0.6886 0.6745
vn 0.0194 -0.9954 0.0938
vn 0.0732 -0.9891 0.1276
vn 0.0437 -0.9759 0.2137
vn 0.2365 -0.2676 0.9341
vn 0.3023 -0.1891 0.9343
vn 0.2140 -0.1735 0.9613
vn 0.1334 -0.3459 0.9287
vn 0.3965 0.4923 0.7749
vn 0.4057 0.6056 0.6846
vn 0.2921 0.5433 0.7871
vn 0.2911 0.4156 0.8617
vn 0.0421 -0.4008 0.9152
vn 0.1115 -0.2131 0.9706
vn 0.0219 -0.2970 0.9546
vn -0.0129 -0.4704 0.8824
vn 0.1912 0.3941 0.8989
vn 0.1817 0.5266 0.8305
vn 0.0650 0.5445 0.8363
vn 0.0723 0.4141 0.9074
vn 0.0746 0.9620 0.2627
vn 0.0192 0.9955 0.0930
vn -0.0276 0.9640 0.2646
vn -0.0000 -0.8263 0.5632
vn -0.0094 -0.6775 0.7354
vn -0.0275 -0.6661 0.7453
vn -0.0261 -0.7886 0.6143
vn 0.1860 0.0826 0.9791
vn 0.1913 0.2599 0.9465
vn 0.0752 0.2719 0.9594
vn 0.0750 0.0922 0.9929
vn 0.1087 0.8667 0.4868
vn 0.0913 0.9221 0.3761
vn 0.0349 0.9130 0.4065
vn 0.0414 0.8549 0.5171
vn 0.0494 -0.9326 0.3576
vn 0.0337 -0.8725 0.4875
vn -0.0175 -0.8613 0.5077
vn -0.0115 -0.9214 0.3884
vn 0.1542 -0.1686 0.9736
vn 0.1751 -0.0862 0.9808
vn 0.0703 -0.0813 0.9942
vn 0.0544 -0.1994 0.9784
vn 0.1569 0.6738 0.7221
vn 0.1289 0.7900 0.5994
vn 0.0464 0.7788 0.6255
vn 0.0546 0.6724 0.7382
vn -0.0012 -0.9938 0.1113
vn 0.0177 -0.9740 0.2257
vn -0.0142 -0.9640 0.2656
vn -0.0660 0.6723 0.7374
vn -0.0563 0.7736 0.6312
vn -0.1915 0.7665 0.6131
vn -0.2117 0.6692 0.7123
vn -0.0338 -0.9924 0.1186
vn 0.0028 -0.9685 0.2490
vn -0.0657 -0.9605 0.2704
vn -0.0289 -0.5112 0.8590
vn -0.0465 -0.3536 0.9342
vn -0.1338 -0.3375 0.9318
vn -0.0752 -0.5051 0.8598
vn -0.0801 0.4249 0.9017
vn -0.0741 0.5513 0.8310
vn -0.2269 0.5514 0.8028
vn -0.2354 0.4261 0.8735
vn -0.0229 0.9582 0.2853
vn -0.0373 0.9943 0.0995
vn -0.1426 0.9613 0.2356
vn -0.0454 -0.7857 0.6169
vn -0.0346 -0.6746 0.7374
vn -0.0547 -0.6875 0.7241
vn -0.0674 -0.7994 0.5970
vn -0.0859 0.0939 0.9919
vn -0.0841 0.2791 0.9566
vn -0.2370 0.2772 0.9311
vn -0.2320 0.0806 0.9694
vn -0.0465 0.8490 0.5263
vn -0.0365 0.9110 0.4107
vn -0.1394 0.9065 0.3984
vn -0.1674 0.8430 0.5113
vn -0.0343 -0.9203 0.3897
vn -0.0460 -0.8616 0.5056
vn -0.0819 -0.8681 0.4895
vn -0.0909 -0.9199 0.3814
vn -0.0713 -0.2307 0.9704
vn -0.0837 -0.0883 0.9926
vn -0.2191 -0.1066 0.9698
vn -0.1935 -0.2084 0.9587
vn -0.2458 -0.2267 0.9424
vn -0.2614 -0.1499 0.9535
vn -0.2712 -0.2138 0.9385
vn -0.2635 -0.2912 0.9197
vn -0.3076 0.6717 0.6740
vn -0.2908 0.7670 0.5720
vn -0.3632 0.7789 0.5113
vn -0.3796 0.6899 0.6164
vn -0.0702 -0.9921 0.1039
vn -0.0737 -0.9675 0.2420
vn -0.1144 -0.9675 0.2255
vn -0.1319 -0.4805 0.8670
vn -0.2124 -0.2872 0.9340
vn -0.2861 -0.2698 0.9194
vn -0.1617 -0.4594 0.8734
vn -0.3163 0.4225 0.8494
vn -0.3163 0.5522 0.7714
vn -0.3847 0.5730 0.7236
vn -0.3774 0.4344 0.8178
vn -0.1751 0.9519 0.2515
vn -0.1520 0.9868 0.0559
vn -0.2412 0.9545 0.1752
vn -0.0720 -0.8269 0.5577
vn -0.0628 -0.7059 0.7055
vn 0.0138 -0.6787 0.7343
vn 0.0348 -0.8245 0.5648
vn -0.2873 0.0448 0.9568
vn -0.3078 0.2632 0.9143
vn -0.3574 0.2381 0.9031
vn -0.3144 -0.0162 0.9492
vn -0.2663 0.8398 0.4731
vn -0.2302 0.8998 0.3705
vn -0.3012 0.8993 0.3170
vn -0.3400 0.8426 0.4177
vn -0.1187 -0.9318 0.3431
vn -0.1133 -0.8898 0.4420
vn -0.1041 -0.9238 0.3684
vn -0.1541 -0.9462 0.2847
vn -0.4100 0.8416 0.3517
vn -0.3600 0.8909 0.2769
vn -0.4024 0.8870 0.2266
vn -0.4693 0.8369 0.2816
vn -0.0886 -0.9807 0.1741
vn 0.2003 -0.9697 0.1400
vn 0.2310 -0.9719 0.0446
vn -0.0894 -0.9900 0.1093
vn -0.3074 -0.3043 0.9016
vn -0.2541 -0.2929 0.9217
vn -0.2103 -0.2696 0.9397
vn -0.2406 -0.4392 0.8656
vn -0.4569 0.7287 0.5101
vn -0.4364 0.7969 0.4177
vn -0.4985 0.8098 0.3095
vn -0.5236 0.7689 0.3668
vn -0.0918 -0.9928 0.0766
vn -0.1260 -0.9761 0.1772
vn -0.1363 -0.9817 0.1329
vn -0.3255 -0.4751 0.8175
vn -0.3700 -0.3577 0.8574
vn -0.3236 -0.6559 0.6819
vn -0.4481 -0.6986 0.5579
vn -0.4403 0.5088 0.7397
vn -0.4607 0.6346 0.6205
vn -0.5326 0.7133 0.4556
vn -0.4557 0.6746 0.5807
vn -0.2893 0.9439 0.1593
vn -0.2180 0.9753 -0.0366
vn -0.3050 0.9480 0.0910
vn -0.3151 -0.0968 0.9441
vn -0.3975 0.2373 0.8864
vn -0.4073 0.2670 0.8734
vn -0.2641 -0.1129 0.9579
vn -0.2876 -0.2062 -0.9353
vn 0.0943 -0.1166 -0.9887
vn 0.0973 -0.0029 -0.9952
vn -0.3434 -0.0162 -0.9390
vn 0.2171 -0.9760 0.0144
vn 0.2128 -0.9523 0.2187
vn 0.1570 -0.9438 0.2910
vn 0.2172 -0.9745 0.0555
vn -0.5133 0.8383 0.1840
vn -0.4400 0.8842 0.1568
vn -0.4512 0.8910 0.0507
vn -0.5260 0.8469 0.0782
vn -0.1390 -0.9902 0.0125
vn 0.0947 -0.9886 -0.1173
vn 0.0755 -0.9823 -0.1714
vn -0.1869 -0.9815 -0.0419
vn -0.3036 -0.1441 0.9419
vn -0.5472 0.2277 0.8055
vn -0.5703 0.0757 0.8179
vn -0.3626 -0.1791 0.9146
vn -0.5728 0.7920 0.2115
vn -0.5371 0.8205 0.1959
vn -0.5582 0.8257 0.0814
vn -0.5865 0.8045 0.0938
vn -0.1092 -0.9938 0.0204
vn -0.1490 -0.9871 0.0584
vn -0.1899 -0.9809 -0.0416
vn -0.2676 -0.9360 0.2286
vn -0.0049 -0.9657 0.2595
vn 0.1262 -0.9910 0.0456
vn -0.0942 -0.9954 0.0188
vn -0.5551 0.7929 0.2514
vn -0.5825 0.7712 0.2568
vn -0.6093 0.7885 0.0832
vn -0.5781 0.8135 0.0631
vn -0.3251 0.9406 0.0977
vn -0.2115 0.9774 -0.0053
vn -0.3166 0.9466 -0.0617
vn -0.5781 0.8135 -0.0631
vn -0.6116 0.7909 -0.0226
vn -0.5786 0.7753 -0.2531
vn -0.5717 0.7767 -0.2642
vn -0.3340 0.9423 -0.0219
vn -0.2115 0.9774 0.0053
vn -0.2887 0.9444 -0.1571
vn 0.9530 -0.2761 0.1250
vn 0.6330 -0.3094 0.7096
vn 0.6417 -0.0214 0.7667
vn 0.9523 -0.0143 0.3048
vn -0.1554 -0.3348 -0.9294
vn 0.0461 -0.6387 -0.7681
vn 0.0416 -0.6636 -0.7469
vn -0.2356 -0.3419 -0.9097
vn -0.5279 0.8485 -0.0352
vn -0.4515 0.8913 -0.0413
vn -0.4365 0.8856 -0.1586
vn -0.4967 0.8481 -0.1843
vn -0.2314 -0.9719 -0.0423
vn 0.0675 -0.9973 -0.0271
vn 0.0583 -0.9983 0.0004
vn -0.2357 -0.9671 -0.0960
vn -0.7962 0.5999 -0.0780
vn -0.7559 0.5428 -0.3661
vn -0.8430 0.4208 -0.3352
vn -0.8880 0.4538 -0.0742
vn -0.1091 -0.9934 -0.0342
vn -0.1953 -0.9807 0.0050
vn -0.2048 -0.9751 -0.0845
vn -0.0943 -0.9955 -0.0113
vn 0.1143 -0.9925 -0.0441
vn -0.0208 -0.9696 -0.2437
vn -0.2869 -0.9377 -0.1961
vn -0.5117 -0.6848 -0.5188
vn -0.3661 -0.6398 -0.6757
vn -0.3932 -0.3282 -0.8589
vn -0.3705 -0.4366 -0.8198
vn -0.4567 0.6464 -0.6111
vn -0.5140 0.7038 -0.4903
vn -0.4606 0.6300 -0.6253
vn -0.4403 0.5080 -0.7404
vn -0.3050 0.9480 -0.0910
vn -0.2180 0.9753 0.0366
vn -0.2481 0.9545 -0.1655
vn -0.2592 -0.1243 -0.9578
vn -0.4073 0.2670 -0.8734
vn -0.3975 0.2373 -0.8864
vn -0.3151 -0.0968 -0.9441
vn -0.4553 0.8422 -0.2886
vn -0.4004 0.8876 -0.2276
vn -0.3598 0.8910 -0.2769
vn -0.4076 0.8424 -0.3524
vn -0.2073 -0.9669 -0.1489
vn 0.1011 -0.9937 -0.0486
vn 0.0758 -0.9931 -0.0892
vn -0.1791 -0.9612 -0.2098
vn -0.2533 -0.4336 -0.8648
vn -0.2236 -0.2757 -0.9349
vn -0.2548 -0.2921 -0.9218
vn -0.3148 -0.2942 -0.9024
vn -0.4926 0.7875 -0.3703
vn -0.5225 0.7924 -0.3147
vn -0.4308 0.7980 -0.4214
vn -0.4547 0.7244 -0.5182
vn -0.0973 -0.9926 -0.0728
vn -0.1903 -0.9778 -0.0873
vn -0.1587 -0.9693 -0.1879
vn -0.3796 0.6899 -0.6164
vn -0.3632 0.7789 -0.5113
vn -0.2908 0.7670 -0.5720
vn -0.3076 0.6717 -0.6740
vn -0.0741 -0.9920 -0.1023
vn -0.1613 -0.9716 -0.1733
vn -0.1024 -0.9634 -0.2477
vn -0.1508 -0.4336 -0.8884
vn -0.2882 -0.2517 -0.9239
vn -0.2214 -0.2331 -0.9469
vn -0.1138 -0.4701 -0.8753
vn -0.3774 0.4344 -0.8178
vn -0.3847 0.5730 -0.7236
vn -0.3163 0.5522 -0.7714
vn -0.3163 0.4225 -0.8494
vn -0.2412 0.9545 -0.1752
vn -0.1520 0.9868 -0.0559
vn -0.1200 0.9620 -0.2454
vn 0.0424 -0.8592 -0.5098
vn 0.0517 -0.6802 -0.7312
vn -0.0384 -0.7074 -0.7057
vn -0.0723 -0.8378 -0.5412
vn -0.3144 -0.0162 -0.9492
vn -0.3574 0.2381 -0.9031
vn -0.3078 0.2632 -0.9143
vn -0.2873 0.0448 -0.9568
vn -0.3400 0.8426 -0.4177
vn -0.3012 0.8993 -0.3170
vn -0.2302 0.8998 -0.3705
vn -0.2663 0.8398 -0.4731
vn -0.1843 -0.9420 -0.2803
vn -0.1416 -0.9369 -0.3196
vn -0.1331 -0.8945 -0.4269
vn -0.1316 -0.9307 -0.3414
vn -0.2666 -0.2804 -0.9221
vn -0.2715 -0.2127 -0.9386
vn -0.2614 -0.1492 -0.9536
vn -0.2457 -0.2201 -0.9440
vn -0.0952 -0.9197 -0.3810
vn -0.0888 -0.8689 -0.4870
vn -0.0469 -0.8615 -0.5055
vn -0.0348 -0.9203 -0.3898
vn -0.1927 -0.2061 -0.9594
vn -0.2191 -0.1065 -0.9699
vn -0.0837 -0.0883 -0.9926
vn -0.0711 -0.2306 -0.9704
vn -0.2117 0.6692 -0.7123
vn -0.1915 0.7665 -0.6131
vn -0.0563 0.7736 -0.6312
vn -0.0660 0.6723 -0.7374
vn -0.0343 -0.9923 -0.1186
vn -0.0996 -0.9669 -0.2349
vn -0.0307 -0.9611 -0.2745
vn -0.0636 -0.5020 -0.8625
vn -0.1284 -0.3356 -0.9332
vn -0.0455 -0.3534 -0.9343
vn -0.0269 -0.5109 -0.8592
vn -0.2354 0.4261 -0.8735
vn -0.2269 0.5514 -0.8028
vn -0.0741 0.5513 -0.8310
vn -0.0801 0.4249 -0.9017
vn -0.1084 0.9561 -0.2722
vn -0.0373 0.9943 -0.0995
vn 0.0256 0.9654 -0.2597
vn -0.0685 -0.8009 -0.5949
vn -0.0447 -0.6866 -0.7257
vn -0.0331 -0.6743 -0.7377
vn -0.0456 -0.7857 -0.6169
vn -0.2320 0.0806 -0.9694
vn -0.2370 0.2772 -0.9311
vn -0.0841 0.2791 -0.9566
vn -0.0859 0.0939 -0.9919
vn -0.1674 0.8430 -0.5113
vn -0.1394 0.9065 -0.3984
vn -0.0365 0.9110 -0.4107
vn -0.0465 0.8490 -0.5263
vn -0.6901 -0.3833 0.6138
vn -0.8622 -0.0032 0.5065
vn -0.9930 -0.0103 0.1180
vn -0.1668 -0.8953 0.4131
vn -0.5151 -0.5919 0.6199
vn -0.6838 -0.7144 0.1487
vn -0.0909 -0.9916 0.0924
vn -0.9930 -0.0103 -0.1180
vn -0.8622 -0.0032 -0.5065
vn -0.6901 -0.3833 -0.6138
vn -0.0909 -0.9916 -0.0924
vn -0.6838 -0.7144 -0.1487
vn -0.5151 -0.5919 -0.6199
vn -0.1668 -0.8953 -0.4131
vn 0.1883 -0.9318 -0.3103
vn 0.2158 -0.9741 -0.0682
vn 0.2270 -0.9715 -0.0689
vn 0.2224 -0.9273 -0.3010
vn -0.7380 0.5418 0.4023
vn -0.7933 0.6026 0.0870
vn -0.8819 0.4631 0.0880
vn -0.8201 0.4330 0.3740
vn -0.5618 0.2230 -0.7967
vn -0.2954 -0.1479 -0.9439
vn -0.3057 -0.1415 -0.9416
vn -0.3612 -0.1876 -0.9134
vn -0.5790 0.1263 -0.8055
vn 0.0212 -0.5607 0.8278
vn -0.1154 -0.2652 0.9572
vn -0.3869 -0.2603 0.8846
vn -0.0752 -0.7346 0.6743
vn 0.7432 0.5446 -0.3886
vn 0.7929 0.6061 -0.0626
vn 0.9536 0.2910 -0.0767
vn 0.8798 0.2848 -0.3805
vn 0.3778 0.1325 0.9164
vn 0.0763 -0.1663 0.9831
vn 0.2179 -0.3379 0.9156
vn 0.5044 -0.0580 0.8615
vn 0.0729 -0.1680 -0.9831
vn 0.3609 0.1238 -0.9244
vn 0.4686 -0.1429 -0.8718
vn 0.2206 -0.3308 -0.9176
vn -0.4829 -0.8201 0.3069
vn -0.5284 -0.8486 0.0253
vn -0.5081 -0.8602 0.0442
vn -0.4796 -0.8151 0.3249
vn 0.0021 -0.4968 -0.8678
vn 0.0903 -0.2819 -0.9552
vn -0.0042 -0.2521 -0.9677
vn -0.1645 -0.5116 -0.8433
vn 0.6757 0.7344 0.0639
vn 0.6329 0.6595 0.4055
vn 0.6822 0.6263 0.3773
vn 0.7212 0.6906 0.0548
vn -0.2918 -0.9534 -0.0773
vn -0.2780 -0.9163 -0.2883
vn -0.4159 -0.8560 -0.3070
vn -0.4568 -0.8890 -0.0318
vn 0.0528 -0.3170 0.9470
vn -0.0829 -0.5821 0.8089
vn -0.1982 -0.5425 0.8163
vn -0.0230 -0.2678 0.9632
vn 0.5372 -0.6414 -0.5477
vn 0.8126 -0.3392 -0.4740
vn 0.9286 -0.3522 -0.1167
vn 0.6592 -0.7400 -0.1336
vn 0.0602 -0.9118 -0.4062
vn 0.3433 -0.7646 -0.5454
vn 0.4505 -0.8835 -0.1280
vn -0.0128 -0.9958 -0.0912
vn 0.6592 -0.7400 0.1336
vn 0.9286 -0.3522 0.1167
vn 0.8126 -0.3392 0.4740
vn 0.5372 -0.6414 0.5477
vn -0.0128 -0.9958 0.0912
vn 0.4505 -0.8835 0.1280
vn 0.3433 -0.7646 0.5454
vn 0.0602 -0.9118 0.4062
vn -0.2181 -0.5225 -0.8243
vn -0.0186 -0.2737 -0.9616
vn 0.0787 -0.4273 -0.9007
vn -0.1853 -0.5884 -0.7871
vn 0.7956 0.6034 0.0537
vn 0.7571 0.5457 0.3592
vn 0.9185 0.2522 0.3045
vn 0.9554 0.2867 0.0713
vn -0.0280 -0.2786 0.9600
vn -0.2357 -0.5330 0.8127
vn -0.1257 -0.5809 0.8042
vn 0.0948 -0.4260 0.8997
vn -0.5331 -0.8450 -0.0423
vn -0.4832 -0.8130 -0.3249
vn -0.4708 -0.8325 -0.2920
vn -0.5099 -0.8589 -0.0473
vn -0.5801 0.8123 -0.0602
vn -0.5655 0.8237 -0.0418
vn -0.5317 0.8115 -0.2423
vn -0.5616 0.8016 -0.2049
vn -0.9176 -0.1368 -0.3732
vn -0.6381 -0.1307 -0.7588
vn -0.6469 -0.0206 -0.7623
vn -0.9267 -0.0178 -0.3754
vn 0.1029 -0.1735 0.9794
vn 0.3914 -0.2126 0.8953
vn 0.3115 -0.4967 0.8101
vn 0.0666 -0.3883 0.9191
vn 0.7178 -0.3070 0.6249
vn 0.9325 -0.3607 -0.0175
vn 0.7150 -0.6978 0.0429
vn 0.5317 -0.6555 0.5363
vn -0.7348 -0.4337 0.5215
vn -0.4078 -0.2407 0.8808
vn -0.3721 -0.3846 0.8448
vn -0.5203 -0.6214 0.5858
vn 0.0876 -0.3463 -0.9340
vn -0.2625 -0.4403 -0.8586
vn -0.1169 -0.8138 -0.5693
vn 0.0648 -0.7652 -0.6405
vn 0.8157 -0.3642 -0.4494
vn 0.4749 -0.3671 -0.7998
vn 0.3278 -0.6747 -0.6612
vn 0.6037 -0.7098 -0.3629
vn -0.6071 -0.6834 -0.4055
vn -0.7618 -0.6267 0.1642
vn -0.4937 -0.8219 0.2842
vn -0.3068 -0.9350 -0.1779
vn -0.1619 -0.5065 0.8469
vn 0.0904 -0.3938 0.9148
vn 0.0721 -0.8035 0.5909
vn -0.0545 -0.8585 0.5099
vn 0.5063 -0.4392 0.7422
vn 0.8267 -0.4430 0.3469
vn 0.6025 -0.7686 0.2149
vn 0.2647 -0.8722 0.4114
vn -0.8489 -0.5199 0.0954
vn -0.6265 -0.6400 0.4448
vn -0.4550 -0.8823 0.1202
vn -0.6243 -0.7749 -0.0994
vn 0.3933 -0.1962 -0.8982
vn 0.0535 -0.1316 -0.9899
vn 0.0836 -0.3516 -0.9324
vn 0.3876 -0.4843 -0.7843
vn -0.6129 -0.1627 -0.7732
vn -0.9011 -0.3350 -0.2753
vn -0.7429 -0.5311 -0.4075
vn -0.4311 -0.2799 -0.8578
vn 0.9259 -0.3763 -0.0332
vn 0.7664 -0.3049 -0.5654
vn 0.6802 -0.6907 -0.2454
vn 0.6931 -0.7187 0.0547
vn 0.0978 -0.4080 -0.9077
vn -0.1089 -0.2562 -0.9605
vn -0.0670 -0.7206 -0.6901
vn -0.0276 -0.8609 -0.5080
vn -0.4707 -0.3348 -0.8163
vn -0.8051 -0.4370 -0.4011
vn -0.4147 -0.8573 -0.3051
vn -0.1641 -0.8414 -0.5149
vn 0.7302 -0.6731 -0.1170
vn 0.4661 -0.7304 -0.4993
vn 0.0640 -0.9821 -0.1773
vn 0.2730 -0.9567 0.1012
vn -0.4873 -0.3508 0.7997
vn -0.0445 -0.2100 0.9767
vn -0.0669 -0.4649 0.8829
vn -0.3846 -0.6769 0.6276
vn -0.8934 -0.4480 0.0324
vn -0.7963 -0.4591 0.3939
vn -0.5180 -0.7703 0.3721
vn -0.5135 -0.8550 0.0727
vn 0.5233 -0.1872 0.8313
vn 0.7907 -0.3811 0.4792
vn 0.6291 -0.4954 0.5990
vn 0.3892 -0.2887 0.8747
vn -0.1078 -0.2498 -0.9623
vn -0.5370 -0.3963 -0.7447
vn -0.3862 -0.7114 -0.5872
vn -0.0846 -0.4970 -0.8636
vn 0.6114 -0.5396 -0.5788
vn 0.4425 -0.2815 -0.8515
vn 0.4214 -0.4079 -0.8100
vn 0.2463 -0.7334 -0.6336
vn -0.7239 -0.5097 -0.4649
vn -0.8531 -0.5217 0.0106
vn -0.4956 -0.8655 -0.0733
vn -0.4593 -0.8330 -0.3084
vn -0.1859 -0.3387 0.9224
vn 0.1557 -0.3932 0.9062
vn 0.0675 -0.7743 0.6292
vn -0.0303 -0.7864 0.6170
vn 0.4427 -0.7481 0.4943
vn 0.5917 -0.7864 -0.1774
vn 0.1231 -0.9212 -0.3692
vn 0.1116 -0.9859 0.1249
vn -0.7969 -0.4697 0.3799
vn -0.5166 -0.4219 0.7451
vn -0.3179 -0.8162 0.4824
vn -0.4150 -0.8628 0.2887
vn 0.4455 -0.0055 0.8953
vn 0.1886 -0.0120 0.9820
vn 0.2400 -0.3567 0.9029
vn 0.4272 -0.2565 0.8670
vn 0.9442 -0.0082 0.3293
vn 0.6470 -0.0081 0.7624
vn 0.6702 -0.4328 0.6029
vn 0.8783 -0.3713 0.3011
vn 0.9204 0.0233 0.3903
vn 0.5966 0.0125 0.8025
vn 0.6233 -0.4334 0.6509
vn 0.8670 -0.3303 0.3732
vn 0.5817 -0.0627 -0.8110
vn 0.9303 -0.0594 -0.3619
vn 0.7823 -0.4846 -0.3914
vn 0.5442 -0.3454 -0.7646
vn -0.5894 -0.0890 0.8029
vn -0.9026 -0.1324 0.4096
vn -0.9129 0.0033 0.4082
vn -0.6420 0.0085 0.7667
vn 0.5168 -0.1098 -0.8491
vn 0.8727 -0.1234 -0.4725
vn 0.8776 0.0001 -0.4793
vn 0.5410 -0.0007 -0.8410
vn 0.1135 -0.1453 0.9829
vn -0.3254 -0.1749 0.9293
vn -0.3377 0.0006 0.9413
vn 0.1170 0.0048 0.9931
vn -0.0026 -0.0737 0.9973
vn -0.5312 -0.1132 0.8396
vn -0.5360 -0.0156 0.8441
vn -0.0007 -0.0101 0.9999
vn -0.9667 -0.2465 -0.0692
vn -0.7910 -0.3028 -0.5316
vn -0.8325 -0.0274 -0.5534
vn -0.9963 -0.0182 -0.0834
vn 0.9078 -0.1667 0.3850
vn 0.5558 -0.1718 0.8133
vn 0.5914 0.0046 0.8064
vn 0.9206 0.0089 0.3904
vn -0.8504 -0.1702 0.4978
vn -0.9853 -0.1704 0.0150
vn -0.9957 -0.0223 0.0902
vn -0.8599 -0.0233 0.5100
vn -0.5778 -0.1488 -0.8025
vn -0.1073 -0.0869 -0.9904
vn -0.1300 0.0098 -0.9915
vn -0.6076 -0.0012 -0.7942
vn -0.7270 -0.2813 0.6264
vn -0.9538 -0.2783 0.1129
vn -0.9720 -0.0114 0.2347
vn -0.7552 -0.0128 0.6554
vn 0.8313 -0.2271 0.5073
vn 0.5291 -0.1089 0.8416
vn 0.5694 -0.0151 0.8219
vn 0.9022 -0.0317 0.4302
vn 0.5551 -0.0647 -0.8293
vn 0.9009 -0.1440 -0.4095
vn 0.9178 0.0047 -0.3970
vn 0.5622 0.0152 -0.8268
vn 0.4412 -0.0873 0.8931
vn 0.1790 -0.0788 0.9807
vn 0.1845 0.0014 0.9828
vn 0.4455 0.0003 0.8953
vn -0.0051 -0.0524 -0.9986
vn 0.3666 -0.0693 -0.9278
vn 0.3660 0.0159 -0.9305
vn -0.0086 0.0206 -0.9997
vn -0.9833 -0.1280 -0.1296
vn -0.8476 -0.1554 -0.5074
vn -0.8346 -0.0007 -0.5508
vn -0.9898 0.0040 -0.1426
vn 0.9933 -0.1059 0.0471
vn 0.7632 -0.0946 0.6392
vn 0.7516 0.0021 0.6596
vn 0.9986 0.0035 0.0530
vn -0.9414 -0.1841 -0.2825
vn -0.6199 -0.0945 -0.7790
vn -0.6705 0.0187 -0.7416
vn -0.9809 0.0042 -0.1947
vn -0.2667 -0.1077 -0.9577
vn 0.1597 -0.1480 -0.9760
vn 0.1642 -0.0346 -0.9858
vn -0.2746 -0.0243 -0.9613
vn 0.1679 -0.1555 0.9735
vn -0.2029 -0.0536 0.9777
vn -0.2770 0.0153 0.9607
vn 0.1981 -0.0023 0.9802
vn -0.3373 -0.1067 0.9353
vn -0.8739 -0.1728 0.4543
vn -0.8894 -0.0070 0.4570
vn -0.3328 0.0003 0.9430
vn 0.6730 -0.1205 -0.7298
vn 0.9516 -0.1593 -0.2627
vn 0.9604 0.0089 -0.2784
vn 0.6718 0.0101 -0.7407
vn 0.3213 -0.9468 -0.0169
vn 0.1934 -0.9118 0.3622
vn -0.2169 -0.8833 0.4156
vn -0.4400 -0.8961 0.0583
vn -0.3395 -0.8775 -0.3388
vn 0.0892 -0.9425 -0.3220
vn 0.1419 -0.9185 0.3691
vn -0.2232 -0.9146 0.3371
vn -0.4052 -0.9141 0.0141
vn -0.1143 -0.9385 -0.3259
vn 0.2149 -0.9373 -0.2743
vn 0.3475 -0.9375 0.0207
vn -0.2029 -0.8794 -0.4307
vn 0.1749 -0.9015 -0.3959
vn 0.3165 -0.9484 0.0188
vn 0.1197 -0.9313 0.3440
vn -0.3005 -0.9007 0.3136
vn -0.4574 -0.8873 -0.0594
vn -0.3520 -0.9340 0.0605
vn -0.2204 -0.9327 -0.2853
vn 0.1221 -0.9094 -0.3977
vn 0.3791 -0.9207 -0.0926
vn 0.2741 -0.8828 0.3816
vn -0.0214 -0.9141 0.4050
vn -0.0007 -0.0487 0.9988
vn -0.5247 -0.0489 0.8499
vn -0.3579 -0.4436 0.8217
vn 0.0020 -0.3719 0.9283
vn -0.7551 0.0177 0.6553
vn -0.9646 0.0155 0.2633
vn -0.8426 -0.4044 0.3556
vn -0.7217 -0.2948 0.6263
vn -0.6493 0.0022 0.7605
vn -0.9081 -0.0056 0.4188
vn -0.7740 -0.3864 0.5017
vn -0.6300 -0.2735 0.7269
vn 0.9986 -0.0062 0.0530
vn 0.7573 -0.0140 0.6529
vn 0.6901 -0.3977 0.6046
vn 0.9405 -0.3340 0.0627
vn -0.8594 -0.0401 0.5097
vn -0.9933 -0.0458 0.1058
vn -0.8813 -0.4126 0.2305
vn -0.8157 -0.3201 0.4818
vn -0.0086 0.0181 -0.9998
vn 0.3583 0.0139 -0.9335
vn 0.2443 -0.3770 -0.8934
vn -0.0091 -0.3071 -0.9516
vn -0.3328 -0.0118 0.9429
vn -0.8826 -0.0187 0.4698
vn -0.6821 -0.4973 0.5361
vn -0.4665 -0.3523 0.8113
vn 0.9080 -0.0488 0.4161
vn 0.5788 -0.0521 0.8138
vn 0.5818 -0.4695 0.6641
vn 0.8334 -0.3968 0.3848
vn -0.9833 0.0262 -0.1803
vn -0.6814 0.0169 -0.7317
vn -0.6829 -0.4579 -0.5692
vn -0.9363 -0.3012 -0.1808
vn -0.3504 -0.0142 -0.9365
vn 0.0911 -0.0179 -0.9957
vn -0.0151 -0.4131 -0.9106
vn -0.3299 -0.3344 -0.8828
vn -0.6113 0.0033 -0.7914
vn -0.1337 -0.0077 -0.9910
vn -0.1866 -0.4229 -0.8868
vn -0.5823 -0.2598 -0.7704
vn 0.6717 0.0209 -0.7406
vn 0.9573 0.0159 -0.2887
vn 0.8190 -0.4305 -0.3793
vn 0.7481 -0.2749 -0.6039
vn 0.5433 -0.0127 -0.8395
vn 0.8677 -0.0164 -0.4968
vn 0.6837 -0.4423 -0.5805
vn 0.5125 -0.3295 -0.7929
vn 0.5623 -0.0043 -0.8269
vn 0.9164 -0.0091 -0.4001
vn 0.7716 -0.4687 -0.4300
vn 0.5253 -0.3594 -0.7713
vn -0.2741 -0.0571 -0.9600
vn 0.1572 -0.0738 -0.9848
vn 0.0609 -0.4212 -0.9049
vn -0.2395 -0.3151 -0.9184
vn -0.9965 -0.0075 -0.0835
vn -0.8340 -0.0162 -0.5516
vn -0.7863 -0.4482 -0.4253
vn -0.9364 -0.3404 -0.0856
vn -0.9898 0.0001 -0.1426
vn -0.8365 -0.0053 -0.5480
vn -0.8326 -0.3751 -0.4074
vn -0.9477 -0.2859 -0.1417
vn -0.9261 -0.0402 -0.3752
vn -0.6455 -0.0529 -0.7619
vn -0.6771 -0.4168 -0.6065
vn -0.8752 -0.3181 -0.3644
vn 0.1170 0.0134 0.9930
vn -0.3268 0.0086 0.9451
vn -0.2000 -0.3978 0.8954
vn 0.1109 -0.2980 0.9481
vn 0.2034 -0.0018 0.9791
vn -0.2779 -0.0063 0.9606
vn -0.1151 -0.3962 0.9109
vn 0.1930 -0.3036 0.9330
vn -0.8596 -0.4901 0.1442
vn -0.8596 -0.4901 -0.1442
vn -0.9626 0.1915 -0.1915
vn -0.8203 0.5481 -0.1632
vn -0.9626 -0.1915 -0.1915
vn -0.6954 -0.5481 -0.4647
vn -0.6954 0.5481 -0.4647
vn -0.8161 -0.1915 -0.5453
vn -0.4682 -0.8264 -0.3128
vn -0.4681 0.8264 -0.3128
vn -0.8161 0.1915 -0.5453
vn -0.4647 0.5481 -0.6954
vn -0.5453 -0.1915 -0.8161
vn -0.3128 -0.8264 -0.4682
vn -0.3128 0.8264 -0.4681
vn -0.5453 0.1915 -0.8161
vn -0.4647 -0.5481 -0.6954
vn -0.1098 -0.8264 -0.5522
vn -0.1098 0.8264 -0.5522
vn -0.1915 0.1915 -0.9626
vn -0.1632 -0.5481 -0.8203
vn -0.1632 0.5481 -0.8203
vn -0.1915 -0.1915 -0.9626
vn 0.1915 0.1915 -0.9626
vn 0.1632 -0.5481 -0.8203
vn 0.1632 0.5481 -0.8203
vn 0.1915 -0.1915 -0.9626
vn 0.1098 -0.8264 -0.5522
vn 0.5453 -0.1915 -0.8161
vn 0.5453 0.1915 -0.8161
vn 0.4647 -0.5481 -0.6954
vn -0.1098 -0.8264 0.5522
vn -0.1098 0.8264 0.5522
vn -0.1915 0.1915 0.9626
vn -0.1632 -0.5481 0.8203
vn -0.1631 0.5482 0.8203
vn -0.1915 -0.1915 0.9626
vn -0.5453 0.1915 0.8161
vn -0.4647 -0.5481 0.6954
vn -0.4647 0.5481 0.6954
vn -0.5453 -0.1915 0.8161
vn -0.3128 -0.8264 0.4681
vn -0.3128 0.8264 0.4681
vn -0.6954 0.5481 0.4647
vn -0.8161 -0.1915 0.5453
vn -0.4681 -0.8264 0.3128
vn -0.4682 0.8264 0.3128
vn -0.8161 0.1915 0.5453
vn -0.6954 -0.5481 0.4647
vn -0.9626 -0.1915 0.1915
vn -0.9626 0.1915 0.1916
vn -0.8203 0.5481 0.1632
vn 0.5453 -0.1915 0.8161
vn 0.5453 0.1915 0.8161
vn 0.4647 -0.5481 0.6954
vn 0.1915 0.1915 0.9626
vn 0.1632 -0.5481 0.8203
vn 0.1632 0.5481 0.8203
vn 0.1915 -0.1915 0.9626
vn 0.1098 -0.8264 0.5522
vn 0.0124 -0.5040 -0.8636
vn 0.0481 -0.3410 -0.9388
vn 0.1362 -0.2890 -0.9476
vn 0.0649 -0.4629 -0.8840
vn 0.0687 0.4085 -0.9102
vn 0.0611 0.5393 -0.8399
vn 0.1739 0.5365 -0.8258
vn 0.1876 0.4006 -0.8968
vn -0.0276 0.9640 -0.2646
vn 0.0291 0.9881 -0.1509
vn 0.0746 0.9620 -0.2627
vn -0.0321 -0.7844 -0.6194
vn -0.0207 -0.6723 -0.7400
vn -0.0167 -0.6653 -0.7464
vn -0.0371 -0.7886 -0.6138
vn 0.0741 0.0942 -0.9928
vn 0.0735 0.2688 -0.9604
vn 0.1900 0.2631 -0.9459
vn 0.1831 0.0911 -0.9789
vn 0.0425 0.8545 -0.5177
vn 0.0262 0.9146 -0.4035
vn 0.1076 0.9200 -0.3768
vn 0.1167 0.8647 -0.4886
vn -0.0230 -0.9238 -0.3822
vn -0.0308 -0.8671 -0.4972
vn -0.0187 -0.8867 -0.4619
vn 0.0075 -0.9367 -0.3502
vn 0.0654 -0.2199 -0.9733
vn 0.0713 -0.0833 -0.9940
vn 0.1726 -0.0786 -0.9819
vn 0.1625 -0.1939 -0.9675
vn 0.0538 0.6732 -0.7375
vn 0.0489 0.7773 -0.6273
vn 0.1323 0.7883 -0.6009
vn 0.1523 0.6776 -0.7195
vn 0.0035 -0.9891 -0.1471
vn -0.0142 -0.9640 -0.2656
vn 0.0853 -0.9726 -0.2162
vn 0.2994 0.4011 -0.8657
vn 0.2956 0.5395 -0.7884
vn 0.4316 0.5883 -0.6838
vn 0.4282 0.4568 -0.7797
vn 0.0617 0.9670 -0.2472
vn 0.0780 0.9894 -0.1225
vn 0.1511 0.9694 -0.1933
vn -0.1069 -0.8688 -0.4834
vn -0.0361 -0.7104 -0.7028
vn -0.0171 -0.6933 -0.7204
vn -0.2314 -0.8764 -0.4223
vn 0.2604 0.0831 -0.9619
vn 0.2845 0.2622 -0.9221
vn 0.3984 0.2968 -0.8679
vn 0.3496 0.0787 -0.9336
vn 0.1827 0.8818 -0.4348
vn 0.1442 0.9302 -0.3376
vn 0.2088 0.9416 -0.2642
vn 0.2503 0.9010 -0.3544
vn 0.0365 -0.9499 -0.3104
vn -0.0316 -0.9163 -0.3992
vn -0.1384 -0.9197 -0.3674
vn 0.0046 -0.9561 -0.2930
vn 0.2299 -0.1682 -0.9586
vn 0.2374 -0.0853 -0.9677
vn 0.3009 -0.1108 -0.9472
vn 0.2905 -0.1744 -0.9408
vn 0.2623 0.6912 -0.6734
vn 0.2191 0.8082 -0.5467
vn 0.3126 0.8334 -0.4558
vn 0.3869 0.7232 -0.5721
vn 0.0360 -0.9915 -0.1246
vn 0.0432 -0.9759 -0.2137
vn 0.0740 -0.9891 -0.1271
vn 0.1372 -0.4048 -0.9040
vn 0.2196 -0.2150 -0.9516
vn 0.3016 -0.1810 -0.9361
vn 0.2367 -0.3699 -0.8984
vn 0.0376 -0.9949 -0.0941
vn 0.0090 -0.9795 -0.2012
vn 0.0340 -0.9948 -0.0958
vn 0.3545 -0.3446 -0.8692
vn 0.3291 -0.2910 -0.8984
vn 0.2127 -0.3841 -0.8985
vn 0.1461 -0.6333 -0.7600
vn 0.5789 0.5866 -0.5663
vn 0.5663 0.6786 -0.4678
vn 0.6245 0.7386 -0.2541
vn 0.6359 0.7062 -0.3111
vn 0.1397 0.9736 -0.1803
vn 0.1167 0.9904 -0.0746
vn 0.2051 0.9741 -0.0950
vn 0.4865 0.1529 -0.8602
vn 0.5598 0.4344 -0.7056
vn 0.6338 0.6462 -0.4251
vn 0.6257 0.4110 -0.6630
vn 0.3086 0.9155 -0.2583
vn 0.2357 0.9498 -0.2056
vn 0.2742 0.9535 -0.1251
vn 0.3552 0.9194 -0.1692
vn -0.0612 -0.9489 -0.3096
vn -0.1448 -0.9141 -0.3787
vn -0.1739 -0.9667 -0.1877
vn -0.0359 -0.9803 -0.1941
vn 0.3318 -0.2130 -0.9190
vn 0.3720 -0.1252 -0.9197
vn 0.3992 -0.0815 -0.9132
vn 0.2466 -0.2819 -0.9272
vn 0.5080 0.7654 -0.3950
vn 0.4062 0.8536 -0.3263
vn 0.4742 0.8552 -0.2090
vn 0.5768 0.7836 -0.2309
vn 0.3225 0.1209 0.9388
vn 0.1223 -0.2034 0.9714
vn 0.0578 -0.1577 0.9858
vn 0.3001 0.1429 0.9431
vn 0.6055 0.7852 -0.1297
vn 0.5159 0.8476 -0.1242
vn 0.5383 0.8417 -0.0424
vn 0.6185 0.7846 -0.0435
vn 0.0476 -0.9985 -0.0269
vn 0.0717 -0.9974 0.0042
vn 0.0831 -0.9965 0.0084
vn -0.2790 -0.9160 0.2882
vn -0.2917 -0.9532 0.0800
vn -0.4568 -0.8890 0.0318
vn -0.4161 -0.8559 0.3070
vn 0.6218 0.7677 -0.1547
vn 0.6297 0.7654 -0.1325
vn 0.6269 0.7780 -0.0427
vn 0.6100 0.7909 -0.0480
vn 0.1891 0.9766 -0.1021
vn 0.1377 0.9902 -0.0243
vn 0.2229 0.9747 -0.0146
vn 0.6460 0.7065 -0.2890
vn 0.6102 0.7672 -0.1976
vn 0.5960 0.8011 -0.0554
vn 0.6237 0.7790 -0.0650
vn 0.3835 0.9179 -0.1020
vn 0.2841 0.9550 -0.0853
vn 0.2950 0.9553 -0.0169
vn 0.4000 0.9159 -0.0327
vn 0.0663 -0.9940 0.0870
vn -0.0443 -0.9835 0.1754
vn 0.0167 -0.9738 0.2267
vn 0.0969 -0.9883 0.1181
vn 0.4000 0.9159 0.0327
vn 0.2950 0.9553 0.0169
vn 0.2841 0.9550 0.0853
vn 0.3835 0.9179 0.1020
vn 0.0965 -0.9846 -0.1455
vn 0.0170 -0.9671 -0.2538
vn -0.0476 -0.9807 -0.1899
vn 0.0596 -0.9932 -0.1003
vn 0.6329 0.6595 -0.4055
vn 0.6757 0.7344 -0.0639
vn 0.7212 0.6906 -0.0548
vn 0.6822 0.6263 -0.3773
vn 0.6185 0.7846 0.0435
vn 0.5383 0.8417 0.0424
vn 0.5159 0.8476 0.1242
vn 0.6055 0.7852 0.1297
vn 0.0461 -0.9986 0.0247
vn 0.0728 -0.9961 -0.0499
vn 0.0467 -0.9986 0.0258
vn 0.1136 -0.2110 -0.9709
vn 0.3209 0.1161 -0.9400
vn 0.3290 0.1653 -0.9298
vn 0.0616 -0.1549 -0.9860
vn 0.6100 0.7909 0.0480
vn 0.6269 0.7780 0.0427
vn 0.6297 0.7654 0.1325
vn 0.6218 0.7677 0.1547
vn 0.2099 0.9773 -0.0295
vn 0.1377 0.9902 0.0243
vn 0.2158 0.9745 0.0624
vn 0.5972 -0.2961 -0.7455
vn 0.9508 -0.2710 -0.1499
vn 0.9413 -0.0372 -0.3356
vn 0.5914 -0.0468 -0.8051
vn 0.6237 0.7790 0.0650
vn 0.5960 0.8011 0.0554
vn 0.6102 0.7672 0.1976
vn 0.6460 0.7065 0.2890
vn 0.6257 0.4110 0.6630
vn 0.6338 0.6462 0.4251
vn 0.5598 0.4344 0.7056
vn 0.4865 0.1529 0.8602
vn 0.3552 0.9194 0.1692
vn 0.2742 0.9535 0.1251
vn 0.2357 0.9498 0.2056
vn 0.3086 0.9155 0.2583
vn -0.0502 -0.9786 0.1995
vn -0.1868 -0.9640 0.1891
vn -0.1604 -0.9065 0.3906
vn -0.0759 -0.9449 0.3185
vn 0.2466 -0.2819 0.9272
vn 0.3992 -0.0815 0.9132
vn 0.3720 -0.1252 0.9197
vn 0.3318 -0.2130 0.9190
vn 0.5768 0.7836 0.2309
vn 0.4742 0.8552 0.2090
vn 0.4062 0.8536 0.3263
vn 0.5080 0.7654 0.3950
vn 0.0359 -0.9948 0.0950
vn 0.0274 -0.9887 0.1474
vn 0.0498 -0.9849 0.1660
vn 0.1453 -0.6347 0.7590
vn 0.2126 -0.3842 0.8984
vn 0.3290 -0.2910 0.8983
vn 0.3544 -0.3449 0.8692
vn 0.6359 0.7062 0.3111
vn 0.6245 0.7386 0.2541
vn 0.5663 0.6786 0.4678
vn 0.5789 0.5866 0.5663
vn 0.2060 0.9774 0.0481
vn 0.1167 0.9904 0.0746
vn 0.1779 0.9723 0.1514
vn 0.1697 0.9758 0.1381
vn 0.0780 0.9894 0.1225
vn 0.1053 0.9653 0.2388
vn -0.2325 -0.8700 0.4349
vn -0.0114 -0.6846 0.7289
vn -0.0357 -0.7089 0.7044
vn -0.1078 -0.8677 0.4854
vn 0.3496 0.0787 0.9336
vn 0.3984 0.2968 0.8679
vn 0.2845 0.2622 0.9221
vn 0.2604 0.0831 0.9619
vn 0.2503 0.9010 0.3544
vn 0.2088 0.9416 0.2642
vn 0.1442 0.9302 0.3376
vn 0.1827 0.8818 0.4348
vn -0.0010 -0.9550 0.2968
vn -0.1494 -0.9160 0.3722
vn -0.0329 -0.9161 0.3995
vn 0.0370 -0.9499 0.3105
vn 0.2905 -0.1744 0.9408
vn 0.3009 -0.1108 0.9472
vn 0.2374 -0.0853 0.9677
vn 0.2299 -0.1681 0.9586
vn 0.3869 0.7232 0.5721
vn 0.3126 0.8334 0.4558
vn 0.2191 0.8082 0.5467
vn 0.2623 0.6912 0.6734
vn 0.0362 -0.9915 0.1252
vn 0.0492 -0.9770 0.2074
vn 0.0271 -0.9756 0.2180
vn 0.2364 -0.3706 0.8982
vn 0.3016 -0.1811 0.9361
vn 0.2196 -0.2149 0.9516
vn 0.1372 -0.4050 0.9040
vn 0.4282 0.4568 0.7797
vn 0.4316 0.5883 0.6838
vn 0.2956 0.5395 0.7884
vn 0.2994 0.4011 0.8657
vn 0.0650 -0.4629 0.8840
vn 0.1363 -0.2889 0.9476
vn 0.0481 -0.3409 0.9389
vn 0.0124 -0.5040 0.8636
vn 0.1876 0.4006 0.8968
vn 0.1739 0.5365 0.8258
vn 0.0611 0.5393 0.8399
vn 0.0687 0.4085 0.9102
vn 0.1110 0.9702 0.2156
vn 0.0291 0.9881 0.1509
vn 0.0217 0.9593 0.2817
vn -0.0373 -0.7886 0.6138
vn -0.0167 -0.6652 0.7464
vn -0.0207 -0.6723 0.7400
vn -0.0322 -0.7845 0.6194
vn 0.1831 0.0911 0.9789
vn 0.1900 0.2631 0.9459
vn 0.0735 0.2688 0.9604
vn 0.0741 0.0942 0.9928
vn 0.1167 0.8647 0.4886
vn 0.1076 0.9200 0.3768
vn 0.0262 0.9146 0.4035
vn 0.0425 0.8545 0.5177
vn 0.0078 -0.9367 0.3502
vn -0.0187 -0.8867 0.4620
vn -0.0308 -0.8671 0.4972
vn -0.0230 -0.9238 0.3822
vn 0.1625 -0.1938 0.9675
vn 0.1726 -0.0786 0.9819
vn 0.0713 -0.0833 0.9940
vn 0.0654 -0.2198 0.9734
vn 0.1523 0.6776 0.7195
vn 0.1323 0.7883 0.6009
vn 0.0489 0.7773 0.6273
vn 0.0538 0.6732 0.7375
vn 0.0036 -0.9891 0.1471
vn 0.0858 -0.9726 0.2159
vn -0.0363 -0.9657 0.2569
vn -0.0631 0.6748 0.7353
vn -0.0541 0.7720 0.6334
vn -0.1828 0.7722 0.6085
vn -0.2034 0.6768 0.7075
vn -0.0387 -0.9873 0.1541
vn -0.0302 -0.9612 0.2742
vn -0.0971 -0.9677 0.2328
vn -0.0421 -0.4980 0.8661
vn -0.0681 -0.3268 0.9426
vn -0.1811 -0.2807 0.9425
vn -0.1084 -0.4732 0.8743
vn -0.0779 0.4277 0.9006
vn -0.0716 0.5541 0.8294
vn -0.2191 0.5609 0.7984
vn -0.2292 0.4359 0.8703
vn 0.0256 0.9654 0.2597
vn -0.0432 0.9898 0.1358
vn -0.1084 0.9561 0.2722
vn -0.0302 -0.7938 0.6074
vn -0.0249 -0.6814 0.7315
vn -0.0379 -0.6977 0.7154
vn -0.0271 -0.8150 0.5788
vn -0.0846 0.0961 0.9918
vn -0.0826 0.2814 0.9560
vn -0.2326 0.2862 0.9295
vn -0.2261 0.0951 0.9695
vn -0.0449 0.8483 0.5275
vn -0.0279 0.9089 0.4160
vn -0.1416 0.9059 0.3990
vn -0.1608 0.8459 0.5086
vn -0.0391 -0.9188 0.3929
vn -0.0394 -0.8644 0.5013
vn -0.0455 -0.8783 0.4759
vn -0.0594 -0.9267 0.3711
vn -0.0803 -0.2179 0.9727
vn -0.0836 -0.0884 0.9926
vn -0.2138 -0.0926 0.9725
vn -0.2008 -0.2284 0.9526
vn -0.2442 -0.2137 0.9459
vn -0.2551 -0.1079 0.9609
vn -0.2715 -0.1505 0.9506
vn -0.2652 -0.2294 0.9365
vn -0.3026 0.6770 0.6709
vn -0.2838 0.7719 0.5688
vn -0.3609 0.7803 0.5108
vn -0.3810 0.6886 0.6170
vn -0.0841 -0.9872 0.1352
vn -0.0873 -0.9658 0.2441
vn -0.1380 -0.9767 0.1646
vn -0.1565 -0.4563 0.8759
vn -0.2373 -0.2553 0.9373
vn -0.2599 -0.2998 0.9179
vn -0.2275 -0.4071 0.8846
vn -0.3121 0.4326 0.8459
vn -0.3117 0.5596 0.7679
vn -0.3879 0.5682 0.7257
vn -0.3779 0.4332 0.8183
vn -0.1200 0.9620 0.2454
vn -0.1446 0.9889 0.0340
vn -0.2725 0.9474 0.1680
vn 0.0070 -0.8416 0.5401
vn -0.0348 -0.7191 0.6941
vn -0.0216 -0.6755 0.7371
vn 0.1393 -0.8069 0.5741
vn -0.2807 0.0810 0.9564
vn -0.3031 0.2805 0.9107
vn -0.3533 0.2669 0.8966
vn -0.3126 0.0447 0.9488
vn -0.2539 0.8454 0.4699
vn -0.2054 0.9069 0.3678
vn -0.2884 0.9032 0.3180
vn -0.3281 0.8477 0.4168
vn -0.0758 -0.9373 0.3401
vn -0.0236 -0.9010 0.4331
vn 0.1612 -0.8954 0.4150
vn -0.0518 -0.9519 0.3021
vn -0.3837 0.8522 0.3557
vn -0.3235 0.9023 0.2849
vn -0.3751 0.8941 0.2450
vn -0.4366 0.8486 0.2988
vn -0.0636 -0.9545 0.2915
vn 0.1580 -0.8978 0.4110
vn 0.1984 -0.9705 0.1372
vn -0.0923 -0.9812 0.1697
vn -0.1909 -0.4037 0.8948
vn -0.2642 -0.2125 0.9408
vn -0.1625 -0.3047 0.9385
vn 0.0045 -0.5744 0.8186
vn -0.4655 0.7233 0.5102
vn -0.4313 0.7995 0.4181
vn -0.4878 0.8142 0.3148
vn -0.5316 0.7656 0.3624
vn -0.1091 -0.9897 0.0929
vn -0.1004 -0.9773 0.1863
vn -0.1370 -0.9865 0.0894
vn -0.2834 -0.5012 0.8176
vn -0.1941 -0.4899 0.8499
vn 0.0274 -0.7327 0.6800
vn -0.2138 -0.7524 0.6231
vn -0.4614 0.4646 0.7558
vn -0.4815 0.6148 0.6246
vn -0.5620 0.7002 0.4402
vn -0.5638 0.5860 0.5820
vn -0.2481 0.9545 0.1655
vn -0.2359 0.9717 0.0088
vn -0.3271 0.9428 0.0650
vn -0.3210 -0.0169 0.9469
vn -0.3970 0.2431 0.8850
vn -0.4098 0.2393 0.8802
vn -0.2733 -0.1192 0.9545
vn -0.2802 -0.0843 0.9562
vn -0.2655 -0.1101 0.9578
vn -0.2628 -0.1153 0.9579
vn -0.3383 -0.1704 -0.9255
vn 0.0966 -0.1185 -0.9882
vn 0.0983 -0.0037 -0.9951
vn -0.3505 -0.0105 -0.9365
vn 0.2305 -0.9723 0.0388
vn 0.2445 -0.9208 0.3040
vn 0.1380 -0.9615 0.2375
vn 0.1909 -0.9814 0.0196
vn -0.4953 0.8443 0.2047
vn -0.4120 0.8899 0.1960
vn -0.4583 0.8882 0.0322
vn -0.5338 0.8433 0.0627
vn -0.1816 -0.9832 -0.0182
vn 0.1126 -0.9808 -0.1592
vn 0.0179 -0.9783 -0.2063
vn -0.2307 -0.9681 -0.0977
vn -0.3053 -0.1412 0.9417
vn -0.3032 -0.1426 0.9422
vn -0.3033 -0.1425 0.9422
vn -0.3035 -0.1440 0.9419
vn -0.3030 -0.1427 0.9422
vn -0.3037 -0.1441 0.9418
vn -0.5337 0.1754 0.8273
vn -0.5472 0.2277 0.8054
vn -0.5337 0.1753 0.8273
vn -0.5790 0.1263 0.8055
vn -0.3612 -0.1876 0.9134
vn -0.5686 0.7935 0.2168
vn -0.5340 0.8217 0.1992
vn -0.5565 0.8265 0.0842
vn -0.5896 0.8029 0.0879
vn -0.1280 -0.9915 0.0246
vn -0.1775 -0.9837 0.0280
vn -0.1953 -0.9804 -0.0267
vn -0.1469 -0.9352 0.3221
vn 0.1202 -0.9250 0.3604
vn 0.1369 -0.9888 0.0594
vn -0.1428 -0.9865 0.0806
vn -0.5631 0.7911 0.2390
vn -0.6003 0.7658 0.2308
vn -0.6050 0.7907 0.0939
vn -0.5729 0.8160 0.0764
vn -0.2887 0.9444 0.1571
vn -0.2507 0.9679 0.0201
vn -0.3340 0.9423 0.0219
vn -0.5939 0.8043 -0.0203
vn -0.6046 0.7954 -0.0423
vn -0.5938 0.7706 -0.2314
vn -0.5790 0.7750 -0.2534
vn -0.3166 0.9466 0.0617
vn -0.2507 0.9679 -0.0201
vn -0.3251 0.9406 -0.0977
vn 0.8780 -0.3873 0.2812
vn 0.6074 -0.3233 0.7256
vn 0.6383 -0.0246 0.7694
vn 0.9437 -0.0332 0.3291
vn -0.1778 -0.3202 -0.9305
vn -0.0462 -0.5722 -0.8188
vn 0.0210 -0.6532 -0.7569
vn -0.1899 -0.3638 -0.9119
vn -0.5179 0.8536 -0.0558
vn -0.4551 0.8899 -0.0319
vn -0.4108 0.8907 -0.1945
vn -0.4864 0.8512 -0.1970
vn -0.2423 -0.9679 -0.0666
vn 0.0157 -0.9998 0.0131
vn 0.0649 -0.9977 0.0176
vn -0.2345 -0.9679 -0.0904
vn -0.7933 0.6026 -0.0870
vn -0.7380 0.5418 -0.4023
vn -0.8201 0.4330 -0.3740
vn -0.8819 0.4631 -0.0880
vn -0.1378 -0.9896 -0.0402
vn -0.2125 -0.9763 -0.0422
vn -0.1816 -0.9771 -0.1107
vn -0.1465 -0.9862 -0.0767
vn 0.1367 -0.9876 -0.0767
vn 0.1031 -0.9303 -0.3520
vn -0.1499 -0.9417 -0.3011
vn -0.2265 -0.7694 -0.5973
vn 0.0083 -0.7324 -0.6809
vn -0.2134 -0.4657 -0.8588
vn -0.3086 -0.4793 -0.8216
vn -0.5438 0.5735 -0.6127
vn -0.5495 0.6896 -0.4718
vn -0.4780 0.6135 -0.6286
vn -0.4610 0.4645 -0.7561
vn -0.3271 0.9428 -0.0650
vn -0.2359 0.9717 -0.0088
vn -0.2893 0.9439 -0.1593
vn -0.2822 -0.0850 -0.9556
vn -0.2719 -0.1320 -0.9532
vn -0.2591 -0.1242 -0.9578
vn -0.4098 0.2393 -0.8802
vn -0.3970 0.2431 -0.8850
vn -0.3210 -0.0169 -0.9469
vn -0.4344 0.8494 -0.2995
vn -0.3750 0.8941 -0.2448
vn -0.3235 0.9023 -0.2849
vn -0.3835 0.8522 -0.3560
vn -0.2080 -0.9630 -0.1715
vn 0.0854 -0.9910 -0.1034
vn 0.0630 -0.9587 -0.2772
vn -0.1718 -0.9545 -0.2437
vn -0.0346 -0.5620 -0.8264
vn -0.1729 -0.3163 -0.9328
vn -0.2647 -0.2114 -0.9409
vn -0.1968 -0.3945 -0.8976
vn -0.5400 0.7680 -0.3444
vn -0.4767 0.8133 -0.3335
vn -0.4290 0.7990 -0.4215
vn -0.4595 0.7213 -0.5182
vn -0.1225 -0.9878 -0.0965
vn -0.1896 -0.9718 -0.1399
vn -0.1418 -0.9707 -0.1942
vn -0.3810 0.6886 -0.6170
vn -0.3609 0.7803 -0.5108
vn -0.2838 0.7719 -0.5688
vn -0.3026 0.6770 -0.6709
vn -0.0878 -0.9872 -0.1333
vn -0.1439 -0.9651 -0.2187
vn -0.0770 -0.9667 -0.2439
vn -0.2419 -0.3600 -0.9011
vn -0.2705 -0.2712 -0.9237
vn -0.2261 -0.2832 -0.9320
vn -0.1520 -0.4343 -0.8879
vn -0.3779 0.4332 -0.8183
vn -0.3879 0.5682 -0.7257
vn -0.3117 0.5596 -0.7679
vn -0.3121 0.4326 -0.8459
vn -0.2725 0.9474 -0.1680
vn -0.1446 0.9889 -0.0340
vn -0.1751 0.9519 -0.2515
vn 0.1953 -0.8341 -0.5159
vn 0.0072 -0.6747 -0.7381
vn 0.0013 -0.7252 -0.6885
vn 0.0448 -0.8578 -0.5121
vn -0.3126 0.0447 -0.9488
vn -0.3533 0.2669 -0.8966
vn -0.3031 0.2805 -0.9107
vn -0.2807 0.0810 -0.9564
vn -0.3281 0.8477 -0.4168
vn -0.2884 0.9032 -0.3180
vn -0.2054 0.9069 -0.3678
vn -0.2539 0.8454 -0.4699
vn -0.1215 -0.9487 -0.2919
vn 0.1354 -0.9189 -0.3706
vn -0.0258 -0.9090 -0.4160
vn -0.1023 -0.9350 -0.3395
vn -0.2675 -0.2231 -0.9374
vn -0.2717 -0.1498 -0.9506
vn -0.2552 -0.1078 -0.9609
vn -0.2446 -0.2114 -0.9463
vn -0.0675 -0.9258 -0.3719
vn -0.0464 -0.8809 -0.4710
vn -0.0395 -0.8647 -0.5008
vn -0.0401 -0.9186 -0.3932
vn -0.2008 -0.2280 -0.9527
vn -0.2138 -0.0925 -0.9725
vn -0.0836 -0.0884 -0.9926
vn -0.0803 -0.2176 -0.9727
vn -0.2034 0.6768 -0.7075
vn -0.1828 0.7722 -0.6085
vn -0.0541 0.7720 -0.6334
vn -0.0631 0.6748 -0.7353
vn -0.0390 -0.9874 -0.1533
vn -0.0702 -0.9603 -0.2701
vn 0.0026 -0.9685 -0.2491
vn -0.1018 -0.4663 -0.8787
vn -0.1807 -0.2742 -0.9445
vn -0.0678 -0.3258 -0.9430
vn -0.0408 -0.4971 -0.8667
vn -0.2292 0.4359 -0.8703
vn -0.2191 0.5609 -0.7984
vn -0.0716 0.5541 -0.8294
vn -0.0779 0.4277 -0.9006
vn -0.1426 0.9613 -0.2356
vn -0.0432 0.9898 -0.1358
vn -0.0229 0.9582 -0.2853
vn -0.0130 -0.8220 -0.5694
vn -0.0202 -0.7011 -0.7128
vn -0.0223 -0.6820 -0.7310
vn -0.0283 -0.7949 -0.6061
vn -0.2261 0.0951 -0.9695
vn -0.2326 0.2862 -0.9295
vn -0.0826 0.2814 -0.9560
vn -0.0846 0.0961 -0.9918
vn -0.1608 0.8459 -0.5086
vn -0.1416 0.9059 -0.3990
vn -0.0279 0.9089 -0.4160
vn -0.0449 0.8483 -0.5275
vn -0.6865 -0.4106 0.6001
vn -0.8830 -0.1155 0.4549
vn -0.9934 -0.0164 0.1136
vn -0.0665 -0.8962 0.4386
vn -0.5386 -0.5809 0.6103
vn -0.6852 -0.7133 0.1477
vn -0.0855 -0.9917 0.0956
vn -0.9934 -0.0164 -0.1136
vn -0.8830 -0.1155 -0.4549
vn -0.6865 -0.4106 -0.6001
vn -0.0855 -0.9917 -0.0956
vn -0.6852 -0.7133 -0.1477
vn -0.5386 -0.5809 -0.6103
vn -0.0665 -0.8962 -0.4386
vn 0.1870 -0.9336 -0.3055
vn 0.2166 -0.9738 -0.0699
vn 0.2172 -0.9745 -0.0555
vn 0.2078 -0.9408 -0.2678
vn -0.7559 0.5428 0.3661
vn -0.7962 0.5999 0.0780
vn -0.8880 0.4538 0.0742
vn -0.8430 0.4208 0.3352
vn -0.5618 0.2230 -0.7966
vn -0.5309 0.1783 -0.8285
vn -0.5401 0.2187 -0.8127
vn -0.5411 0.2219 -0.8112
vn -0.3054 -0.1412 -0.9417
vn -0.2992 -0.1515 -0.9421
vn -0.3057 -0.1415 -0.9415
vn -0.3626 -0.1791 -0.9146
vn -0.5703 0.0757 -0.8179
vn 0.1339 -0.6347 0.7611
vn -0.3103 -0.1307 0.9416
vn -0.2356 -0.3419 0.9097
vn -0.0297 -0.7601 0.6491
vn 0.7571 0.5457 -0.3592
vn 0.7956 0.6034 -0.0537
vn 0.9554 0.2867 -0.0713
vn 0.9185 0.2522 -0.3045
vn 0.3609 0.1238 0.9244
vn 0.0729 -0.1680 0.9831
vn 0.2206 -0.3308 0.9176
vn 0.4686 -0.1429 0.8718
vn 0.0763 -0.1663 -0.9831
vn 0.3778 0.1325 -0.9164
vn 0.5044 -0.0580 -0.8615
vn 0.2179 -0.3379 -0.9156
vn -0.4832 -0.8130 0.3249
vn -0.5331 -0.8450 0.0423
vn -0.5099 -0.8589 0.0473
vn -0.4708 -0.8325 0.2920
vn -0.0825 -0.5817 -0.8092
vn 0.0528 -0.3169 -0.9470
vn -0.0230 -0.2678 -0.9632
vn -0.1981 -0.5426 -0.8163
vn 0.6724 0.7362 0.0760
vn 0.6278 0.6572 0.4170
vn 0.6670 0.6197 0.4135
vn 0.7178 0.6928 0.0688
vn -0.3106 -0.9503 -0.0213
vn -0.2716 -0.9418 -0.1981
vn -0.4163 -0.8667 -0.2749
vn -0.4530 -0.8914 -0.0123
vn 0.0901 -0.2822 0.9551
vn 0.0001 -0.4989 0.8666
vn -0.1650 -0.5120 0.8430
vn -0.0043 -0.2522 0.9677
vn 0.5283 -0.6612 -0.5327
vn 0.7969 -0.4387 -0.4153
vn 0.9261 -0.3609 -0.1096
vn 0.6549 -0.7447 -0.1282
vn -0.0227 -0.8929 -0.4496
vn 0.3576 -0.7636 -0.5376
vn 0.4506 -0.8835 -0.1279
vn -0.0171 -0.9954 -0.0947
vn 0.6549 -0.7447 0.1282
vn 0.9261 -0.3609 0.1096
vn 0.7969 -0.4387 0.4153
vn 0.5283 -0.6612 0.5327
vn -0.0171 -0.9954 0.0947
vn 0.4506 -0.8835 0.1279
vn 0.3576 -0.7636 0.5376
vn -0.0227 -0.8929 0.4496
vn -0.2357 -0.5330 -0.8127
vn -0.0280 -0.2786 -0.9600
vn 0.0948 -0.4260 -0.8997
vn -0.1257 -0.5809 -0.8042
vn 0.7929 0.6061 0.0626
vn 0.7432 0.5446 0.3886
vn 0.8798 0.2848 0.3805
vn 0.9536 0.2910 0.0767
vn -0.0186 -0.2737 0.9616
vn -0.2181 -0.5225 0.8243
vn -0.1853 -0.5884 0.7871
vn 0.0787 -0.4273 0.9007
vn -0.5284 -0.8486 -0.0253
vn -0.4829 -0.8201 -0.3069
vn -0.4796 -0.8151 -0.3249
vn -0.5081 -0.8602 -0.0442
vn -0.5883 0.8075 -0.0433
vn -0.5578 0.8281 -0.0549
vn -0.5565 0.8020 -0.2171
vn -0.5305 0.8125 -0.2416
vn -0.9129 -0.1276 -0.3877
vn -0.5914 -0.0910 -0.8012
vn -0.6446 -0.0190 -0.7643
vn -0.9265 -0.0175 -0.3758
vn 0.1443 -0.2133 0.9663
vn 0.4078 -0.2387 0.8813
vn 0.3479 -0.4736 0.8091
vn 0.0813 -0.4159 0.9058
vn 0.7604 -0.2790 0.5865
vn 0.9451 -0.3258 0.0262
vn 0.7432 -0.6686 -0.0263
vn 0.7162 -0.5976 0.3604
vn -0.7926 -0.4025 0.4580
vn -0.3575 -0.2654 0.8954
vn -0.3703 -0.3793 0.8480
vn -0.6533 -0.5709 0.4972
vn 0.0828 -0.3408 -0.9365
vn -0.1747 -0.4951 -0.8511
vn -0.0606 -0.8552 -0.5147
vn 0.0561 -0.7778 -0.6260
vn 0.8171 -0.3685 -0.4433
vn 0.4602 -0.3470 -0.8172
vn 0.3465 -0.8143 -0.4657
vn 0.5998 -0.7243 -0.3400
vn -0.6275 -0.6734 -0.3910
vn -0.8233 -0.5674 0.0164
vn -0.5924 -0.7910 0.1530
vn -0.4405 -0.8926 -0.0956
vn -0.2466 -0.4538 0.8563
vn 0.0999 -0.4039 0.9093
vn 0.0613 -0.8162 0.5746
vn -0.1067 -0.8181 0.5650
vn 0.4908 -0.4495 0.7463
vn 0.8258 -0.4400 0.3528
vn 0.6071 -0.7538 0.2514
vn 0.5080 -0.7769 0.3719
vn -0.7854 -0.6099 -0.1057
vn -0.5768 -0.6627 0.4776
vn -0.3044 -0.9302 0.2052
vn -0.5120 -0.8212 -0.2519
vn 0.3664 -0.2144 -0.9054
vn 0.0161 -0.1650 -0.9862
vn 0.0492 -0.3797 -0.9238
vn 0.3331 -0.5131 -0.7911
vn -0.5176 -0.2358 -0.8225
vn -0.7955 -0.4337 -0.4233
vn -0.5525 -0.6378 -0.5366
vn -0.4749 -0.4036 -0.7821
vn 0.8852 -0.4304 -0.1764
vn 0.6670 -0.3498 -0.6579
vn 0.5267 -0.7204 -0.4513
vn 0.6549 -0.7530 -0.0632
vn 0.1345 -0.3917 -0.9102
vn -0.1836 -0.3403 -0.9222
vn -0.0301 -0.7844 -0.6195
vn 0.0628 -0.7761 -0.6275
vn -0.5188 -0.4157 -0.7470
vn -0.8070 -0.4667 -0.3618
vn -0.4105 -0.8640 -0.2915
vn -0.3078 -0.8080 -0.5023
vn 0.5974 -0.7833 0.1721
vn 0.4250 -0.7346 -0.5289
vn 0.1099 -0.9854 -0.1303
vn 0.1227 -0.9213 0.3691
vn -0.4924 -0.3475 0.7980
vn -0.0168 -0.2374 0.9713
vn -0.0472 -0.4768 0.8777
vn -0.3773 -0.6793 0.6294
vn -0.8582 -0.5120 -0.0370
vn -0.7587 -0.4829 0.4372
vn -0.4804 -0.8201 0.3107
vn -0.5045 -0.8610 0.0653
vn 0.4477 -0.2825 0.8484
vn 0.6135 -0.5315 0.5841
vn 0.2455 -0.7346 0.6325
vn 0.4263 -0.4087 0.8070
vn -0.0866 -0.2693 -0.9591
vn -0.5029 -0.4177 -0.7567
vn -0.3668 -0.7174 -0.5923
vn -0.0685 -0.5060 -0.8598
vn 0.7923 -0.3916 -0.4679
vn 0.5106 -0.2000 -0.8362
vn 0.3868 -0.2988 -0.8724
vn 0.6282 -0.5017 -0.5948
vn -0.7731 -0.4812 -0.4132
vn -0.8862 -0.4580 -0.0702
vn -0.5098 -0.8559 -0.0868
vn -0.4956 -0.7827 -0.3765
vn -0.1094 -0.2522 0.9615
vn 0.1042 -0.4150 0.9038
vn -0.0269 -0.8626 0.5051
vn -0.0689 -0.7206 0.6899
vn 0.4692 -0.7451 0.4740
vn 0.7207 -0.6865 0.0962
vn 0.2696 -0.9574 -0.1033
vn 0.0628 -0.9825 0.1754
vn -0.7957 -0.4549 0.3999
vn -0.4717 -0.3442 0.8118
vn -0.1677 -0.8493 0.5006
vn -0.4153 -0.8624 0.2896
vn 0.4389 -0.0118 0.8985
vn 0.1845 -0.0084 0.9828
vn 0.1776 -0.2800 0.9434
vn 0.3362 -0.3542 0.8726
vn 0.9441 -0.0084 0.3296
vn 0.6385 0.0007 0.7697
vn 0.6145 -0.2977 0.7306
vn 0.8205 -0.4443 0.3597
vn 0.9159 0.0156 0.4012
vn 0.5913 0.0171 0.8063
vn 0.5619 -0.3154 0.7647
vn 0.7585 -0.4453 0.4758
vn 0.5827 -0.0637 -0.8102
vn 0.9290 -0.0565 -0.3656
vn 0.8487 -0.4145 -0.3285
vn 0.6048 -0.4670 -0.6451
vn -0.6355 -0.1294 0.7612
vn -0.9041 -0.1350 0.4053
vn -0.9128 0.0033 0.4084
vn -0.6493 0.0032 0.7605
vn 0.5360 -0.1270 -0.8346
vn 0.8710 -0.1210 -0.4762
vn 0.8770 0.0008 -0.4805
vn 0.5433 -0.0024 -0.8395
vn 0.1060 -0.1395 0.9845
vn -0.2730 -0.2085 0.9391
vn -0.3307 -0.0044 0.9437
vn 0.1146 0.0065 0.9934
vn -0.0137 -0.0648 0.9978
vn -0.5213 -0.1206 0.8448
vn -0.5346 -0.0167 0.8450
vn -0.0024 -0.0089 1.0000
vn -0.9557 -0.2941 0.0081
vn -0.7946 -0.2996 -0.5280
vn -0.8327 -0.0271 -0.5530
vn -0.9970 -0.0259 -0.0723
vn 0.9066 -0.1645 0.3886
vn 0.5817 -0.1518 0.7991
vn 0.5885 0.0069 0.8084
vn 0.9206 0.0089 0.3905
vn -0.8713 -0.1491 0.4676
vn -0.9888 -0.1269 0.0784
vn -0.9968 -0.0155 0.0781
vn -0.8636 -0.0190 0.5038
vn -0.6026 -0.1293 -0.7875
vn -0.1299 -0.0699 -0.9891
vn -0.1341 0.0126 -0.9909
vn -0.6113 0.0019 -0.7914
vn -0.7402 -0.2717 0.6151
vn -0.9509 -0.2082 0.2291
vn -0.9678 -0.0003 0.2518
vn -0.7575 -0.0106 0.6528
vn 0.8932 -0.1449 0.4256
vn 0.5683 -0.0666 0.8201
vn 0.5753 -0.0092 0.8179
vn 0.9089 -0.0196 0.4165
vn 0.5178 -0.1020 -0.8494
vn 0.8364 -0.2297 -0.4976
vn 0.9102 -0.0101 -0.4141
vn 0.5562 0.0094 -0.8310
vn 0.4266 -0.0721 0.9016
vn 0.1500 -0.0554 0.9871
vn 0.1798 0.0053 0.9837
vn 0.4435 0.0022 0.8963
vn 0.0154 -0.0372 -0.9992
vn 0.3757 -0.0624 -0.9246
vn 0.3675 0.0172 -0.9299
vn -0.0052 0.0230 -0.9997
vn -0.9834 -0.1728 -0.0556
vn -0.8200 -0.1804 -0.5432
vn -0.8301 -0.0055 -0.5576
vn -0.9916 -0.0026 -0.1296
vn 0.9922 -0.1235 0.0158
vn 0.7495 -0.1054 0.6536
vn 0.7545 -0.0004 0.6564
vn 0.9989 0.0005 0.0466
vn -0.9727 -0.1282 -0.1936
vn -0.6693 -0.0584 -0.7407
vn -0.6779 0.0244 -0.7347
vn -0.9835 0.0130 -0.1803
vn -0.2009 -0.0644 -0.9775
vn 0.1450 -0.1554 -0.9772
vn 0.1613 -0.0364 -0.9862
vn -0.2686 -0.0207 -0.9630
vn 0.1960 -0.1425 0.9702
vn -0.2753 -0.1001 0.9561
vn -0.2920 0.0066 0.9564
vn 0.2034 0.0009 0.9791
vn -0.3764 -0.0861 0.9224
vn -0.8581 -0.1866 0.4784
vn -0.8879 -0.0088 0.4599
vn -0.3398 0.0047 0.9405
vn 0.7147 -0.0911 -0.6935
vn 0.9755 -0.1206 -0.1838
vn 0.9640 0.0165 -0.2654
vn 0.6782 0.0159 -0.7347
vn 0.2929 -0.9560 -0.0154
vn 0.1504 -0.9477 0.2817
vn -0.1476 -0.9478 0.2827
vn -0.3135 -0.9487 0.0416
vn -0.2332 -0.9442 -0.2327
vn 0.0796 -0.9546 -0.2872
vn 0.1064 -0.9550 0.2768
vn -0.1737 -0.9492 0.2623
vn -0.2800 -0.9600 0.0098
vn -0.0954 -0.9575 -0.2720
vn 0.1461 -0.9334 -0.3276
vn 0.2679 -0.9633 0.0159
vn -0.1430 -0.9418 -0.3042
vn 0.1357 -0.9419 -0.3073
vn 0.2940 -0.9556 0.0174
vn 0.1049 -0.9477 0.3014
vn -0.2287 -0.9438 0.2387
vn -0.3191 -0.9468 -0.0416
vn -0.2580 -0.9651 0.0444
vn -0.1947 -0.9479 -0.2521
vn 0.0933 -0.9481 -0.3040
vn 0.2589 -0.9638 -0.0633
vn 0.1995 -0.9397 0.2778
vn -0.0174 -0.9440 0.3294
vn -0.0032 -0.0506 0.9987
vn -0.5356 -0.0399 0.8435
vn -0.5016 -0.3201 0.8037
vn -0.0771 -0.4469 0.8913
vn -0.7586 0.0141 0.6514
vn -0.9675 0.0238 0.2517
vn -0.9262 -0.2844 0.2477
vn -0.7566 -0.3982 0.5187
vn -0.6591 -0.0053 0.7520
vn -0.9128 0.0005 0.4084
vn -0.8721 -0.2881 0.3955
vn -0.7007 -0.3837 0.6015
vn 0.9971 -0.0168 0.0743
vn 0.7516 -0.0086 0.6596
vn 0.8097 -0.3137 0.4959
vn 0.8545 -0.4554 0.2498
vn -0.8628 -0.0447 0.5035
vn -0.9953 -0.0367 0.0901
vn -0.9467 -0.3076 0.0954
vn -0.8331 -0.4088 0.3726
vn -0.0045 0.0149 -0.9999
vn 0.3659 0.0210 -0.9304
vn 0.3496 -0.2577 -0.9008
vn 0.0776 -0.3904 -0.9174
vn -0.3403 -0.0170 0.9402
vn -0.8894 -0.0097 0.4570
vn -0.8234 -0.3694 0.4309
vn -0.2976 -0.4451 0.8446
vn 0.9041 -0.0557 0.4236
vn 0.5746 -0.0476 0.8170
vn 0.5355 -0.3674 0.7604
vn 0.7520 -0.4830 0.4486
vn -0.9806 0.0162 -0.1952
vn -0.6780 0.0198 -0.7348
vn -0.6311 -0.3590 -0.6877
vn -0.8330 -0.4513 -0.3199
vn -0.3457 -0.0184 -0.9382
vn 0.0983 -0.0119 -0.9951
vn 0.0908 -0.3012 -0.9492
vn -0.2465 -0.4152 -0.8757
vn -0.5996 -0.0074 -0.8002
vn -0.1341 -0.0080 -0.9909
vn -0.1193 -0.3579 -0.9261
vn -0.4322 -0.4078 -0.8043
vn 0.6782 0.0144 -0.7348
vn 0.9602 0.0227 -0.2783
vn 0.9073 -0.3248 -0.2672
vn 0.6220 -0.3834 -0.6828
vn 0.5474 -0.0162 -0.8367
vn 0.8770 -0.0055 -0.4805
vn 0.8249 -0.3210 -0.4653
vn 0.5706 -0.4273 -0.7013
vn 0.5673 -0.0093 -0.8235
vn 0.9178 -0.0063 -0.3970
vn 0.8519 -0.3742 -0.3664
vn 0.5804 -0.4681 -0.6663
vn -0.2473 -0.0740 -0.9661
vn 0.1640 -0.0691 -0.9840
vn 0.1528 -0.3419 -0.9272
vn -0.0937 -0.4236 -0.9010
vn -0.9952 -0.0171 -0.0963
vn -0.8330 -0.0147 -0.5531
vn -0.7756 -0.3592 -0.5190
vn -0.8605 -0.4633 -0.2119
vn -0.9880 -0.0061 -0.1542
vn -0.8301 0.0021 -0.5577
vn -0.8045 -0.2629 -0.5326
vn -0.8837 -0.3824 -0.2699
vn -0.9197 -0.0486 -0.3895
vn -0.6460 -0.0533 -0.7614
vn -0.6071 -0.3222 -0.7264
vn -0.7728 -0.4185 -0.4772
vn 0.1113 0.0091 0.9937
vn -0.3376 0.0171 0.9411
vn -0.3174 -0.2872 0.9038
vn 0.0048 -0.4010 0.9160
vn 0.1973 -0.0059 0.9803
vn -0.2920 0.0024 0.9564
vn -0.2724 -0.2726 0.9228
vn 0.0889 -0.3945 0.9146
vn -0.8623 -0.4841 0.1487
vn -0.8623 -0.4841 -0.1487
vn -0.8161 -0.1915 -0.5452
vn -0.3128 -0.8264 -0.4681
vn -0.1632 0.5482 -0.8203
vn 0.1632 0.5481 -0.8204
vn -0.1632 0.5481 0.8203
vn -0.1632 0.5482 0.8202
vn -0.9626 0.1915 0.1915
vn -0.9626 0.1915 0.1914
vt 0.750000 0.300000
vt 0.718750 0.350000
vt 0.718750 0.300000
vt 0.750000 0.350000
vt 0.718750 0.400000
vt 0.687500 0.400000
vt 0.687500 0.350000
vt 0.687500 0.300000
vt 0.750000 0.650000
vt 0.718750 0.600000
vt 0.750000 0.600000
vt 0.750000 0.700000
vt 0.718750 0.650000
vt 0.687500 0.700000
vt 0.687500 0.650000
vt 0.687500 0.600000
vt 0.750000 0.900000
vt 0.718750 0.932639
vt 0.718750 0.896296
vt 0.703125 0.950000
vt 0.734375 0.950000
vt 0.718750 1.000000
vt 0.687500 0.900000
vt 0.750000 0.200000
vt 0.718750 0.250000
vt 0.718750 0.200000
vt 0.750000 0.250000
vt 0.687500 0.250000
vt 0.687500 0.200000
vt 0.750000 0.500000
vt 0.718750 0.550000
vt 0.718750 0.500000
vt 0.750000 0.550000
vt 0.687500 0.550000
vt 0.687500 0.500000
vt 0.750000 0.800000
vt 0.718750 0.849537
vt 0.718750 0.800000
vt 0.750000 0.849769
vt 0.687500 0.849769
vt 0.687500 0.800000
vt 0.750000 0.150231
vt 0.718750 0.103704
vt 0.750000 0.100000
vt 0.718750 0.150463
vt 0.687500 0.150231
vt 0.687500 0.100000
vt 0.750000 0.400000
vt 0.718750 0.450000
vt 0.750000 0.450000
vt 0.687500 0.450000
vt 0.718750 0.750000
vt 0.718750 0.700000
vt 0.750000 0.750000
vt 0.687500 0.750000
vt 0.734375 0.050000
vt 0.703125 0.050000
vt 0.718750 0.000000
vt 0.718750 0.067361
vt 0.656250 0.650000
vt 0.656250 0.600000
vt 0.656250 0.700000
vt 0.625000 0.700000
vt 0.625000 0.650000
vt 0.625000 0.600000
vt 0.656250 0.932639
vt 0.656250 0.896296
vt 0.640625 0.950000
vt 0.671875 0.950000
vt 0.656250 1.000000
vt 0.625000 0.900000
vt 0.656254 0.200112
vt 0.656794 0.250003
vt 0.656261 0.299899
vt 0.630490 0.250026
vt 0.623097 0.201337
vt 0.656250 0.550000
vt 0.656250 0.500000
vt 0.625000 0.550000
vt 0.625000 0.500000
vt 0.656250 0.849537
vt 0.656250 0.800000
vt 0.625000 0.849769
vt 0.625000 0.800000
vt 0.656250 0.103704
vt 0.656212 0.150491
vt 0.624817 0.150054
vt 0.625000 0.100000
vt 0.656250 0.450000
vt 0.656250 0.400000
vt 0.625000 0.450000
vt 0.625000 0.400000
vt 0.656250 0.750000
vt 0.625000 0.750000
vt 0.671875 0.050000
vt 0.640625 0.050000
vt 0.656250 0.000000
vt 0.656250 0.067361
vt 0.656214 0.349975
vt 0.624804 0.350206
vt 0.623042 0.298856
vt 0.609375 0.050000
vt 0.578125 0.050000
vt 0.593750 0.000000
vt 0.593750 0.067361
vt 0.562500 0.100000
vt 0.593750 0.103704
vt 0.591456 0.312678
vt 0.594565 0.351404
vt 0.595052 0.400000
vt 0.571687 0.351470
vt 0.561437 0.310955
vt 0.593750 0.650000
vt 0.593750 0.600000
vt 0.593750 0.700000
vt 0.562500 0.700000
vt 0.562500 0.650000
vt 0.562500 0.600000
vt 0.593750 0.932639
vt 0.593750 0.896296
vt 0.578125 0.950000
vt 0.609375 0.950000
vt 0.593750 1.000000
vt 0.562500 0.900000
vt 0.593750 0.550000
vt 0.593967 0.500000
vt 0.562500 0.550347
vt 0.562500 0.500000
vt 0.593750 0.849537
vt 0.593750 0.800000
vt 0.562500 0.849769
vt 0.562500 0.800000
vt 0.592169 0.187651
vt 0.593590 0.149042
vt 0.562536 0.148480
vt 0.594835 0.450000
vt 0.571832 0.449653
vt 0.572917 0.400000
vt 0.593750 0.750000
vt 0.562500 0.750000
vt 0.428168 0.449653
vt 0.446832 0.485070
vt 0.437500 0.500000
vt 0.436198 0.400000
vt 0.437500 0.448264
vt 0.437500 0.400000
vt 0.438802 0.447917
vt 0.447917 0.483333
vt 0.531250 0.750000
vt 0.531250 0.700000
vt 0.531250 0.800000
vt 0.500000 0.800000
vt 0.500000 0.750000
vt 0.500000 0.700000
vt 0.546875 0.050000
vt 0.515625 0.050000
vt 0.531250 0.000000
vt 0.531250 0.067361
vt 0.500000 0.100000
vt 0.531250 0.103704
vt 0.468372 0.299084
vt 0.446912 0.316067
vt 0.438563 0.310955
vt 0.500000 0.299259
vt 0.469811 0.301662
vt 0.470052 0.302083
vt 0.447917 0.316667
vt 0.531250 0.650000
vt 0.531250 0.600000
vt 0.500000 0.650000
vt 0.500000 0.600000
vt 0.531250 0.932639
vt 0.531250 0.896296
vt 0.515625 0.950000
vt 0.546875 0.950000
vt 0.531250 1.000000
vt 0.500000 0.900000
vt 0.531250 0.551736
vt 0.531033 0.514931
vt 0.500000 0.552083
vt 0.500000 0.516667
vt 0.531250 0.849537
vt 0.500000 0.849769
vt 0.562790 0.185988
vt 0.531431 0.149019
vt 0.533203 0.187421
vt 0.500000 0.149769
vt 0.468750 0.800000
vt 0.468750 0.896296
vt 0.468750 0.849537
vt 0.437500 0.849769
vt 0.437500 0.800000
vt 0.468569 0.149019
vt 0.468750 0.103704
vt 0.466797 0.187421
vt 0.437210 0.185988
vt 0.437464 0.148480
vt 0.437500 0.100000
vt 0.553168 0.485069
vt 0.530165 0.500000
vt 0.500000 0.502083
vt 0.529948 0.497917
vt 0.552083 0.483333
vt 0.468750 0.700000
vt 0.468750 0.750000
vt 0.437500 0.750000
vt 0.437500 0.700000
vt 0.484375 0.050000
vt 0.453125 0.050000
vt 0.468750 0.000000
vt 0.468750 0.067361
vt 0.563802 0.400000
vt 0.562500 0.448264
vt 0.561198 0.447917
vt 0.562500 0.400000
vt 0.468750 0.600000
vt 0.468750 0.650000
vt 0.437500 0.650000
vt 0.437500 0.600000
vt 0.468750 0.932639
vt 0.453125 0.950000
vt 0.484375 0.950000
vt 0.468750 1.000000
vt 0.437500 0.900000
vt 0.476457 0.279395
vt 0.464131 0.290648
vt 0.474160 0.278706
vt 0.464625 0.291730
vt 0.446173 0.291472
vt 0.446357 0.291291
vt 0.464061 0.290493
vt 0.473832 0.278607
vt 0.468967 0.514931
vt 0.468750 0.551736
vt 0.437500 0.550347
vt 0.406033 0.500000
vt 0.406250 0.550000
vt 0.406250 0.600000
vt 0.375000 0.550000
vt 0.375000 0.500000
vt 0.406250 0.800000
vt 0.406250 0.849537
vt 0.406250 0.896296
vt 0.375000 0.849769
vt 0.375000 0.800000
vt 0.406410 0.149042
vt 0.406250 0.103704
vt 0.407831 0.187651
vt 0.375183 0.150054
vt 0.375000 0.100000
vt 0.427083 0.400000
vt 0.405165 0.450000
vt 0.404948 0.400000
vt 0.375000 0.450000
vt 0.375000 0.400000
vt 0.406250 0.700000
vt 0.406250 0.750000
vt 0.375000 0.750000
vt 0.375000 0.700000
vt 0.421875 0.050000
vt 0.390625 0.050000
vt 0.406250 0.000000
vt 0.406250 0.067361
vt 0.405435 0.351404
vt 0.408544 0.312678
vt 0.428313 0.351470
vt 0.375197 0.350205
vt 0.376958 0.298856
vt 0.406250 0.650000
vt 0.375000 0.650000
vt 0.375000 0.600000
vt 0.406250 0.932639
vt 0.390625 0.950000
vt 0.421875 0.950000
vt 0.406250 1.000000
vt 0.375000 0.900000
vt 0.343750 0.932639
vt 0.343750 0.896296
vt 0.328125 0.950000
vt 0.359375 0.950000
vt 0.343750 1.000000
vt 0.312500 0.900000
vt 0.376903 0.201337
vt 0.343206 0.250003
vt 0.343746 0.200112
vt 0.369510 0.250026
vt 0.343739 0.299899
vt 0.312500 0.300000
vt 0.312500 0.250000
vt 0.312500 0.200000
vt 0.343750 0.500000
vt 0.343750 0.550000
vt 0.343750 0.600000
vt 0.312500 0.550000
vt 0.312500 0.500000
vt 0.343750 0.800000
vt 0.343750 0.849537
vt 0.312500 0.849769
vt 0.312500 0.800000
vt 0.343788 0.150491
vt 0.343750 0.103704
vt 0.312500 0.150231
vt 0.312500 0.100000
vt 0.343750 0.400000
vt 0.343750 0.450000
vt 0.312500 0.450000
vt 0.312500 0.400000
vt 0.343750 0.700000
vt 0.343750 0.750000
vt 0.312500 0.750000
vt 0.312500 0.700000
vt 0.359375 0.050000
vt 0.328125 0.050000
vt 0.343750 0.000000
vt 0.343750 0.067361
vt 0.343786 0.349975
vt 0.312500 0.350000
vt 0.343750 0.650000
vt 0.312500 0.650000
vt 0.312500 0.600000
vt 0.281250 0.300000
vt 0.281250 0.350000
vt 0.281250 0.400000
vt 0.250000 0.350000
vt 0.250000 0.300000
vt 0.281250 0.600000
vt 0.281250 0.650000
vt 0.250000 0.700000
vt 0.250000 0.650000
vt 0.250000 0.600000
vt 0.281250 0.932639
vt 0.281250 0.896296
vt 0.265625 0.950000
vt 0.296875 0.950000
vt 0.281250 1.000000
vt 0.250000 0.900000
vt 0.281250 0.200000
vt 0.281250 0.250000
vt 0.250000 0.250000
vt 0.250000 0.200000
vt 0.281250 0.500000
vt 0.281250 0.550000
vt 0.250000 0.550000
vt 0.250000 0.500000
vt 0.281250 0.800000
vt 0.281250 0.849537
vt 0.250000 0.849769
vt 0.250000 0.800000
vt 0.281250 0.150463
vt 0.281250 0.103704
vt 0.250000 0.150231
vt 0.250000 0.100000
vt 0.281250 0.450000
vt 0.250000 0.450000
vt 0.250000 0.400000
vt 0.281250 0.700000
vt 0.281250 0.750000
vt 0.250000 0.750000
vt 0.296875 0.050000
vt 0.265625 0.050000
vt 0.281250 0.000000
vt 0.281250 0.067361
vt 0.218750 0.750000
vt 0.218750 0.700000
vt 0.187500 0.800000
vt 0.187500 0.750000
vt 0.187500 0.700000
vt 0.234375 0.050000
vt 0.203125 0.050000
vt 0.218750 0.000000
vt 0.218750 0.067361
vt 0.187500 0.100000
vt 0.218750 0.103704
vt 0.218750 0.300000
vt 0.218750 0.350000
vt 0.218750 0.400000
vt 0.187500 0.350000
vt 0.187500 0.300000
vt 0.218750 0.650000
vt 0.218750 0.600000
vt 0.187500 0.650000
vt 0.187500 0.600000
vt 0.218750 0.932639
vt 0.218750 0.896296
vt 0.203125 0.950000
vt 0.234375 0.950000
vt 0.218750 1.000000
vt 0.187500 0.900000
vt 0.218750 0.200000
vt 0.218750 0.250000
vt 0.187500 0.250000
vt 0.187500 0.200000
vt 0.218750 0.550000
vt 0.218750 0.500000
vt 0.187500 0.550000
vt 0.187500 0.500000
vt 0.218750 0.800000
vt 0.218750 0.849537
vt 0.187500 0.849769
vt 0.218750 0.150463
vt 0.187500 0.150231
vt 0.218750 0.450000
vt 0.187500 0.450000
vt 0.187500 0.400000
vt 0.156250 0.450000
vt 0.156250 0.400000
vt 0.156250 0.500000
vt 0.125000 0.500000
vt 0.125000 0.450000
vt 0.125000 0.400000
vt 0.156250 0.750000
vt 0.156250 0.700000
vt 0.156250 0.800000
vt 0.125000 0.800000
vt 0.125000 0.750000
vt 0.125000 0.700000
vt 0.171875 0.050000
vt 0.140625 0.050000
vt 0.156250 0.000000
vt 0.156250 0.067361
vt 0.125000 0.100000
vt 0.156250 0.103704
vt 0.156257 0.299915
vt 0.156214 0.349978
vt 0.124812 0.350218
vt 0.123071 0.298987
vt 0.156250 0.650000
vt 0.156250 0.600000
vt 0.125000 0.650000
vt 0.125000 0.600000
vt 0.156250 0.932639
vt 0.156250 0.896296
vt 0.140625 0.950000
vt 0.171875 0.950000
vt 0.156250 1.000000
vt 0.125000 0.900000
vt 0.156249 0.200106
vt 0.156783 0.250013
vt 0.130397 0.250112
vt 0.123071 0.201267
vt 0.156250 0.550000
vt 0.125000 0.550000
vt 0.156250 0.849537
vt 0.125000 0.849769
vt 0.156212 0.150489
vt 0.124816 0.150044
vt 0.093750 0.849537
vt 0.093750 0.800000
vt 0.093750 0.896296
vt 0.062500 0.900000
vt 0.062500 0.849769
vt 0.062500 0.800000
vt 0.093597 0.149029
vt 0.093750 0.103704
vt 0.092226 0.187548
vt 0.062887 0.185989
vt 0.062548 0.148480
vt 0.062500 0.100000
vt 0.093967 0.400000
vt 0.095052 0.500000
vt 0.094835 0.450000
vt 0.071832 0.450347
vt 0.062500 0.400000
vt 0.093750 0.750000
vt 0.093750 0.700000
vt 0.062500 0.750000
vt 0.062500 0.700000
vt 0.109375 0.050000
vt 0.078125 0.050000
vt 0.093750 0.000000
vt 0.093750 0.067361
vt 0.091616 0.313072
vt 0.093520 0.351510
vt 0.062397 0.351506
vt 0.061674 0.314828
vt 0.093750 0.650000
vt 0.093967 0.600000
vt 0.062500 0.650347
vt 0.062500 0.600000
vt 0.093750 0.932639
vt 0.078125 0.950000
vt 0.109375 0.950000
vt 0.093750 1.000000
vt 0.094835 0.550000
vt 0.071832 0.549653
vt 0.072155 0.544125
vt 0.072183 0.539940
vt 0.019381 0.250961
vt 0.025443 0.276201
vt 0.023205 0.277264
vt 0.026249 0.225116
vt 0.022317 0.251130
vt 0.029020 0.226594
vt 0.022737 0.251154
vt 0.025763 0.276050
vt 0.000000 0.400000
vt 0.029996 0.402006
vt 0.000000 0.400000
vt 0.031033 0.386458
vt 0.052276 0.416358
vt 0.046875 0.425000
vt 0.029273 0.416705
vt 0.031250 0.849537
vt 0.031250 0.800000
vt 0.031250 0.896296
vt 0.000000 0.900000
vt 0.000000 0.850000
vt 0.000000 0.800000
vt 0.031250 0.103704
vt 0.033249 0.187373
vt 0.031438 0.148995
vt 0.000000 0.150000
vt 0.000000 0.100000
vt 0.072917 0.500000
vt 0.070354 0.528609
vt 0.069866 0.531094
vt 0.071716 0.549453
vt 0.071901 0.546493
vt 0.067153 0.562579
vt 0.067676 0.562768
vt 0.061246 0.547994
vt 0.046875 0.575000
vt 0.051191 0.546836
vt 0.062500 0.500000
vt 0.052083 0.500000
vt 0.031250 0.750000
vt 0.031250 0.700000
vt 0.000000 0.750000
vt 0.000000 0.700000
vt 0.046875 0.050000
vt 0.015625 0.050000
vt 0.031250 0.000000
vt 0.031250 0.067361
vt 0.032161 0.313291
vt 0.031308 0.350157
vt 0.000000 0.350000
vt 0.000000 0.300000
vt 0.031250 0.651389
vt 0.031033 0.613542
vt 0.000000 0.650000
vt 0.000000 0.600000
vt 0.031250 0.932639
vt 0.015625 0.950000
vt 0.046875 0.950000
vt 0.031250 1.000000
vt 1.000000 0.650000
vt 0.968967 0.613542
vt 1.000000 0.600000
vt 1.000000 0.700000
vt 0.968750 0.650000
vt 0.968750 0.686806
vt 0.937500 0.650000
vt 0.937500 0.600000
vt 1.000000 0.900000
vt 0.968750 0.932639
vt 0.968750 0.896296
vt 0.953125 0.950000
vt 0.984375 0.950000
vt 0.968750 1.000000
vt 0.937500 0.900000
vt 0.535375 0.291730
vt 0.553827 0.291472
vt 0.555119 0.292742
vt 0.523543 0.279395
vt 0.535869 0.290648
vt 0.525840 0.278706
vt 0.535939 0.290493
vt 0.553643 0.291291
vt 0.927083 0.500000
vt 0.938754 0.452006
vt 0.937500 0.500000
vt 0.928168 0.450347
vt 0.947724 0.416358
vt 0.953125 0.425000
vt 0.948809 0.453164
vt 0.947917 0.500000
vt 1.000000 0.850000
vt 0.968750 0.813195
vt 1.000000 0.800000
vt 0.968750 0.850926
vt 0.937500 0.850116
vt 0.937500 0.800000
vt 1.000000 0.150000
vt 0.968750 0.103704
vt 1.000000 0.100000
vt 0.966751 0.187373
vt 0.968562 0.148995
vt 0.937452 0.148480
vt 0.937500 0.100000
vt 0.970004 0.597994
vt 1.000000 0.600000
vt 0.947724 0.583642
vt 0.953125 0.575000
vt 0.970727 0.583295
vt 0.984375 0.050000
vt 0.953125 0.050000
vt 0.968750 0.000000
vt 0.968750 0.067361
vt 1.000000 0.350000
vt 0.967839 0.313291
vt 1.000000 0.300000
vt 0.968967 0.386458
vt 0.968692 0.350157
vt 0.937500 0.400000
vt 0.937603 0.351506
vt 0.938326 0.314828
vt 0.906479 0.351510
vt 0.908385 0.313072
vt 0.906033 0.400000
vt 0.875000 0.400000
vt 0.875188 0.350218
vt 0.876929 0.298987
vt 0.906033 0.600000
vt 0.937500 0.700000
vt 0.906250 0.650000
vt 0.906033 0.700000
vt 0.875000 0.650000
vt 0.875000 0.600000
vt 0.921875 0.950000
vt 0.906250 0.896296
vt 0.890625 0.950000
vt 0.906250 1.000000
vt 0.875000 0.900000
vt 0.906250 0.932639
vt 0.905165 0.550000
vt 0.927575 0.539227
vt 0.927699 0.543393
vt 0.928168 0.549653
vt 0.875000 0.550000
vt 0.875000 0.500000
vt 0.904948 0.500000
vt 0.906033 0.800000
vt 0.906250 0.849537
vt 0.875000 0.849769
vt 0.875000 0.800000
vt 0.906250 0.103704
vt 0.937113 0.185989
vt 0.906403 0.149029
vt 0.907774 0.187548
vt 0.875184 0.150043
vt 0.875000 0.100000
vt 0.905165 0.450000
vt 0.875000 0.450000
vt 0.929254 0.750000
vt 0.905382 0.750000
vt 0.875000 0.750000
vt 0.875000 0.700000
vt 0.921875 0.050000
vt 0.890625 0.050000
vt 0.906250 0.000000
vt 0.906250 0.067361
vt 0.843750 0.700000
vt 0.843750 0.750000
vt 0.843750 0.800000
vt 0.812500 0.750000
vt 0.812500 0.700000
vt 0.859375 0.050000
vt 0.828125 0.050000
vt 0.843750 0.000000
vt 0.843750 0.067361
vt 0.812500 0.100000
vt 0.843750 0.103704
vt 0.843786 0.349978
vt 0.843743 0.299915
vt 0.843750 0.400000
vt 0.812500 0.350000
vt 0.812500 0.300000
vt 0.843750 0.600000
vt 0.843750 0.650000
vt 0.812500 0.650000
vt 0.812500 0.600000
vt 0.859375 0.950000
vt 0.843750 0.896296
vt 0.828125 0.950000
vt 0.843750 1.000000
vt 0.812500 0.900000
vt 0.843750 0.932639
vt 0.876929 0.201267
vt 0.843217 0.250013
vt 0.843751 0.200106
vt 0.869603 0.250112
vt 0.812500 0.250000
vt 0.812500 0.200000
vt 0.843750 0.500000
vt 0.843750 0.550000
vt 0.812500 0.550000
vt 0.812500 0.500000
vt 0.843750 0.849537
vt 0.812500 0.849769
vt 0.812500 0.800000
vt 0.843788 0.150489
vt 0.812500 0.150231
vt 0.843750 0.450000
vt 0.812500 0.450000
vt 0.812500 0.400000
vt 0.781250 0.150463
vt 0.781250 0.103704
vt 0.781250 0.200000
vt 0.781250 0.400000
vt 0.781250 0.450000
vt 0.781250 0.700000
vt 0.781250 0.750000
vt 0.796875 0.050000
vt 0.765625 0.050000
vt 0.781250 0.000000
vt 0.781250 0.067361
vt 0.781250 0.350000
vt 0.781250 0.300000
vt 0.781250 0.600000
vt 0.781250 0.650000
vt 0.781250 0.932639
vt 0.781250 0.896296
vt 0.765625 0.950000
vt 0.796875 0.950000
vt 0.781250 1.000000
vt 0.781250 0.250000
vt 0.781250 0.500000
vt 0.781250 0.550000
vt 0.781250 0.800000
vt 0.781250 0.849537
vt 0.029779 0.547994
vt 0.029948 0.500000
vt 0.029273 0.583295
vt 0.000000 0.550000
vt 0.051191 0.453164
vt 0.029779 0.452006
vt 0.000000 0.450000
vt 0.970221 0.547994
vt 1.000000 0.550000
vt 0.948809 0.546836
vt 0.970052 0.500000
vt 1.000000 0.400000
vt 0.970221 0.452006
vt 0.970727 0.416705
vt 1.000000 0.450000
vt 0.970004 0.402006
vt 1.000000 0.400000
vt 0.052276 0.583642
vt 0.029996 0.597994
vt 0.000000 0.600000
vt 0.932490 0.563267
vt 0.932898 0.563255
vt 0.929405 0.526086
vt 0.929931 0.529003
vt 0.928283 0.549414
vt 0.928269 0.549203
vt 0.938754 0.547994
vt 0.061246 0.452006
vt 0.551191 0.481906
vt 0.500000 0.500000
vt 0.529779 0.495911
vt 0.500000 0.497917
vt 0.529273 0.481906
vt 0.546875 0.475000
vt 0.440056 0.447647
vt 0.448809 0.481906
vt 0.438802 0.400000
vt 0.448809 0.446836
vt 0.453125 0.475000
vt 0.561198 0.400000
vt 0.559944 0.447647
vt 0.551191 0.446836
vt 0.552083 0.400000
vt 0.448809 0.318094
vt 0.500000 0.300000
vt 0.470221 0.304089
vt 0.500000 0.302083
vt 0.470727 0.318094
vt 0.453125 0.325000
vt 0.553088 0.316067
vt 0.562477 0.351940
vt 0.561198 0.352083
vt 0.552083 0.316667
vt 0.469835 0.500000
vt 0.470052 0.497917
vt 0.531628 0.299084
vt 0.500000 0.290050
vt 0.530189 0.301662
vt 0.529948 0.302083
vt 0.437523 0.351940
vt 0.438802 0.352083
vt 0.529779 0.447647
vt 0.529948 0.400000
vt 0.500000 0.483333
vt 0.500000 0.447917
vt 0.500000 0.400000
vt 0.551191 0.353164
vt 0.529273 0.318094
vt 0.546875 0.325000
vt 0.529779 0.352353
vt 0.500000 0.352083
vt 0.500000 0.316667
vt 0.470052 0.400000
vt 0.470221 0.447647
vt 0.470727 0.481906
vt 0.447917 0.400000
vt 0.470221 0.352353
vt 0.448809 0.353164
vt 0.551191 0.318094
vt 0.559944 0.352353
vt 0.470221 0.495910
vt 0.440056 0.352353
vt 0.529779 0.304090
vt 1.000000 0.750000
vt 0.968750 0.750000
vt 0.436049 0.213274
vt 0.455580 0.215992
vt 0.435795 0.215597
vt 0.457348 0.213920
vt 0.470503 0.226304
vt 0.470097 0.226509
vt 0.455328 0.216288
vt 0.435759 0.215929
vt 0.101190 0.276298
vt 0.114689 0.250362
vt 0.107714 0.280897
vt 0.107311 0.250607
vt 0.107716 0.220150
vt 0.085482 0.214769
vt 0.101186 0.225464
vt 0.063662 0.205882
vt 0.088507 0.207597
vt 0.058368 0.290805
vt 0.086689 0.294291
vt 0.060021 0.296566
vt 0.082453 0.288381
vt 0.018697 0.219842
vt 0.011817 0.250553
vt 0.016921 0.281541
vt 0.000000 0.250000
vt 0.000000 0.200000
vt 0.042851 0.214372
vt 0.064436 0.213276
vt 0.038445 0.207334
vt 0.037155 0.289133
vt 0.035040 0.294759
vt 0.976795 0.277264
vt 0.988183 0.250553
vt 0.983079 0.281541
vt 0.980619 0.250961
vt 0.981303 0.219842
vt 1.000000 0.250000
vt 0.957149 0.214372
vt 0.973751 0.225116
vt 0.936338 0.205882
vt 0.961555 0.207334
vt 1.000000 0.200000
vt 0.962845 0.289133
vt 0.939979 0.296566
vt 0.941632 0.290805
vt 0.964960 0.294759
vt 0.898814 0.225464
vt 0.885311 0.250362
vt 0.892284 0.220150
vt 0.892689 0.250607
vt 0.892286 0.280897
vt 0.917547 0.288381
vt 0.898810 0.276298
vt 0.913311 0.294291
vt 0.935564 0.213276
vt 0.911493 0.207597
vt 0.914517 0.214769
vt 0.487658 0.250977
vt 0.482892 0.281758
vt 0.479706 0.251840
vt 0.481070 0.219843
vt 0.500000 0.250043
vt 0.473345 0.224868
vt 0.461676 0.207098
vt 0.436629 0.205881
vt 0.500000 0.201789
vt 0.441877 0.296922
vt 0.444881 0.292742
vt 0.466018 0.294633
vt 0.398630 0.225953
vt 0.385027 0.250095
vt 0.392175 0.220440
vt 0.392215 0.250161
vt 0.392409 0.280361
vt 0.414796 0.215307
vt 0.411660 0.207919
vt 0.419686 0.288665
vt 0.399014 0.275391
vt 0.414582 0.294349
vt 0.607785 0.250161
vt 0.607591 0.280361
vt 0.600986 0.275391
vt 0.601370 0.225953
vt 0.614973 0.250095
vt 0.607825 0.220440
vt 0.585418 0.294349
vt 0.558123 0.296922
vt 0.580314 0.288665
vt 0.585204 0.215307
vt 0.563371 0.205881
vt 0.588340 0.207919
vt 0.520294 0.251840
vt 0.518930 0.219843
vt 0.526655 0.224869
vt 0.512342 0.250977
vt 0.517108 0.281758
vt 0.533982 0.294633
vt 0.542652 0.213920
vt 0.563951 0.213274
vt 0.538324 0.207098
vt 0.104294 0.250728
vt 0.097364 0.228264
vt 0.098506 0.227223
vt 0.097248 0.273910
vt 0.102700 0.250769
vt 0.090908 0.269154
vt 0.091801 0.251056
vt 0.091511 0.233302
vt 0.554052 0.290202
vt 0.527260 0.277494
vt 0.536936 0.289032
vt 0.532896 0.272096
vt 0.543770 0.279030
vt 0.555983 0.284463
vt 0.955089 0.216829
vt 0.935259 0.216846
vt 0.935177 0.215931
vt 0.969504 0.227881
vt 0.954429 0.218147
vt 0.964005 0.233073
vt 0.949920 0.227144
vt 0.935672 0.221773
vt 0.472740 0.277494
vt 0.463064 0.289032
vt 0.444016 0.284463
vt 0.456230 0.279030
vt 0.467104 0.272096
vt 0.529497 0.226304
vt 0.544420 0.215992
vt 0.564205 0.215597
vt 0.544672 0.216288
vt 0.529903 0.226509
vt 0.044653 0.216522
vt 0.064775 0.215599
vt 0.044911 0.216829
vt 0.029415 0.226805
vt 0.977683 0.251130
vt 0.970980 0.226594
vt 0.974557 0.276201
vt 0.974237 0.276050
vt 0.977264 0.251154
vt 0.970585 0.226805
vt 0.394772 0.250190
vt 0.401394 0.274002
vt 0.400942 0.227578
vt 0.401272 0.227811
vt 0.395137 0.250194
vt 0.401733 0.273803
vt 0.037960 0.287596
vt 0.057645 0.289196
vt 0.038075 0.287376
vt 0.057542 0.288966
vt 0.955347 0.216522
vt 0.935225 0.215599
vt 0.416064 0.217621
vt 0.416245 0.217952
vt 0.599058 0.227578
vt 0.605228 0.250190
vt 0.598606 0.274002
vt 0.604863 0.250194
vt 0.598728 0.227811
vt 0.962040 0.287596
vt 0.942355 0.289196
vt 0.961925 0.287376
vt 0.421809 0.287046
vt 0.422113 0.286815
vt 0.578191 0.287046
vt 0.577887 0.286815
vt 0.598267 0.273803
vt 0.104672 0.250713
vt 0.098841 0.227003
vt 0.098846 0.275067
vt 0.098512 0.274891
vt 0.895328 0.250713
vt 0.901154 0.275067
vt 0.901159 0.227003
vt 0.901494 0.227223
vt 0.895706 0.250728
vt 0.901488 0.274891
vt 0.583936 0.217621
vt 0.583755 0.217952
vt 0.564241 0.215929
vt 0.084264 0.216989
vt 0.084089 0.217306
vt 0.064823 0.215931
vt 0.919296 0.286712
vt 0.919545 0.286473
vt 0.942458 0.288966
vt 0.476610 0.252162
vt 0.476168 0.252208
vt 0.523390 0.252162
vt 0.523832 0.252208
vt 0.526168 0.278607
vt 0.080704 0.286712
vt 0.080455 0.286474
vt 0.915736 0.216989
vt 0.915911 0.217306
vt 0.573172 0.276658
vt 0.534884 0.252334
vt 0.549799 0.227028
vt 0.536306 0.233098
vt 0.577418 0.227983
vt 0.563822 0.221900
vt 0.591906 0.250916
vt 0.591584 0.233732
vt 0.590357 0.268660
vt 0.965592 0.251356
vt 0.954600 0.276732
vt 0.967047 0.269976
vt 0.924908 0.276153
vt 0.941133 0.282588
vt 0.908199 0.251057
vt 0.909092 0.269154
vt 0.908489 0.233302
vt 0.937573 0.251644
vt 0.922220 0.227424
vt 0.465116 0.252334
vt 0.450201 0.227028
vt 0.463694 0.233098
vt 0.426828 0.276658
vt 0.408094 0.250916
vt 0.409643 0.268660
vt 0.422582 0.227983
vt 0.408416 0.233732
vt 0.436178 0.221900
vt 0.045400 0.276732
vt 0.075092 0.276153
vt 0.058867 0.282588
vt 0.034408 0.251356
vt 0.032953 0.269976
vt 0.050080 0.227144
vt 0.035994 0.233073
vt 0.077780 0.227424
vt 0.064328 0.221773
vt 0.403055 0.272928
vt 0.402438 0.228819
vt 0.396788 0.250284
vt 0.973061 0.275010
vt 0.942228 0.287955
vt 0.960991 0.286018
vt 0.530956 0.227641
vt 0.564175 0.216865
vt 0.545326 0.217658
vt 0.064741 0.216846
vt 0.083282 0.218599
vt 0.435825 0.216865
vt 0.417057 0.219236
vt 0.902752 0.273910
vt 0.902636 0.228264
vt 0.897300 0.250769
vt 0.057772 0.287955
vt 0.079770 0.285155
vt 0.445948 0.290202
vt 0.422716 0.285517
vt 0.920230 0.285155
vt 0.026939 0.275010
vt 0.030496 0.227881
vt 0.024229 0.251179
vt 0.597562 0.228819
vt 0.596945 0.272928
vt 0.603212 0.250284
vt 0.916718 0.218599
vt 0.045571 0.218147
vt 0.577284 0.285516
vt 0.469044 0.227641
vt 0.474753 0.252222
vt 0.039009 0.286018
vt 0.582943 0.219236
vt 0.454674 0.217658
vt 0.975771 0.251179
vt 0.525247 0.252222
vt 0.437500 0.375000
vt 0.448588 0.500000
vt 0.455336 0.375000
vt 0.455336 0.374999
vt 0.437500 0.293719
vt 0.437500 0.539260
vt 0.375000 0.750000
vt 0.385915 0.750000
vt 0.399851 0.710320
vt 0.375000 0.375000
vt 0.437500 0.293719
vt 0.375000 0.625000
vt 0.423986 0.625000
vt 0.423821 0.563548
vt 0.385915 0.749999
vt 0.375000 0.764821
vt 0.375000 0.221770
vt 0.375000 0.250000
vt 0.413460 0.250000
vt 0.375000 0.500000
vt 0.312500 0.250000
vt 0.312500 0.625000
vt 0.312500 0.500000
vt 0.312500 0.750000
vt 0.312500 0.224686
vt 0.375000 0.221770
vt 0.312500 0.375000
vt 0.250000 0.785428
vt 0.312500 0.796443
vt 0.312500 0.224687
vt 0.282329 0.250000
vt 0.250000 0.375000
vt 0.250000 0.750000
vt 0.250000 0.625000
vt 0.282329 0.250000
vt 0.252390 0.314295
vt 0.250000 0.500000
vt 0.204247 0.375000
vt 0.187500 0.424598
vt 0.187500 0.625000
vt 0.187500 0.693118
vt 0.230633 0.339382
vt 0.248416 0.316973
vt 0.212853 0.750000
vt 0.173624 0.500000
vt 0.173849 0.522035
vt 0.173199 0.625000
vt 0.687500 0.750000
vt 0.750000 0.783706
vt 0.750000 0.750000
vt 0.687500 0.227026
vt 0.687500 0.250000
vt 0.716022 0.250000
vt 0.687500 0.500000
vt 0.750000 0.375000
vt 0.687500 0.375000
vt 0.687500 0.625000
vt 0.750000 0.625000
vt 0.750000 0.314647
vt 0.747781 0.314002
vt 0.625000 0.500000
vt 0.625000 0.375000
vt 0.625000 0.625000
vt 0.625000 0.250000
vt 0.625000 0.765073
vt 0.687500 0.795635
vt 0.625000 0.226122
vt 0.594123 0.250000
vt 0.562500 0.312235
vt 0.562500 0.500000
vt 0.562500 0.532924
vt 0.575992 0.563704
vt 0.625000 0.750000
vt 0.613687 0.750001
vt 0.625000 0.226120
vt 0.562500 0.375000
vt 0.613688 0.750000
vt 0.554821 0.500000
vt 0.549435 0.375000
vt 0.554180 0.459462
vt 0.812500 0.625000
vt 0.824913 0.500000
vt 0.812500 0.500000
vt 0.818770 0.466053
vt 0.812500 0.431627
vt 0.812500 0.686955
vt 0.825430 0.625000
vt 0.784804 0.750000
vt 0.774765 0.347019
vt 0.072093 0.537668
vt 0.069046 0.545661
vt 0.069169 0.549236
vt 0.069315 0.536358
vt 0.069405 0.535185
vt 0.072068 0.535533
vt 0.071604 0.529795
vt 0.071226 0.528435
vt 0.070725 0.527722
vt 0.071694 0.549631
vt 0.070295 0.555328
vt 0.071579 0.550081
vt 0.067019 0.561272
vt 0.067961 0.554650
vt 0.068471 0.552174
vt 0.067679 0.556722
vt 0.069544 0.557876
vt 0.068265 0.561525
vt 0.928106 0.546811
vt 0.927646 0.533589
vt 0.927788 0.532267
vt 0.000000 0.500000
vt 1.000000 0.500000
vt 0.931470 0.551824
vt 0.930829 0.549236
vt 0.932126 0.554931
vt 0.933094 0.561633
vt 0.929675 0.555250
vt 0.928309 0.549631
vt 0.930478 0.557992
vt 0.931752 0.561671
vt 0.928116 0.527005
vt 0.930548 0.534977
vt 0.928988 0.524893
vt 0.930916 0.545282
vt 0.930662 0.538217
vt 0.928526 0.525454
vt 0.930448 0.533693
vt 0.561825 0.252325
vt 0.438175 0.252325
vt 0.062427 0.251644
vt 0.312500 0.796443
vt 0.250000 0.315005
vt 0.212854 0.750000
vt 0.745271 0.309310
vt 0.575665 0.625000
vt 0.794382 0.375000
s 0
f 4/1/1 767/2/1 288/3/1
f 279/4/2 289/5/2 767/2/2
f 767/2/3 11/6/3 285/7/3
f 288/3/4 285/7/4 12/8/4
f 536/9/5 543/10/5 153/11/5
f 1/12/6 768/13/6 536/9/6
f 768/13/7 8/14/7 282/15/7
f 543/10/8 282/15/8 9/16/8
f 151/17/9 769/18/9 544/19/9
f 541/20/10 534/21/10 101/22/10
f 6/23/11 769/18/11 541/20/11
f 155/24/12 770/25/12 545/26/12
f 538/27/13 288/3/13 770/25/13
f 770/25/14 12/8/14 286/28/14
f 545/26/15 286/28/15 13/29/15
f 2/30/16 771/31/16 291/32/16
f 153/11/17 771/31/17 537/33/17
f 771/31/18 9/16/18 283/34/18
f 291/32/19 283/34/19 10/35/19
f 152/36/20 772/37/20 546/38/20
f 529/39/21 544/19/21 772/37/21
f 772/37/22 6/23/22 280/40/22
f 546/38/23 280/40/23 7/41/23
f 539/42/24 292/43/24 5/44/24
f 155/24/25 773/45/25 539/42/25
f 545/26/26 287/46/26 773/45/26
f 773/45/27 14/47/27 292/43/27
f 3/48/28 774/49/28 289/5/28
f 278/50/29 291/32/29 774/49/29
f 774/49/30 10/35/30 284/51/30
f 289/5/31 284/51/31 11/6/31
f 1/12/32 775/52/32 290/53/32
f 535/54/33 546/38/33 775/52/33
f 775/52/34 7/41/34 281/55/34
f 290/53/35 281/55/35 8/14/35
f 540/56/36 542/57/36 91/58/36
f 5/44/37 776/59/37 540/56/37
f 542/57/38 292/43/38 14/47/38
f 9/16/39 777/60/39 301/61/39
f 282/15/40 302/62/40 777/60/40
f 777/60/41 17/63/41 295/64/41
f 301/61/42 295/64/42 18/65/42
f 6/23/43 778/66/43 303/67/43
f 547/68/44 541/69/44 101/70/44
f 15/71/45 778/66/45 547/68/45
f 286/28/46 304/72/46 13/29/46
f 12/8/47 779/73/47 286/28/47
f 305/74/48 299/75/48 779/73/48
f 779/73/49 222/76/49 304/72/49
f 10/35/50 780/77/50 306/78/50
f 283/34/51 301/61/51 780/77/51
f 780/77/52 18/65/52 296/79/52
f 306/78/53 296/79/53 19/80/53
f 7/41/54 781/81/54 307/82/54
f 280/40/55 303/67/55 781/81/55
f 781/81/56 15/71/56 293/83/56
f 307/82/57 293/83/57 16/84/57
f 287/46/58 308/85/58 14/47/58
f 13/29/59 782/86/59 287/46/59
f 304/72/60 300/87/60 782/86/60
f 782/86/61 23/88/61 308/85/61
f 11/6/62 783/89/62 309/90/62
f 284/51/63 306/78/63 783/89/63
f 783/89/64 19/80/64 297/91/64
f 309/90/65 297/91/65 20/92/65
f 8/14/66 784/93/66 302/62/66
f 281/55/67 307/82/67 784/93/67
f 784/93/68 16/84/68 294/94/68
f 302/62/69 294/94/69 17/63/69
f 542/95/70 548/96/70 91/97/70
f 14/47/71 785/98/71 542/95/71
f 23/88/72 785/98/72 308/85/72
f 12/8/73 786/99/73 305/74/73
f 285/7/74 309/90/74 786/99/74
f 786/99/75 20/92/75 298/100/75
f 305/74/76 298/100/76 221/101/76
f 548/102/77 550/103/77 91/104/77
f 23/88/78 787/105/78 548/102/78
f 32/106/79 787/105/79 317/107/79
f 298/100/80 318/108/80 221/101/80
f 20/92/81 788/109/81 298/100/81
f 319/110/82 315/111/82 788/109/82
f 788/109/83 223/112/83 318/108/83
f 18/65/84 789/113/84 320/114/84
f 295/64/85 321/115/85 789/113/85
f 789/113/86 26/116/86 312/117/86
f 320/114/87 312/117/87 27/118/87
f 15/71/88 790/119/88 322/120/88
f 549/121/89 547/122/89 101/123/89
f 24/124/90 790/119/90 549/121/90
f 19/80/91 791/125/91 324/126/91
f 296/79/92 320/114/92 791/125/92
f 791/125/93 27/118/93 313/127/93
f 324/126/94 313/127/94 28/128/94
f 16/84/95 792/129/95 325/130/95
f 293/83/96 322/120/96 792/129/96
f 792/129/97 24/124/97 310/131/97
f 325/130/98 310/131/98 25/132/98
f 300/87/99 317/107/99 23/88/99
f 300/87/100 323/133/100 793/134/100
f 323/133/101 316/135/101 793/134/101
f 793/134/102 32/106/102 317/107/102
f 20/92/103 794/136/103 319/110/103
f 297/91/104 324/126/104 794/136/104
f 794/136/105 28/128/105 314/137/105
f 794/136/106 29/138/106 319/110/106
f 17/63/107 795/139/107 321/115/107
f 294/94/108 325/130/108 795/139/108
f 795/139/109 25/132/109 311/140/109
f 321/115/110 311/140/110 26/116/110
f 347/141/111 605/142/111 52/143/111
f 347/141/112 604/144/112 796/145/112
f 796/145/113 176/146/113 598/147/113
f 605/142/114 598/147/114 175/148/114
f 26/116/115 797/149/115 336/150/115
f 311/140/116 337/151/116 797/149/116
f 797/149/117 34/152/117 327/153/117
f 336/150/118 327/153/118 35/154/118
f 550/155/119 552/156/119 91/157/119
f 32/106/120 798/158/120 550/155/120
f 42/159/121 798/158/121 338/160/121
f 357/161/122 603/162/122 218/163/122
f 357/161/123 330/164/123 799/165/123
f 330/164/124 602/166/124 799/165/124
f 799/165/125 177/167/125 603/162/125
f 27/118/126 800/168/126 340/169/126
f 312/117/127 336/150/127 800/168/127
f 800/168/128 35/154/128 328/170/128
f 340/169/129 328/170/129 36/171/129
f 24/124/130 801/172/130 341/173/130
f 551/174/131 549/175/131 101/176/131
f 33/177/132 801/172/132 551/174/132
f 28/128/133 802/178/133 335/179/133
f 313/127/134 340/169/134 802/178/134
f 802/178/135 36/171/135 329/180/135
f 335/179/136 329/180/136 38/181/136
f 25/132/137 803/182/137 337/151/137
f 310/131/138 341/173/138 803/182/138
f 341/173/139 326/183/139 803/182/139
f 337/151/140 326/183/140 34/152/140
f 316/135/141 338/160/141 32/106/141
f 224/184/142 804/185/142 316/135/142
f 342/186/143 333/187/143 804/185/143
f 804/185/144 42/159/144 338/160/144
f 326/183/145 350/188/145 34/152/145
f 326/183/146 351/189/146 805/190/146
f 351/189/147 343/191/147 805/190/147
f 805/190/148 45/192/148 350/188/148
f 42/159/149 806/193/149 352/194/149
f 333/187/150 353/195/150 806/193/150
f 806/193/151 217/196/151 349/197/151
f 352/194/152 349/197/152 54/198/152
f 335/179/153 354/199/153 28/128/153
f 38/181/154 807/200/154 335/179/154
f 331/201/155 596/202/155 807/200/155
f 807/200/156 169/203/156 354/199/156
f 327/153/157 356/204/157 35/154/157
f 34/152/158 808/205/158 327/153/158
f 350/188/159 344/206/159 808/205/159
f 808/205/160 48/207/160 356/204/160
f 552/208/161 554/209/161 91/210/161
f 42/159/162 809/211/162 552/208/162
f 54/198/163 809/211/163 352/194/163
f 314/137/164 334/212/164 29/138/164
f 314/137/165 354/199/165 810/213/165
f 354/199/166 591/214/166 810/213/166
f 810/213/167 171/215/167 334/212/167
f 328/170/168 358/216/168 36/171/168
f 35/154/169 811/217/169 328/170/169
f 356/204/170 345/218/170 811/217/170
f 811/217/171 50/219/171 358/216/171
f 33/177/172 812/220/172 351/189/172
f 553/221/173 551/222/173 101/223/173
f 44/224/174 812/220/174 553/221/174
f 40/225/175 813/226/175 702/227/175
f 649/228/176 701/229/176 813/226/176
f 813/226/177 242/230/177 685/231/177
f 702/227/178 685/231/178 239/232/178
f 329/180/179 355/233/179 38/181/179
f 36/171/180 814/234/180 329/180/180
f 358/216/181 346/235/181 814/234/181
f 814/234/182 52/143/182 355/233/182
f 346/235/183 367/236/183 52/143/183
f 50/219/184 815/237/184 346/235/184
f 368/238/185 362/239/185 815/237/185
f 815/237/186 63/240/186 367/236/186
f 343/191/187 369/241/187 45/192/187
f 44/224/188 816/242/188 343/191/188
f 370/243/189 359/244/189 816/242/189
f 816/242/190 58/245/190 369/241/190
f 54/198/191 817/246/191 371/247/191
f 349/197/192 372/248/192 817/246/192
f 372/248/193 366/249/193 817/246/193
f 371/247/194 366/249/194 66/250/194
f 53/251/195 818/252/195 373/253/195
f 52/143/196 818/252/196 347/141/196
f 367/236/197 363/254/197 818/252/197
f 818/252/198 65/255/198 373/253/198
f 344/206/199 374/256/199 48/207/199
f 45/192/200 819/257/200 344/206/200
f 369/241/201 360/258/201 819/257/201
f 819/257/202 59/259/202 374/256/202
f 554/260/203 556/261/203 91/262/203
f 54/198/204 820/263/204 554/260/204
f 66/250/205 820/263/205 371/247/205
f 218/163/206 821/264/206 375/265/206
f 348/266/207 373/253/207 821/264/207
f 821/264/208 65/255/208 364/267/208
f 375/265/209 364/267/209 219/268/209
f 345/218/210 368/238/210 50/219/210
f 48/207/211 822/269/211 345/218/211
f 374/256/212 361/270/212 822/269/212
f 822/269/213 61/271/213 368/238/213
f 44/224/214 823/272/214 370/243/214
f 555/273/215 553/274/215 101/275/215
f 55/276/216 823/272/216 555/273/216
f 55/276/217 824/277/217 384/278/217
f 557/279/218 555/280/218 101/281/218
f 67/282/219 824/277/219 557/279/219
f 220/283/220 825/284/220 385/285/220
f 365/286/221 386/287/221 825/284/221
f 825/284/222 77/288/222 382/289/222
f 385/285/223 382/289/223 78/290/223
f 362/239/224 387/291/224 63/240/224
f 61/271/225 826/292/225 362/239/225
f 388/293/226 379/294/226 826/292/226
f 826/292/227 75/295/227 387/291/227
f 359/244/228 389/296/228 58/245/228
f 55/276/229 827/297/229 359/244/229
f 384/278/230 376/298/230 827/297/230
f 827/297/231 69/299/231 389/296/231
f 66/250/232 828/300/232 390/301/232
f 366/249/233 385/285/233 828/300/233
f 828/300/234 78/290/234 383/302/234
f 390/301/235 383/302/235 79/303/235
f 363/254/236 391/304/236 65/255/236
f 63/240/237 829/305/237 363/254/237
f 387/291/238 380/306/238 829/305/238
f 829/305/239 76/307/239 391/304/239
f 360/258/240 392/308/240 59/259/240
f 58/245/241 830/309/241 360/258/241
f 389/296/242 377/310/242 830/309/242
f 830/309/243 72/311/243 392/308/243
f 556/312/244 558/313/244 91/314/244
f 66/250/245 831/315/245 556/312/245
f 79/303/246 831/315/246 390/301/246
f 364/267/247 386/287/247 219/268/247
f 65/255/248 832/316/248 364/267/248
f 391/304/249 381/317/249 832/316/249
f 832/316/250 77/288/250 386/287/250
f 361/270/251 388/293/251 61/271/251
f 59/259/252 833/318/252 361/270/252
f 392/308/253 378/319/253 833/318/253
f 833/318/254 73/320/254 388/293/254
f 381/317/255 402/321/255 77/288/255
f 76/307/256 834/322/256 381/317/256
f 403/323/257 398/324/257 834/322/257
f 834/322/258 88/325/258 402/321/258
f 378/319/259 404/326/259 73/320/259
f 72/311/260 835/327/260 378/319/260
f 835/327/261 84/328/261 395/329/261
f 404/326/262 395/329/262 85/330/262
f 67/282/263 836/331/263 406/332/263
f 559/333/264 557/334/264 101/335/264
f 80/336/265 836/331/265 559/333/265
f 382/289/266 407/337/266 78/290/266
f 77/288/267 837/338/267 382/289/267
f 402/321/268 399/339/268 837/338/268
f 837/338/269 89/340/269 407/337/269
f 379/294/270 408/341/270 75/295/270
f 73/320/271 838/342/271 379/294/271
f 838/342/272 85/330/272 396/343/272
f 838/342/273 86/344/273 408/341/273
f 376/298/274 409/345/274 69/299/274
f 67/282/275 839/346/275 376/298/275
f 406/332/276 393/347/276 839/346/276
f 839/346/277 81/348/277 409/345/277
f 79/303/278 840/349/278 410/350/278
f 383/302/279 407/337/279 840/349/279
f 840/349/280 89/340/280 400/351/280
f 410/350/281 400/351/281 90/352/281
f 380/306/282 403/323/282 76/307/282
f 75/295/283 841/353/283 380/306/283
f 408/341/284 397/354/284 841/353/284
f 841/353/285 87/355/285 403/323/285
f 377/310/286 405/356/286 72/311/286
f 69/299/287 842/357/287 377/310/287
f 409/345/288 394/358/288 842/357/288
f 842/357/289 84/328/289 405/356/289
f 558/359/290 401/360/290 91/361/290
f 410/350/291 558/359/291 79/303/291
f 90/352/292 843/362/292 410/350/292
f 84/328/293 844/363/293 419/364/293
f 81/348/294 844/363/294 394/358/294
f 844/363/295 93/365/295 412/366/295
f 419/364/296 412/366/296 94/367/296
f 401/368/297 561/369/297 91/370/297
f 90/352/298 845/371/298 401/368/298
f 100/372/299 845/371/299 421/373/299
f 398/324/300 422/374/300 88/325/300
f 87/355/301 846/375/301 398/324/301
f 423/376/302 416/377/302 846/375/302
f 846/375/303 98/378/303 422/374/303
f 85/330/304 847/379/304 424/380/304
f 395/329/305 419/364/305 847/379/305
f 847/379/306 94/367/306 413/381/306
f 424/380/307 413/381/307 95/382/307
f 80/336/308 848/383/308 425/384/308
f 560/385/309 559/386/309 101/387/309
f 92/388/310 848/383/310 560/385/310
f 399/339/311 426/389/311 89/340/311
f 88/325/312 849/390/312 399/339/312
f 422/374/313 417/391/313 849/390/313
f 849/390/314 99/392/314 426/389/314
f 86/344/315 850/393/315 427/394/315
f 396/343/316 424/380/316 850/393/316
f 850/393/317 95/382/317 414/395/317
f 427/394/318 414/395/318 96/396/318
f 393/347/319 420/397/319 81/348/319
f 80/336/320 851/398/320 393/347/320
f 851/398/321 92/388/321 411/399/321
f 420/397/322 411/399/322 93/365/322
f 400/351/323 421/373/323 90/352/323
f 89/340/324 852/400/324 400/351/324
f 426/389/325 418/401/325 852/400/325
f 852/400/326 100/372/326 421/373/326
f 397/354/327 423/376/327 87/355/327
f 86/344/328 853/402/328 397/354/328
f 853/402/329 96/396/329 415/403/329
f 423/376/330 415/403/330 97/404/330
f 97/404/331 854/405/331 437/406/331
f 415/403/332 438/407/332 854/405/332
f 854/405/333 106/408/333 433/409/333
f 437/406/334 433/409/334 107/410/334
f 94/367/335 855/411/335 439/412/335
f 412/366/336 440/413/336 855/411/336
f 855/411/337 103/414/337 430/415/337
f 439/412/338 430/415/338 104/416/338
f 561/417/339 562/418/339 91/419/339
f 100/372/340 856/420/340 561/417/340
f 108/421/341 856/420/341 441/422/341
f 416/377/342 442/423/342 98/378/342
f 97/404/343 857/424/343 416/377/343
f 437/406/344 434/425/344 857/424/344
f 857/424/345 203/426/345 442/423/345
f 95/382/346 858/427/346 443/428/346
f 413/381/347 439/412/347 858/427/347
f 858/427/348 104/416/348 431/429/348
f 443/428/349 431/429/349 105/430/349
f 92/388/350 859/431/350 444/432/350
f 428/433/351 560/434/351 101/435/351
f 444/432/352 428/433/352 102/436/352
f 417/391/353 445/437/353 99/392/353
f 98/378/354 860/438/354 417/391/354
f 442/423/355 435/439/355 860/438/355
f 860/438/356 204/440/356 445/437/356
f 96/396/357 861/441/357 438/407/357
f 414/395/358 443/428/358 861/441/358
f 861/441/359 105/430/359 432/442/359
f 438/407/360 432/442/360 106/408/360
f 93/365/361 862/443/361 440/413/361
f 411/399/362 444/432/362 862/443/362
f 862/443/363 102/436/363 429/444/363
f 440/413/364 429/444/364 103/414/364
f 418/401/365 441/422/365 100/372/365
f 99/392/366 863/445/366 418/401/366
f 445/437/367 436/446/367 863/445/367
f 863/445/368 108/421/368 441/422/368
f 103/414/369 864/447/369 453/448/369
f 429/444/370 454/449/370 864/447/370
f 864/447/371 109/450/371 446/451/371
f 453/448/372 446/451/372 110/452/372
f 108/421/373 865/453/373 455/454/373
f 436/446/374 456/455/374 865/453/374
f 865/453/375 205/456/375 452/457/375
f 455/454/376 452/457/376 115/458/376
f 433/409/377 457/459/377 107/410/377
f 433/409/378 458/460/378 866/461/378
f 458/460/379 450/462/379 866/461/379
f 866/461/380 114/463/380 457/459/380
f 104/416/381 867/464/381 459/465/381
f 430/415/382 453/448/382 867/464/382
f 867/464/383 110/452/383 447/466/383
f 459/465/384 447/466/384 111/467/384
f 562/468/385 564/469/385 91/470/385
f 108/421/386 868/471/386 562/468/386
f 115/458/387 868/471/387 455/454/387
f 434/425/388 460/472/388 203/426/388
f 107/410/389 869/473/389 434/425/389
f 457/459/390 451/474/390 869/473/390
f 869/473/391 206/475/391 460/472/391
f 105/430/392 870/476/392 461/477/392
f 431/429/393 459/465/393 870/476/393
f 870/476/394 111/467/394 448/478/394
f 461/477/395 448/478/395 112/479/395
f 102/436/396 871/480/396 454/449/396
f 563/481/397 428/482/397 101/483/397
f 454/449/398 563/481/398 109/450/398
f 106/408/399 872/484/399 458/460/399
f 432/442/400 461/477/400 872/484/400
f 872/484/401 112/479/401 449/485/401
f 872/484/402 1024/486/402 1026/487/402
f 626/488/403 700/489/403 119/490/403
f 120/491/404 873/492/404 626/488/404
f 699/493/405 674/494/405 873/492/405
f 873/492/406 231/495/406 700/489/406
f 118/496/407 874/497/407 590/498/407
f 477/499/408 589/500/408 874/497/408
f 874/497/409 161/501/409 582/502/409
f 590/498/410 582/502/410 164/496/410
f 110/452/411 875/503/411 474/504/411
f 446/451/412 475/505/412 875/503/412
f 875/503/413 116/506/413 462/507/413
f 474/504/414 462/507/414 199/508/414
f 452/457/415 476/509/415 115/458/415
f 452/457/416 470/510/416 876/511/416
f 470/510/417 469/512/417 876/511/417
f 876/511/418 121/513/418 476/509/418
f 113/514/419 1036/515/419 1031/516/419
f 449/485/419 1038/517/419 1023/518/419
f 112/479/420 1045/519/420 1046/520/420
f 877/521/421 157/522/421 578/523/421
f 588/524/422 578/523/422 159/525/422
f 111/467/423 878/526/423 478/527/423
f 447/466/424 474/504/424 878/526/424
f 878/526/425 199/508/425 463/528/425
f 478/527/426 463/528/426 200/529/426
f 564/530/427 566/531/427 91/532/427
f 115/458/428 879/533/428 564/530/428
f 121/513/429 879/533/429 476/509/429
f 451/474/430 471/534/430 206/475/430
f 114/463/431 880/535/431 451/474/431
f 477/499/432 467/536/432 880/535/432
f 471/534/433 467/536/433 209/537/433
f 112/479/434 881/538/434 473/539/434
f 448/478/435 478/527/435 881/538/435
f 881/538/436 200/529/436 464/540/436
f 473/539/437 464/540/437 117/541/437
f 109/450/438 882/542/438 475/505/438
f 565/543/439 563/544/439 101/545/439
f 116/506/440 882/542/440 565/543/440
f 464/546/441 486/547/441 117/548/441
f 200/549/442 883/550/442 464/546/442
f 487/551/443 481/552/443 883/550/443
f 883/550/444 123/553/444 486/547/444
f 116/554/445 884/555/445 488/556/445
f 567/557/446 565/558/446 101/559/446
f 122/560/447 884/555/447 567/557/447
f 663/561/448 698/562/448 30/563/448
f 215/564/449 885/565/449 663/561/449
f 697/566/450 693/567/450 885/565/450
f 885/565/451 247/568/451 698/562/451
f 124/569/452 886/570/452 465/571/452
f 483/572/453 466/573/453 886/570/453
f 886/570/454 168/574/454 584/575/454
f 465/571/455 584/575/455 166/576/455
f 462/577/456 492/578/456 199/579/456
f 116/554/457 887/580/457 462/577/457
f 488/556/458 479/581/458 887/580/458
f 887/580/459 201/582/459 492/578/459
f 469/583/460 493/584/460 121/585/460
f 469/583/461 489/586/461 888/587/461
f 489/586/462 485/588/462 888/587/462
f 888/587/463 126/589/463 493/584/463
f 117/548/464 889/590/464 472/591/464
f 486/547/465 491/592/465 889/590/465
f 889/590/466 165/593/466 585/594/466
f 472/591/467 585/594/467 163/548/467
f 566/595/468 568/596/468 91/597/468
f 121/585/469 891/598/469 566/595/469
f 126/589/470 891/598/470 493/584/470
f 467/599/471 490/600/471 209/601/471
f 467/599/472 494/602/472 892/603/472
f 892/603/473 125/604/473 484/605/473
f 490/600/474 484/605/474 212/606/474
f 212/606/475 893/607/475 503/608/475
f 484/605/476 504/609/476 893/607/476
f 893/607/477 132/610/477 500/611/477
f 503/608/478 500/611/478 213/612/478
f 481/552/479 505/613/479 123/553/479
f 202/614/480 894/615/480 481/552/480
f 506/616/481 497/617/481 894/615/481
f 894/615/482 130/618/482 505/613/482
f 567/619/483 507/620/483 122/560/483
f 569/621/484 567/619/484 101/622/484
f 127/623/485 895/624/485 569/621/485
f 896/625/486 1049/626/486 1051/627/486
f 123/553/487 896/625/487 482/628/487
f 505/613/488 498/629/488 896/625/488
f 896/625/489 131/630/489 509/631/489
f 479/581/490 510/632/490 201/582/490
f 122/560/491 897/633/491 479/581/491
f 507/620/492 495/634/492 897/633/492
f 897/633/493 128/635/493 510/632/493
f 485/588/494 511/636/494 126/589/494
f 211/637/495 898/638/495 485/588/495
f 508/639/496 502/640/496 898/638/496
f 898/638/497 133/641/497 511/636/497
f 125/604/498 899/642/498 504/609/498
f 483/572/499 509/631/499 899/642/499
f 509/631/500 499/643/500 899/642/500
f 504/609/501 499/643/501 132/610/501
f 480/644/502 506/616/502 202/614/502
f 201/582/503 900/645/503 480/644/503
f 510/632/504 496/646/504 900/645/504
f 900/645/505 129/647/505 506/616/505
f 568/648/506 570/649/506 91/650/506
f 126/589/507 901/651/507 568/648/507
f 133/641/508 901/651/508 511/636/508
f 496/646/509 520/652/509 129/647/509
f 128/635/510 902/653/510 496/646/510
f 521/654/511 513/655/511 902/653/511
f 902/653/512 139/656/512 520/652/512
f 570/657/513 572/658/513 91/659/513
f 133/641/514 903/660/514 570/657/514
f 150/661/515 903/660/515 522/662/515
f 213/612/516 904/663/516 523/664/516
f 500/611/517 524/665/517 904/663/517
f 524/665/518 517/666/518 904/663/518
f 523/664/519 517/666/519 145/667/519
f 497/617/520 525/668/520 130/618/520
f 129/647/521 905/669/521 497/617/521
f 520/652/522 514/670/522 905/669/522
f 905/669/523 140/671/523 525/668/523
f 569/672/524 526/673/524 127/623/524
f 571/674/525 569/672/525 101/675/525
f 136/676/526 906/677/526 571/674/526
f 214/678/527 907/679/527 527/680/527
f 501/681/528 523/664/528 907/679/528
f 907/679/529 145/667/529 518/682/529
f 527/680/530 518/682/530 148/683/530
f 498/629/531 528/684/531 131/630/531
f 130/618/532 908/685/532 498/629/532
f 525/668/533 515/686/533 908/685/533
f 908/685/534 142/687/534 528/684/534
f 495/634/535 521/654/535 128/635/535
f 127/623/536 909/688/536 495/634/536
f 526/673/537 512/689/537 909/688/537
f 909/688/538 137/690/538 521/654/538
f 133/641/539 910/691/539 522/662/539
f 502/640/540 527/680/540 910/691/540
f 910/691/541 148/683/541 519/692/541
f 522/662/542 519/692/542 150/661/542
f 499/643/543 524/665/543 132/610/543
f 131/630/544 911/693/544 499/643/544
f 528/684/545 516/694/545 911/693/545
f 911/693/546 143/695/546 524/665/546
f 150/661/547 912/696/547 573/697/547
f 519/692/548 530/698/548 912/696/548
f 912/696/549 155/24/549 539/42/549
f 573/697/550 539/42/550 5/44/550
f 516/694/551 574/699/551 143/695/551
f 142/687/552 913/700/552 516/694/552
f 913/700/553 2/30/553 278/50/553
f 574/699/554 278/50/554 3/48/554
f 513/655/555 576/701/555 139/656/555
f 137/690/556 914/702/556 513/655/556
f 914/702/557 152/36/557 535/54/557
f 914/702/558 1/12/558 576/701/558
f 572/703/559 540/704/559 91/705/559
f 150/661/560 915/706/560 572/703/560
f 5/44/561 915/706/561 573/697/561
f 145/667/562 916/707/562 577/708/562
f 517/666/563 574/699/563 916/707/563
f 916/707/564 3/48/564 279/4/564
f 577/708/565 279/4/565 4/1/565
f 514/670/566 532/709/566 140/671/566
f 139/656/567 917/710/567 514/670/567
f 576/701/568 536/9/568 917/710/568
f 917/710/569 153/11/569 532/709/569
f 136/676/570 918/711/570 533/712/570
f 534/713/571 571/714/571 101/715/571
f 151/17/572 918/711/572 534/713/572
f 148/683/573 919/716/573 530/698/573
f 518/682/574 577/708/574 919/716/574
f 919/716/575 4/1/575 538/27/575
f 530/698/576 538/27/576 155/24/576
f 515/686/577 575/717/577 142/687/577
f 140/671/578 920/718/578 515/686/578
f 532/709/579 537/33/579 920/718/579
f 920/718/580 2/30/580 575/717/580
f 512/689/581 531/719/581 137/690/581
f 136/676/582 921/720/582 512/689/582
f 921/720/583 151/17/583 529/39/583
f 531/719/584 529/39/584 152/36/584
f 159/525/585 1022/721/585 1021/722/585
f 578/523/586 581/723/586 1022/721/586
f 1022/721/587 163/541/587 1019/724/587
f 579/725/588 582/502/588 161/501/588
f 159/525/589 922/726/589 579/725/589
f 1021/722/590 580/727/590 922/726/590
f 922/726/591 164/496/591 582/502/591
f 163/548/592 1018/728/592 1019/729/592
f 585/594/593 583/730/593 1018/728/593
f 1018/728/594 166/576/594 1017/731/594
f 164/732/595 923/733/595 586/734/595
f 580/735/596 1017/731/596 923/733/596
f 923/733/597 166/576/597 584/575/597
f 586/734/598 584/575/598 168/574/598
f 494/602/599 466/573/599 125/604/599
f 118/732/600 924/736/600 494/602/600
f 590/737/601 586/734/601 924/736/601
f 924/736/602 168/574/602 466/573/602
f 473/539/603 587/738/603 112/479/603
f 117/541/604 925/739/604 473/539/604
f 472/740/605 581/723/605 925/739/605
f 925/739/606 157/522/606 587/738/606
f 123/553/607 1063/741/607 1057/742/607
f 1072/743/608 124/569/608 1066/744/608
f 1074/745/609 482/628/609 1068/746/609
f 465/571/610 583/730/610 926/747/610
f 926/747/611 165/593/611 491/592/611
f 450/462/612 589/500/612 114/463/612
f 113/514/613 927/748/613 450/462/613
f 588/524/614 579/725/614 927/748/614
f 927/748/615 161/501/615 589/500/615
f 596/202/616 594/749/616 169/203/616
f 173/750/617 928/751/617 596/202/617
f 621/752/618 612/753/618 928/751/618
f 928/751/619 178/754/619 594/749/619
f 175/148/620 929/755/620 620/756/620
f 598/147/621 619/757/621 929/755/621
f 619/757/622 614/758/622 929/755/622
f 929/755/623 184/759/623 620/756/623
f 591/214/624 593/760/624 171/215/624
f 169/203/625 930/761/625 591/214/625
f 930/761/626 178/754/626 607/762/626
f 593/760/627 607/762/627 179/763/627
f 602/166/628 595/764/628 177/167/628
f 174/765/629 931/766/629 602/166/629
f 600/767/630 618/768/630 931/766/630
f 931/766/631 186/769/631 595/764/631
f 315/111/632 606/770/632 223/112/632
f 29/138/633 932/771/633 315/111/633
f 334/212/634 592/772/634 932/771/634
f 932/771/635 172/773/635 606/770/635
f 38/181/636 933/774/636 331/201/636
f 355/233/637 605/142/637 933/774/637
f 933/774/638 175/148/638 601/775/638
f 331/201/639 601/775/639 173/750/639
f 339/776/640 330/164/640 225/777/640
f 339/776/641 606/770/641 934/778/641
f 934/778/642 172/773/642 597/779/642
f 330/164/643 597/779/643 174/765/643
f 53/251/644 935/780/644 604/144/644
f 348/266/645 603/162/645 935/780/645
f 935/780/646 177/167/646 599/781/646
f 604/144/647 599/781/647 176/146/647
f 179/763/648 936/782/648 611/783/648
f 607/762/649 612/753/649 936/782/649
f 936/782/650 181/784/650 609/785/650
f 611/783/651 609/785/651 182/786/651
f 608/787/652 613/788/652 180/789/652
f 179/763/653 937/790/653 608/787/653
f 611/783/654 610/791/654 937/790/654
f 937/790/655 183/792/655 613/788/655
f 609/785/656 616/793/656 182/786/656
f 181/784/657 938/794/657 609/785/657
f 617/795/658 614/758/658 938/794/658
f 938/794/659 185/796/659 616/793/659
f 183/792/660 939/797/660 618/768/660
f 610/791/661 616/793/661 939/797/661
f 939/797/662 185/796/662 615/798/662
f 618/768/663 615/798/663 186/769/663
f 592/772/664 622/799/664 172/773/664
f 171/215/665 940/800/665 592/772/665
f 593/760/666 608/787/666 940/800/666
f 940/800/667 180/789/667 622/799/667
f 173/750/668 941/801/668 621/752/668
f 601/775/669 620/756/669 941/801/669
f 941/801/670 184/759/670 617/795/670
f 621/752/671 617/795/671 181/784/671
f 176/146/672 942/802/672 619/757/672
f 599/781/673 595/764/673 942/802/673
f 942/802/674 186/769/674 615/798/674
f 619/757/675 615/798/675 185/796/675
f 174/765/676 943/803/676 600/767/676
f 597/779/677 622/799/677 943/803/677
f 943/803/678 180/789/678 613/788/678
f 600/767/679 613/788/679 183/792/679
f 487/551/680 463/804/680 890/805/680
f 890/805/681 199/579/681 492/578/681
f 492/578/682 480/644/682 890/805/682
f 890/805/683 202/614/683 487/551/683
f 196/806/684 944/807/684 696/808/684
f 648/809/685 695/810/685 944/807/685
f 944/807/686 240/811/686 684/812/686
f 696/808/687 684/812/687 241/813/687
f 187/814/688 945/815/688 629/816/688
f 623/817/689 630/818/689 945/815/689
f 630/818/690 435/439/690 945/815/690
f 629/816/691 435/439/691 203/426/691
f 624/819/692 630/818/692 188/820/692
f 624/819/693 631/821/693 946/822/693
f 631/821/694 456/455/694 946/822/694
f 946/822/695 204/440/695 630/818/695
f 189/823/696 947/824/696 632/825/696
f 625/826/697 629/816/697 947/824/697
f 629/816/698 460/472/698 947/824/698
f 632/825/699 460/472/699 206/475/699
f 626/488/700 633/827/700 120/491/700
f 119/490/701 948/828/701 626/488/701
f 634/829/702 468/830/702 948/828/702
f 633/827/703 468/830/703 210/831/703
f 627/832/704 631/821/704 190/833/704
f 120/491/705 949/834/705 627/832/705
f 633/827/706 470/510/706 949/834/706
f 949/834/707 205/456/707 631/821/707
f 628/835/708 634/829/708 119/490/708
f 628/835/709 632/825/709 950/836/709
f 950/836/710 206/475/710 471/534/710
f 950/836/711 209/537/711 634/829/711
f 207/837/712 951/838/712 641/839/712
f 635/840/713 642/841/713 951/838/713
f 642/841/714 468/842/714 951/838/714
f 641/839/715 468/842/715 209/601/715
f 636/843/716 642/841/716 208/844/716
f 636/843/717 643/845/717 952/846/717
f 952/846/718 211/637/718 489/586/718
f 952/846/719 210/847/719 642/841/719
f 637/848/720 644/849/720 191/850/720
f 637/848/721 641/839/721 953/851/721
f 953/851/722 209/601/722 490/600/722
f 953/851/723 212/606/723 644/849/723
f 194/852/724 954/853/724 645/854/724
f 638/855/725 646/856/725 954/853/725
f 954/853/726 213/612/726 501/681/726
f 645/854/727 501/681/727 214/678/727
f 639/857/728 646/856/728 193/858/728
f 191/850/729 955/859/729 639/857/729
f 644/849/730 503/608/730 955/859/730
f 646/856/731 503/608/731 213/612/731
f 192/860/732 956/861/732 643/845/732
f 640/862/733 645/854/733 956/861/733
f 956/861/734 214/678/734 508/639/734
f 643/845/735 508/639/735 211/637/735
f 40/225/736 957/863/736 653/864/736
f 647/865/737 654/866/737 957/863/737
f 654/866/738 332/867/738 957/863/738
f 653/864/739 332/867/739 225/777/739
f 41/868/740 958/869/740 654/866/740
f 648/809/741 655/870/741 958/869/741
f 958/869/742 217/196/742 353/195/742
f 958/869/743 226/871/743 654/866/743
f 649/228/744 656/872/744 195/873/744
f 649/228/745 653/864/745 959/874/745
f 959/874/746 225/777/746 357/161/746
f 959/874/747 218/163/747 656/872/747
f 198/875/748 960/876/748 657/877/748
f 650/878/749 658/879/749 960/876/749
f 960/876/750 219/268/750 365/286/750
f 657/877/751 365/286/751 220/283/751
f 651/880/752 655/870/752 196/806/752
f 651/880/753 657/877/753 961/881/753
f 657/877/754 372/248/754 961/881/754
f 961/881/755 217/196/755 655/870/755
f 652/882/756 658/879/756 197/883/756
f 195/873/757 962/884/757 652/882/757
f 656/872/758 375/265/758 962/884/758
f 658/879/759 375/265/759 219/268/759
f 659/885/760 665/886/760 21/887/760
f 22/888/761 963/889/761 659/885/761
f 666/890/762 299/75/762 963/889/762
f 963/889/763 221/101/763 665/886/763
f 30/563/764 964/891/764 667/892/764
f 660/893/765 665/886/765 964/891/765
f 665/886/766 318/108/766 964/891/766
f 667/892/767 318/108/767 223/112/767
f 661/894/768 666/890/768 22/888/768
f 661/894/769 668/895/769 965/896/769
f 965/896/770 224/184/770 323/133/770
f 666/890/771 323/133/771 222/76/771
f 662/897/772 669/898/772 216/899/772
f 215/564/773 966/900/773 662/897/773
f 670/901/774 332/867/774 966/900/774
f 669/898/775 332/867/775 226/871/775
f 663/561/776 670/901/776 215/564/776
f 663/561/777 667/892/777 967/902/777
f 967/902/778 223/112/778 339/776/778
f 967/902/779 225/777/779 670/901/779
f 664/903/780 668/895/780 31/904/780
f 216/899/781 968/905/781 664/903/781
f 968/905/782 226/871/782 342/186/782
f 968/905/783 224/184/783 668/895/783
f 671/906/784 750/907/784 228/908/784
f 671/906/785 749/909/785 969/910/785
f 969/910/786 251/911/786 719/912/786
f 969/910/787 252/913/787 750/907/787
f 693/567/788 748/914/788 247/568/788
f 693/567/789 747/915/789 970/916/789
f 970/916/790 276/917/790 741/918/790
f 970/916/791 274/919/791 748/914/791
f 678/920/792 746/921/792 235/922/792
f 678/920/793 745/923/793 971/924/793
f 971/924/794 260/925/794 726/926/794
f 971/924/795 261/927/795 746/921/795
f 685/231/796 744/928/796 239/232/796
f 242/230/797 972/929/797 685/231/797
f 972/929/798 269/930/798 733/931/798
f 972/929/799 266/932/799 744/928/799
f 664/903/800 704/933/800 216/899/800
f 31/904/801 973/934/801 664/903/801
f 703/935/802 694/936/802 973/934/802
f 973/934/803 250/937/803 704/933/803
f 627/832/804 699/493/804 120/491/804
f 190/833/805 974/938/805 627/832/805
f 705/939/806 675/940/806 974/938/806
f 974/938/807 232/941/807 699/493/807
f 208/844/808 975/942/808 707/943/808
f 635/840/809 706/944/809 975/942/809
f 975/942/810 233/945/810 677/946/810
f 707/943/811 677/946/811 234/947/811
f 197/883/812 976/948/812 709/949/812
f 650/878/813 708/950/813 976/948/813
f 976/948/814 244/951/814 686/952/814
f 709/949/815 686/952/815 243/953/815
f 189/823/816 977/954/816 710/955/816
f 119/490/817 977/954/817 628/835/817
f 700/489/818 676/956/818 977/954/818
f 710/955/819 676/956/819 230/957/819
f 192/860/820 978/958/820 711/959/820
f 208/844/821 978/958/821 636/843/821
f 978/958/822 234/947/822 678/920/822
f 711/959/823 678/920/823 235/922/823
f 198/875/824 979/960/824 708/950/824
f 196/806/825 979/960/825 651/880/825
f 979/960/826 241/813/826 687/961/826
f 708/950/827 687/961/827 244/951/827
f 659/885/828 713/962/828 22/888/828
f 21/887/829 980/963/829 659/885/829
f 712/964/830 689/965/830 980/963/830
f 980/963/831 246/966/831 713/962/831
f 207/837/832 981/967/832 706/944/832
f 191/850/833 981/967/833 637/848/833
f 714/968/834 679/969/834 981/967/834
f 706/944/835 679/969/835 233/945/835
f 652/882/836 701/229/836 195/873/836
f 197/883/837 982/970/837 652/882/837
f 709/949/838 688/971/838 982/970/838
f 982/970/839 242/230/839 701/229/839
f 21/887/840 983/972/840 712/964/840
f 660/893/841 698/562/841 983/972/841
f 983/972/842 247/568/842 690/973/842
f 712/964/843 690/973/843 245/974/843
f 188/820/844 984/975/844 716/976/844
f 623/817/845 715/977/845 984/975/845
f 984/975/846 227/978/846 671/906/846
f 716/976/847 671/906/847 228/908/847
f 193/858/848 985/979/848 718/980/848
f 638/855/849 717/981/849 985/979/849
f 985/979/850 238/982/850 680/983/850
f 718/980/851 680/983/851 237/984/851
f 31/904/852 986/985/852 703/935/852
f 22/888/853 986/985/853 661/894/853
f 713/962/854 691/986/854 986/985/854
f 703/935/855 691/986/855 248/987/855
f 190/833/856 987/988/856 705/939/856
f 188/820/857 987/988/857 624/819/857
f 987/988/858 228/908/858 672/989/858
f 705/939/859 672/989/859 229/990/859
f 639/857/860 714/968/860 191/850/860
f 193/858/861 988/991/861 639/857/861
f 718/980/862 681/992/862 988/991/862
f 988/991/863 236/993/863 714/968/863
f 41/868/864 989/994/864 695/810/864
f 647/865/865 702/227/865 989/994/865
f 989/994/866 239/232/866 683/995/866
f 695/810/867 683/995/867 240/811/867
f 662/897/868 697/566/868 215/564/868
f 216/899/869 990/996/869 662/897/869
f 704/933/870 692/997/870 990/996/870
f 990/996/871 249/998/871 697/566/871
f 187/814/872 991/999/872 715/977/872
f 625/826/873 710/955/873 991/999/873
f 991/999/874 230/957/874 673/1000/874
f 715/977/875 673/1000/875 227/978/875
f 194/852/876 992/1001/876 717/981/876
f 640/862/877 711/959/877 992/1001/877
f 992/1001/878 235/922/878 682/1002/878
f 717/981/879 682/1002/879 238/982/879
f 741/918/880 738/1003/880 274/919/880
f 740/1004/881 741/918/881 276/917/881
f 742/1005/882 740/1004/882 277/1006/882
f 739/1007/883 742/1005/883 275/1008/883
f 737/1009/884 739/1007/884 273/1010/884
f 738/1003/885 737/1009/885 272/1011/885
f 725/1012/886 726/926/886 260/925/886
f 727/1013/887 725/1012/887 259/1014/887
f 729/1015/888 727/1013/888 262/1016/888
f 728/1017/889 729/1015/889 264/1018/889
f 265/1019/890 994/1020/890 728/1017/890
f 726/926/891 730/1021/891 261/927/891
f 731/1022/892 732/1023/892 267/1024/892
f 733/931/893 731/1022/893 266/932/893
f 736/1025/894 733/931/894 269/930/894
f 734/1026/895 736/1025/895 270/1027/895
f 735/1028/896 734/1026/896 271/1029/896
f 732/1023/897 735/1028/897 268/1030/897
f 724/1031/898 721/1032/898 255/1033/898
f 722/1034/899 724/1031/899 257/1035/899
f 723/1036/900 722/1034/900 258/1037/900
f 720/1038/901 723/1036/901 253/1039/901
f 719/912/902 720/1038/902 252/913/902
f 721/1032/903 719/912/903 251/911/903
f 686/952/904 752/1040/904 243/953/904
f 686/952/905 751/1041/905 997/1042/905
f 997/1042/906 271/1029/906 734/1026/906
f 997/1042/907 270/1027/907 752/1040/907
f 679/969/908 754/1043/908 233/945/908
f 679/969/909 753/1044/909 998/1045/909
f 998/1045/910 262/1016/910 727/1013/910
f 998/1045/911 259/1014/911 754/1043/911
f 694/936/912 756/1046/912 250/937/912
f 694/936/913 755/1047/913 999/1048/913
f 999/1048/914 275/1008/914 742/1005/914
f 999/1048/915 277/1006/915 756/1046/915
f 672/989/916 757/1049/916 229/990/916
f 672/989/917 750/907/917 1000/1050/917
f 750/907/918 720/1038/918 1000/1050/918
f 1000/1050/919 253/1039/919 757/1049/919
f 687/961/920 751/1041/920 244/951/920
f 687/961/921 758/1051/921 1001/1052/921
f 1001/1052/922 268/1030/922 735/1028/922
f 1001/1052/923 271/1029/923 751/1041/923
f 680/983/924 760/1053/924 237/984/924
f 680/983/925 759/1054/925 1002/1055/925
f 1002/1055/926 265/1019/926 728/1017/926
f 1002/1055/927 264/1018/927 760/1053/927
f 673/1000/928 749/909/928 227/978/928
f 673/1000/929 761/1056/929 1003/1057/929
f 1003/1057/930 255/1033/930 721/1032/930
f 749/909/931 721/1032/931 251/911/931
f 688/971/932 743/1058/932 242/230/932
f 688/971/933 752/1040/933 1004/1059/933
f 1004/1059/934 270/1027/934 736/1025/934
f 1004/1059/935 269/930/935 743/1058/935
f 681/992/936 753/1044/936 236/993/936
f 681/992/937 760/1053/937 1005/1060/937
f 1005/1060/938 264/1018/938 729/1015/938
f 1005/1060/939 262/1016/939 753/1044/939
f 674/494/940 763/1061/940 231/495/940
f 674/494/941 762/1062/941 1006/1063/941
f 1006/1063/942 258/1037/942 722/1034/942
f 1006/1063/943 257/1035/943 763/1061/943
f 689/965/944 765/1064/944 246/966/944
f 689/965/945 764/1065/945 1007/1066/945
f 1007/1066/946 272/1011/946 737/1009/946
f 1007/1066/947 273/1010/947 765/1064/947
f 682/1002/948 759/1054/948 238/982/948
f 682/1002/949 746/921/949 1008/1067/949
f 1008/1067/950 261/927/950 730/1021/950
f 759/1054/951 730/1021/951 265/1019/951
f 675/940/952 762/1062/952 232/941/952
f 675/940/953 757/1049/953 1009/1068/953
f 1009/1068/954 253/1039/954 723/1036/954
f 1009/1068/955 258/1037/955 762/1062/955
f 690/973/956 764/1065/956 245/974/956
f 690/973/957 748/914/957 1010/1069/957
f 1010/1069/958 274/919/958 738/1003/958
f 1010/1069/959 272/1011/959 764/1065/959
f 683/995/960 766/1070/960 240/811/960
f 683/995/961 744/928/961 1011/1071/961
f 1011/1071/962 266/932/962 731/1022/962
f 1011/1071/963 267/1024/963 766/1070/963
f 676/956/964 761/1056/964 230/957/964
f 676/956/965 763/1061/965 1012/1072/965
f 1012/1072/966 257/1035/966 724/1031/966
f 1012/1072/967 255/1033/967 761/1056/967
f 691/986/968 755/1047/968 248/987/968
f 691/986/969 765/1064/969 1013/1073/969
f 1013/1073/970 273/1010/970 739/1007/970
f 1013/1073/971 275/1008/971 755/1047/971
f 684/812/972 758/1051/972 241/813/972
f 684/812/973 766/1070/973 1014/1074/973
f 1014/1074/974 267/1024/974 732/1023/974
f 1014/1074/975 268/1030/975 758/1051/975
f 677/946/976 745/923/976 234/947/976
f 677/946/977 754/1043/977 1015/1075/977
f 1015/1075/978 259/1014/978 725/1012/978
f 1015/1075/979 260/925/979 745/923/979
f 692/997/980 747/915/980 249/998/980
f 692/997/981 756/1046/981 1016/1076/981
f 1016/1076/982 277/1006/982 740/1004/982
f 1016/1076/983 276/917/983 747/915/983
f 1019/724/984 1021/722/984 1022/721/984
f 1017/731/985 1019/729/985 1018/728/985
f 39/1077/986 1055/1078/986 1056/1079/986
f 39/1077/987 1056/1080/987 1057/1081/987
f 1055/1078/988 37/143/988 1054/1082/988
f 43/1083/989 1064/1084/989 1065/1085/989
f 49/1086/990 39/1077/990 1057/1087/990
f 46/1088/991 1073/1089/991 1058/1090/991
f 1064/1091/992 43/1083/992 1067/1092/992
f 1062/1093/993 51/1094/993 1063/1095/993
f 47/1096/994 39/1077/994 49/1086/994
f 64/1097/995 49/1086/995 51/1094/995
f 57/1098/996 47/1096/996 60/1099/996
f 56/1100/997 1067/1092/997 43/1083/997
f 1059/1101/998 51/1094/998 1062/1102/998
f 62/1103/999 47/1096/999 49/1086/999
f 56/1100/1000 46/1088/1000 57/1098/1000
f 56/1100/1001 1072/1104/1001 1066/1105/1001
f 64/1097/1002 1059/1106/1002 1061/1107/1002
f 74/1108/1003 60/1099/1003 62/1103/1003
f 68/1109/1004 57/1098/1004 70/1110/1004
f 62/1103/1005 1061/1111/1005 1060/1112/1005
f 70/1110/1006 60/1099/1006 71/1113/1006
f 74/1108/1007 1051/1114/1007 1049/1115/1007
f 70/1110/1008 82/1116/1008 1070/1117/1008
f 1050/1118/1009 74/1108/1009 1068/1119/1009
f 82/1116/1010 71/1113/1010 83/396/1010
f 1071/1120/1011 1072/1104/1011 68/1109/1011
f 83/396/1012 1052/1121/1012 1053/1122/1012
f 1052/1121/1013 83/396/1013 1049/1115/1013
f 1069/1123/1014 1070/1117/1014 82/1116/1014
f 141/1124/1015 1036/1125/1015 263/1126/1015
f 1044/1127/1016 149/1128/1016 1043/1129/1016
f 146/1130/1017 138/1131/1017 147/1132/1017
f 144/1133/1018 263/1126/1018 134/1134/1018
f 138/1131/1019 1038/1135/1019 1037/1136/1019
f 146/1130/1020 134/1134/1020 135/30/1020
f 158/1137/1021 147/1132/1021 160/1138/1021
f 156/1139/1022 141/1124/1022 144/1133/1022
f 160/1138/1023 149/1128/1023 162/1140/1023
f 158/1137/1024 144/1133/1024 146/1130/1024
f 141/1124/1025 1029/1141/1025 1031/1142/1025
f 162/1140/1026 1044/1127/1026 1041/1143/1026
f 160/1138/1027 1046/1144/1027 1045/1145/1027
f 167/1146/1028 1048/1147/1028 1027/1148/1028
f 154/1149/1029 1030/1150/1029 1029/1141/1029
f 162/1140/1030 1041/1151/1030 1046/1144/1030
f 170/1152/1031 158/1137/1031 160/1138/1031
f 156/1139/1032 1030/1153/1032 154/1149/1032
f 167/1146/1033 1047/1154/1033 1048/1147/1033
f 170/1152/1034 1040/1155/1034 1039/1156/1034
f 1040/1155/1035 170/1152/1035 1045/1145/1035
f 254/1157/1036 1033/1158/1036 256/1159/1036
f 256/1159/1037 1025/1160/1037 1026/1161/1037
f 254/1157/1038 1035/1162/1038 1034/1163/1038
f 135/30/1039 256/1159/1039 1026/1161/1039
f 134/1134/1040 263/1126/1040 1032/1164/1040
f 138/1131/1041 1023/1165/1041 1038/1135/1041
f 134/1134/1042 256/1159/1042 135/30/1042
f 1032/1164/1043 263/1126/1043 1036/1125/1043
f 4/1/1044 279/4/1044 767/2/1044
f 279/4/1045 3/48/1045 289/5/1045
f 767/2/1046 289/5/1046 11/6/1046
f 288/3/1047 767/2/1047 285/7/1047
f 536/9/1048 768/13/1048 543/10/1048
f 1/12/1049 290/53/1049 768/13/1049
f 768/13/1050 290/53/1050 8/14/1050
f 543/10/1051 768/13/1051 282/15/1051
f 151/17/1052 534/21/1052 769/18/1052
f 541/20/1053 769/18/1053 534/21/1053
f 6/23/1054 544/19/1054 769/18/1054
f 155/24/1055 538/27/1055 770/25/1055
f 538/27/1056 4/1/1056 288/3/1056
f 770/25/1057 288/3/1057 12/8/1057
f 545/26/1058 770/25/1058 286/28/1058
f 2/30/1059 537/33/1059 771/31/1059
f 153/11/1060 543/10/1060 771/31/1060
f 771/31/1061 543/10/1061 9/16/1061
f 291/32/1062 771/31/1062 283/34/1062
f 152/36/1063 529/39/1063 772/37/1063
f 529/39/1064 151/17/1064 544/19/1064
f 772/37/1065 544/19/1065 6/23/1065
f 546/38/1066 772/37/1066 280/40/1066
f 539/42/1067 773/45/1067 292/43/1067
f 155/24/1068 545/26/1068 773/45/1068
f 545/26/1069 13/29/1069 287/46/1069
f 773/45/1070 287/46/1070 14/47/1070
f 3/48/1071 278/50/1071 774/49/1071
f 278/50/1072 2/30/1072 291/32/1072
f 774/49/1073 291/32/1073 10/35/1073
f 289/5/1074 774/49/1074 284/51/1074
f 1/12/1075 535/54/1075 775/52/1075
f 535/54/1076 152/36/1076 546/38/1076
f 775/52/1077 546/38/1077 7/41/1077
f 290/53/1078 775/52/1078 281/55/1078
f 540/56/1079 776/59/1079 542/57/1079
f 5/44/1080 292/43/1080 776/59/1080
f 542/57/1081 776/59/1081 292/43/1081
f 9/16/1082 282/15/1082 777/60/1082
f 282/15/1083 8/14/1083 302/62/1083
f 777/60/1084 302/62/1084 17/63/1084
f 301/61/1085 777/60/1085 295/64/1085
f 6/23/1086 541/69/1086 778/66/1086
f 547/68/1087 778/66/1087 541/69/1087
f 15/71/1088 303/67/1088 778/66/1088
f 286/28/1089 779/73/1089 304/72/1089
f 12/8/1090 305/74/1090 779/73/1090
f 305/74/1091 221/101/1091 299/75/1091
f 779/73/1092 299/75/1092 222/76/1092
f 10/35/1093 283/34/1093 780/77/1093
f 283/34/1094 9/16/1094 301/61/1094
f 780/77/1095 301/61/1095 18/65/1095
f 306/78/1096 780/77/1096 296/79/1096
f 7/41/1097 280/40/1097 781/81/1097
f 280/40/1098 6/23/1098 303/67/1098
f 781/81/1099 303/67/1099 15/71/1099
f 307/82/1100 781/81/1100 293/83/1100
f 287/46/1101 782/86/1101 308/85/1101
f 13/29/1102 304/72/1102 782/86/1102
f 304/72/1103 222/76/1103 300/87/1103
f 782/86/1104 300/87/1104 23/88/1104
f 11/6/1105 284/51/1105 783/89/1105
f 284/51/1106 10/35/1106 306/78/1106
f 783/89/1107 306/78/1107 19/80/1107
f 309/90/1108 783/89/1108 297/91/1108
f 8/14/1109 281/55/1109 784/93/1109
f 281/55/1110 7/41/1110 307/82/1110
f 784/93/1111 307/82/1111 16/84/1111
f 302/62/1112 784/93/1112 294/94/1112
f 542/95/1113 785/98/1113 548/96/1113
f 14/47/1114 308/85/1114 785/98/1114
f 23/88/1115 548/96/1115 785/98/1115
f 12/8/1116 285/7/1116 786/99/1116
f 285/7/1117 11/6/1117 309/90/1117
f 786/99/1118 309/90/1118 20/92/1118
f 305/74/1119 786/99/1119 298/100/1119
f 548/102/1120 787/105/1120 550/103/1120
f 23/88/1121 317/107/1121 787/105/1121
f 32/106/1122 550/103/1122 787/105/1122
f 298/100/1123 788/109/1123 318/108/1123
f 20/92/1124 319/110/1124 788/109/1124
f 319/110/1125 29/138/1125 315/111/1125
f 788/109/1126 315/111/1126 223/112/1126
f 18/65/1127 295/64/1127 789/113/1127
f 295/64/1128 17/63/1128 321/115/1128
f 789/113/1129 321/115/1129 26/116/1129
f 320/114/1130 789/113/1130 312/117/1130
f 15/71/1131 547/122/1131 790/119/1131
f 549/121/1132 790/119/1132 547/122/1132
f 24/124/1133 322/120/1133 790/119/1133
f 19/80/1134 296/79/1134 791/125/1134
f 296/79/1135 18/65/1135 320/114/1135
f 791/125/1136 320/114/1136 27/118/1136
f 324/126/1137 791/125/1137 313/127/1137
f 16/84/1138 293/83/1138 792/129/1138
f 293/83/1139 15/71/1139 322/120/1139
f 792/129/1140 322/120/1140 24/124/1140
f 325/130/1141 792/129/1141 310/131/1141
f 300/87/1142 793/134/1142 317/107/1142
f 300/87/1143 222/76/1143 323/133/1143
f 323/133/1144 224/184/1144 316/135/1144
f 793/134/1145 316/135/1145 32/106/1145
f 20/92/1146 297/91/1146 794/136/1146
f 297/91/1147 19/80/1147 324/126/1147
f 794/136/1148 324/126/1148 28/128/1148
f 794/136/1149 314/137/1149 29/138/1149
f 17/63/1150 294/94/1150 795/139/1150
f 294/94/1151 16/84/1151 325/130/1151
f 795/139/1152 325/130/1152 25/132/1152
f 321/115/1153 795/139/1153 311/140/1153
f 347/141/1154 796/145/1154 605/142/1154
f 347/141/1155 53/251/1155 604/144/1155
f 796/145/1156 604/144/1156 176/146/1156
f 605/142/1157 796/145/1157 598/147/1157
f 26/116/1158 311/140/1158 797/149/1158
f 311/140/1159 25/132/1159 337/151/1159
f 797/149/1160 337/151/1160 34/152/1160
f 336/150/1161 797/149/1161 327/153/1161
f 550/155/1162 798/158/1162 552/156/1162
f 32/106/1163 338/160/1163 798/158/1163
f 42/159/1164 552/156/1164 798/158/1164
f 357/161/1165 799/165/1165 603/162/1165
f 357/161/1166 225/777/1166 330/164/1166
f 330/164/1167 174/765/1167 602/166/1167
f 799/165/1168 602/166/1168 177/167/1168
f 27/118/1169 312/117/1169 800/168/1169
f 312/117/1170 26/116/1170 336/150/1170
f 800/168/1171 336/150/1171 35/154/1171
f 340/169/1172 800/168/1172 328/170/1172
f 24/124/1173 549/175/1173 801/172/1173
f 551/174/1174 801/172/1174 549/175/1174
f 33/177/1175 341/173/1175 801/172/1175
f 28/128/1176 313/127/1176 802/178/1176
f 313/127/1177 27/118/1177 340/169/1177
f 802/178/1178 340/169/1178 36/171/1178
f 335/179/1179 802/178/1179 329/180/1179
f 25/132/1180 310/131/1180 803/182/1180
f 310/131/1181 24/124/1181 341/173/1181
f 341/173/1182 33/177/1182 326/183/1182
f 337/151/1183 803/182/1183 326/183/1183
f 316/135/1184 804/185/1184 338/160/1184
f 224/184/1185 342/186/1185 804/185/1185
f 342/186/1186 226/871/1186 333/187/1186
f 804/185/1187 333/187/1187 42/159/1187
f 326/183/1188 805/190/1188 350/188/1188
f 326/183/1189 33/177/1189 351/189/1189
f 351/189/1190 44/224/1190 343/191/1190
f 805/190/1191 343/191/1191 45/192/1191
f 42/159/1192 333/187/1192 806/193/1192
f 333/187/1193 226/871/1193 353/195/1193
f 806/193/1194 353/195/1194 217/196/1194
f 352/194/1195 806/193/1195 349/197/1195
f 335/179/1196 807/200/1196 354/199/1196
f 38/181/1197 331/201/1197 807/200/1197
f 331/201/1198 173/750/1198 596/202/1198
f 807/200/1199 596/202/1199 169/203/1199
f 327/153/1200 808/205/1200 356/204/1200
f 34/152/1201 350/188/1201 808/205/1201
f 350/188/1202 45/192/1202 344/206/1202
f 808/205/1203 344/206/1203 48/207/1203
f 552/208/1204 809/211/1204 554/209/1204
f 42/159/1205 352/194/1205 809/211/1205
f 54/198/1206 554/209/1206 809/211/1206
f 314/137/1207 810/213/1207 334/212/1207
f 314/137/1208 28/128/1208 354/199/1208
f 354/199/1209 169/203/1209 591/214/1209
f 810/213/1210 591/214/1210 171/215/1210
f 328/170/1211 811/217/1211 358/216/1211
f 35/154/1212 356/204/1212 811/217/1212
f 356/204/1213 48/207/1213 345/218/1213
f 811/217/1214 345/218/1214 50/219/1214
f 33/177/1215 551/222/1215 812/220/1215
f 553/221/1216 812/220/1216 551/222/1216
f 44/224/1217 351/189/1217 812/220/1217
f 40/225/1218 649/228/1218 813/226/1218
f 649/228/1219 195/873/1219 701/229/1219
f 813/226/1220 701/229/1220 242/230/1220
f 702/227/1221 813/226/1221 685/231/1221
f 329/180/1222 814/234/1222 355/233/1222
f 36/171/1223 358/216/1223 814/234/1223
f 358/216/1224 50/219/1224 346/235/1224
f 814/234/1225 346/235/1225 52/143/1225
f 346/235/1226 815/237/1226 367/236/1226
f 50/219/1227 368/238/1227 815/237/1227
f 368/238/1228 61/271/1228 362/239/1228
f 815/237/1229 362/239/1229 63/240/1229
f 343/191/1230 816/242/1230 369/241/1230
f 44/224/1231 370/243/1231 816/242/1231
f 370/243/1232 55/276/1232 359/244/1232
f 816/242/1233 359/244/1233 58/245/1233
f 54/198/1234 349/197/1234 817/246/1234
f 349/197/1235 217/196/1235 372/248/1235
f 372/248/1236 220/283/1236 366/249/1236
f 371/247/1237 817/246/1237 366/249/1237
f 53/251/1238 347/141/1238 818/252/1238
f 52/143/1239 367/236/1239 818/252/1239
f 367/236/1240 63/240/1240 363/254/1240
f 818/252/1241 363/254/1241 65/255/1241
f 344/206/1242 819/257/1242 374/256/1242
f 45/192/1243 369/241/1243 819/257/1243
f 369/241/1244 58/245/1244 360/258/1244
f 819/257/1245 360/258/1245 59/259/1245
f 554/260/1246 820/263/1246 556/261/1246
f 54/198/1247 371/247/1247 820/263/1247
f 66/250/1248 556/261/1248 820/263/1248
f 218/163/1249 348/266/1249 821/264/1249
f 348/266/1250 53/251/1250 373/253/1250
f 821/264/1251 373/253/1251 65/255/1251
f 375/265/1252 821/264/1252 364/267/1252
f 345/218/1253 822/269/1253 368/238/1253
f 48/207/1254 374/256/1254 822/269/1254
f 374/256/1255 59/259/1255 361/270/1255
f 822/269/1256 361/270/1256 61/271/1256
f 44/224/1257 553/274/1257 823/272/1257
f 555/273/1258 823/272/1258 553/274/1258
f 55/276/1259 370/243/1259 823/272/1259
f 55/276/1260 555/280/1260 824/277/1260
f 557/279/1261 824/277/1261 555/280/1261
f 67/282/1262 384/278/1262 824/277/1262
f 220/283/1263 365/286/1263 825/284/1263
f 365/286/1264 219/268/1264 386/287/1264
f 825/284/1265 386/287/1265 77/288/1265
f 385/285/1266 825/284/1266 382/289/1266
f 362/239/1267 826/292/1267 387/291/1267
f 61/271/1268 388/293/1268 826/292/1268
f 388/293/1269 73/320/1269 379/294/1269
f 826/292/1270 379/294/1270 75/295/1270
f 359/244/1271 827/297/1271 389/296/1271
f 55/276/1272 384/278/1272 827/297/1272
f 384/278/1273 67/282/1273 376/298/1273
f 827/297/1274 376/298/1274 69/299/1274
f 66/250/1275 366/249/1275 828/300/1275
f 366/249/1276 220/283/1276 385/285/1276
f 828/300/1277 385/285/1277 78/290/1277
f 390/301/1278 828/300/1278 383/302/1278
f 363/254/1279 829/305/1279 391/304/1279
f 63/240/1280 387/291/1280 829/305/1280
f 387/291/1281 75/295/1281 380/306/1281
f 829/305/1282 380/306/1282 76/307/1282
f 360/258/1283 830/309/1283 392/308/1283
f 58/245/1284 389/296/1284 830/309/1284
f 389/296/1285 69/299/1285 377/310/1285
f 830/309/1286 377/310/1286 72/311/1286
f 556/312/1287 831/315/1287 558/313/1287
f 66/250/1288 390/301/1288 831/315/1288
f 79/303/1289 558/313/1289 831/315/1289
f 364/267/1290 832/316/1290 386/287/1290
f 65/255/1291 391/304/1291 832/316/1291
f 391/304/1292 76/307/1292 381/317/1292
f 832/316/1293 381/317/1293 77/288/1293
f 361/270/1294 833/318/1294 388/293/1294
f 59/259/1295 392/308/1295 833/318/1295
f 392/308/1296 72/311/1296 378/319/1296
f 833/318/1297 378/319/1297 73/320/1297
f 381/317/1298 834/322/1298 402/321/1298
f 76/307/1299 403/323/1299 834/322/1299
f 403/323/1300 87/355/1300 398/324/1300
f 834/322/1301 398/324/1301 88/325/1301
f 378/319/1302 835/327/1302 404/326/1302
f 72/311/1303 405/356/1303 835/327/1303
f 835/327/1304 405/356/1304 84/328/1304
f 404/326/1305 835/327/1305 395/329/1305
f 67/282/1306 557/334/1306 836/331/1306
f 559/333/1307 836/331/1307 557/334/1307
f 80/336/1308 406/332/1308 836/331/1308
f 382/289/1309 837/338/1309 407/337/1309
f 77/288/1310 402/321/1310 837/338/1310
f 402/321/1311 88/325/1311 399/339/1311
f 837/338/1312 399/339/1312 89/340/1312
f 379/294/1313 838/342/1313 408/341/1313
f 73/320/1314 404/326/1314 838/342/1314
f 838/342/1315 404/326/1315 85/330/1315
f 838/342/1316 396/343/1316 86/344/1316
f 376/298/1317 839/346/1317 409/345/1317
f 67/282/1318 406/332/1318 839/346/1318
f 406/332/1319 80/336/1319 393/347/1319
f 839/346/1320 393/347/1320 81/348/1320
f 79/303/1321 383/302/1321 840/349/1321
f 383/302/1322 78/290/1322 407/337/1322
f 840/349/1323 407/337/1323 89/340/1323
f 410/350/1324 840/349/1324 400/351/1324
f 380/306/1325 841/353/1325 403/323/1325
f 75/295/1326 408/341/1326 841/353/1326
f 408/341/1327 86/344/1327 397/354/1327
f 841/353/1328 397/354/1328 87/355/1328
f 377/310/1329 842/357/1329 405/356/1329
f 69/299/1330 409/345/1330 842/357/1330
f 409/345/1331 81/348/1331 394/358/1331
f 842/357/1332 394/358/1332 84/328/1332
f 558/359/1333 843/362/1333 401/360/1333
f 410/350/1334 843/362/1334 558/359/1334
f 90/352/1335 401/360/1335 843/362/1335
f 84/328/1336 394/358/1336 844/363/1336
f 81/348/1337 420/397/1337 844/363/1337
f 844/363/1338 420/397/1338 93/365/1338
f 419/364/1339 844/363/1339 412/366/1339
f 401/368/1340 845/371/1340 561/369/1340
f 90/352/1341 421/373/1341 845/371/1341
f 100/372/1342 561/369/1342 845/371/1342
f 398/324/1343 846/375/1343 422/374/1343
f 87/355/1344 423/376/1344 846/375/1344
f 423/376/1345 97/404/1345 416/377/1345
f 846/375/1346 416/377/1346 98/378/1346
f 85/330/1347 395/329/1347 847/379/1347
f 395/329/1348 84/328/1348 419/364/1348
f 847/379/1349 419/364/1349 94/367/1349
f 424/380/1350 847/379/1350 413/381/1350
f 80/336/1351 559/386/1351 848/383/1351
f 560/385/1352 848/383/1352 559/386/1352
f 92/388/1353 425/384/1353 848/383/1353
f 399/339/1354 849/390/1354 426/389/1354
f 88/325/1355 422/374/1355 849/390/1355
f 422/374/1356 98/378/1356 417/391/1356
f 849/390/1357 417/391/1357 99/392/1357
f 86/344/1358 396/343/1358 850/393/1358
f 396/343/1359 85/330/1359 424/380/1359
f 850/393/1360 424/380/1360 95/382/1360
f 427/394/1361 850/393/1361 414/395/1361
f 393/347/1362 851/398/1362 420/397/1362
f 80/336/1363 425/384/1363 851/398/1363
f 851/398/1364 425/384/1364 92/388/1364
f 420/397/1365 851/398/1365 411/399/1365
f 400/351/1366 852/400/1366 421/373/1366
f 89/340/1367 426/389/1367 852/400/1367
f 426/389/1368 99/392/1368 418/401/1368
f 852/400/1369 418/401/1369 100/372/1369
f 397/354/1370 853/402/1370 423/376/1370
f 86/344/1371 427/394/1371 853/402/1371
f 853/402/1372 427/394/1372 96/396/1372
f 423/376/1373 853/402/1373 415/403/1373
f 97/404/1374 415/403/1374 854/405/1374
f 415/403/1375 96/396/1375 438/407/1375
f 854/405/1376 438/407/1376 106/408/1376
f 437/406/1377 854/405/1377 433/409/1377
f 94/367/1378 412/366/1378 855/411/1378
f 412/366/1379 93/365/1379 440/413/1379
f 855/411/1380 440/413/1380 103/414/1380
f 439/412/1381 855/411/1381 430/415/1381
f 561/417/1382 856/420/1382 562/418/1382
f 100/372/1383 441/422/1383 856/420/1383
f 108/421/1384 562/418/1384 856/420/1384
f 416/377/1385 857/424/1385 442/423/1385
f 97/404/1386 437/406/1386 857/424/1386
f 437/406/1387 107/410/1387 434/425/1387
f 857/424/1388 434/425/1388 203/426/1388
f 95/382/1389 413/381/1389 858/427/1389
f 413/381/1390 94/367/1390 439/412/1390
f 858/427/1391 439/412/1391 104/416/1391
f 443/428/1392 858/427/1392 431/429/1392
f 92/388/1393 560/434/1393 859/431/1393
f 428/433/1394 859/431/1394 560/434/1394
f 444/432/1395 859/431/1395 428/433/1395
f 417/391/1396 860/438/1396 445/437/1396
f 98/378/1397 442/423/1397 860/438/1397
f 442/423/1398 203/426/1398 435/439/1398
f 860/438/1399 435/439/1399 204/440/1399
f 96/396/1400 414/395/1400 861/441/1400
f 414/395/1401 95/382/1401 443/428/1401
f 861/441/1402 443/428/1402 105/430/1402
f 438/407/1403 861/441/1403 432/442/1403
f 93/365/1404 411/399/1404 862/443/1404
f 411/399/1405 92/388/1405 444/432/1405
f 862/443/1406 444/432/1406 102/436/1406
f 440/413/1407 862/443/1407 429/444/1407
f 418/401/1408 863/445/1408 441/422/1408
f 99/392/1409 445/437/1409 863/445/1409
f 445/437/1410 204/440/1410 436/446/1410
f 863/445/1411 436/446/1411 108/421/1411
f 103/414/1412 429/444/1412 864/447/1412
f 429/444/1413 102/436/1413 454/449/1413
f 864/447/1414 454/449/1414 109/450/1414
f 453/448/1415 864/447/1415 446/451/1415
f 108/421/1416 436/446/1416 865/453/1416
f 436/446/1417 204/440/1417 456/455/1417
f 865/453/1418 456/455/1418 205/456/1418
f 455/454/1419 865/453/1419 452/457/1419
f 433/409/1420 866/461/1420 457/459/1420
f 433/409/1421 106/408/1421 458/460/1421
f 458/460/1422 113/514/1422 450/462/1422
f 866/461/1423 450/462/1423 114/463/1423
f 104/416/1424 430/415/1424 867/464/1424
f 430/415/1425 103/414/1425 453/448/1425
f 867/464/1426 453/448/1426 110/452/1426
f 459/465/1427 867/464/1427 447/466/1427
f 562/468/1428 868/471/1428 564/469/1428
f 108/421/1429 455/454/1429 868/471/1429
f 115/458/1430 564/469/1430 868/471/1430
f 434/425/1431 869/473/1431 460/472/1431
f 107/410/1432 457/459/1432 869/473/1432
f 457/459/1433 114/463/1433 451/474/1433
f 869/473/1434 451/474/1434 206/475/1434
f 105/430/1435 431/429/1435 870/476/1435
f 431/429/1436 104/416/1436 459/465/1436
f 870/476/1437 459/465/1437 111/467/1437
f 461/477/1438 870/476/1438 448/478/1438
f 102/436/1439 428/482/1439 871/480/1439
f 563/481/1440 871/480/1440 428/482/1440
f 454/449/1441 871/480/1441 563/481/1441
f 106/408/1442 432/442/1442 872/484/1442
f 432/442/1443 105/430/1443 461/477/1443
f 872/484/1444 461/477/1444 112/479/1444
f 1025/1166/1445 113/514/1445 458/460/1445
f 458/460/1446 872/484/1446 1025/1166/1446
f 872/484/1447 449/485/1447 1024/486/1447
f 449/485/1445 1023/518/1445 1024/486/1445
f 1026/487/1448 1025/1166/1448 872/484/1448
f 626/488/1449 873/492/1449 700/489/1449
f 120/491/1450 699/493/1450 873/492/1450
f 699/493/1451 232/941/1451 674/494/1451
f 873/492/1452 674/494/1452 231/495/1452
f 118/496/1453 477/499/1453 874/497/1453
f 477/499/1454 114/463/1454 589/500/1454
f 874/497/1455 589/500/1455 161/501/1455
f 590/498/1456 874/497/1456 582/502/1456
f 110/452/1457 446/451/1457 875/503/1457
f 446/451/1458 109/450/1458 475/505/1458
f 875/503/1459 475/505/1459 116/506/1459
f 474/504/1460 875/503/1460 462/507/1460
f 452/457/1461 876/511/1461 476/509/1461
f 452/457/1462 205/456/1462 470/510/1462
f 470/510/1463 210/831/1463 469/512/1463
f 876/511/1464 469/512/1464 121/513/1464
f 1028/1167/419 1027/1168/419 877/521/419
f 877/521/1465 588/524/1465 1030/1169/1465
f 588/524/1466 113/514/1466 1031/516/1466
f 1029/1170/1467 588/524/1467 1031/516/1467
f 113/514/1468 1025/1166/1468 1033/1171/1468
f 113/514/419 1033/1171/419 1034/1172/419
f 1030/1169/419 1028/1167/419 877/521/419
f 1029/1170/1469 1030/1169/1469 588/524/1469
f 113/514/419 1034/1172/419 1035/1173/419
f 113/514/419 1035/1173/419 1032/1174/419
f 113/514/419 1032/1174/419 1036/515/419
f 449/485/1470 1037/1175/1470 1038/517/1470
f 1043/1176/420 1042/1177/420 449/485/420
f 1042/1177/1471 1037/1175/1471 449/485/1471
f 449/485/1472 112/479/1472 1043/1176/1472
f 112/479/420 587/738/420 1040/1178/420
f 587/738/1473 877/521/1473 1047/1179/1473
f 112/479/1472 1040/1178/1472 1045/519/1472
f 877/521/1473 1027/1168/1473 1048/1180/1473
f 1047/1179/1473 1039/1181/1473 587/738/1473
f 1039/1181/420 1040/1178/420 587/738/420
f 877/521/1473 1048/1180/1473 1047/1179/1473
f 1044/1182/420 1043/1176/420 112/479/420
f 1041/1183/1472 1044/1182/1472 112/479/1472
f 1046/520/420 1041/1183/420 112/479/420
f 877/521/1474 587/738/1474 157/522/1474
f 588/524/1475 877/521/1475 578/523/1475
f 111/467/1476 447/466/1476 878/526/1476
f 447/466/1477 110/452/1477 474/504/1477
f 878/526/1478 474/504/1478 199/508/1478
f 478/527/1479 878/526/1479 463/528/1479
f 564/530/1480 879/533/1480 566/531/1480
f 115/458/1481 476/509/1481 879/533/1481
f 121/513/1482 566/531/1482 879/533/1482
f 451/474/1483 880/535/1483 471/534/1483
f 114/463/1484 477/499/1484 880/535/1484
f 477/499/1485 118/496/1485 467/536/1485
f 471/534/1486 880/535/1486 467/536/1486
f 112/479/1487 448/478/1487 881/538/1487
f 448/478/1488 111/467/1488 478/527/1488
f 881/538/1489 478/527/1489 200/529/1489
f 473/539/1490 881/538/1490 464/540/1490
f 109/450/1491 563/544/1491 882/542/1491
f 565/543/1492 882/542/1492 563/544/1492
f 116/506/1493 475/505/1493 882/542/1493
f 464/546/1494 883/550/1494 486/547/1494
f 200/549/1495 487/551/1495 883/550/1495
f 487/551/1496 202/614/1496 481/552/1496
f 883/550/1497 481/552/1497 123/553/1497
f 116/554/1498 565/558/1498 884/555/1498
f 567/557/1499 884/555/1499 565/558/1499
f 122/560/1500 488/556/1500 884/555/1500
f 663/561/1501 885/565/1501 698/562/1501
f 215/564/1502 697/566/1502 885/565/1502
f 697/566/1503 249/998/1503 693/567/1503
f 885/565/1504 693/567/1504 247/568/1504
f 124/569/1505 483/572/1505 886/570/1505
f 483/572/1506 125/604/1506 466/573/1506
f 886/570/1507 466/573/1507 168/574/1507
f 465/571/1508 886/570/1508 584/575/1508
f 462/577/1509 887/580/1509 492/578/1509
f 116/554/1510 488/556/1510 887/580/1510
f 488/556/1511 122/560/1511 479/581/1511
f 887/580/1512 479/581/1512 201/582/1512
f 469/583/1513 888/587/1513 493/584/1513
f 469/583/1514 210/847/1514 489/586/1514
f 489/586/1515 211/637/1515 485/588/1515
f 888/587/1516 485/588/1516 126/589/1516
f 117/548/1517 486/547/1517 889/590/1517
f 486/547/1518 123/553/1518 491/592/1518
f 889/590/1519 491/592/1519 165/593/1519
f 472/591/1520 889/590/1520 585/594/1520
f 566/595/1521 891/598/1521 568/596/1521
f 121/585/1522 493/584/1522 891/598/1522
f 126/589/1523 568/596/1523 891/598/1523
f 467/599/1524 892/603/1524 490/600/1524
f 467/599/1525 118/732/1525 494/602/1525
f 892/603/1526 494/602/1526 125/604/1526
f 490/600/1527 892/603/1527 484/605/1527
f 212/606/1528 484/605/1528 893/607/1528
f 484/605/1529 125/604/1529 504/609/1529
f 893/607/1530 504/609/1530 132/610/1530
f 503/608/1531 893/607/1531 500/611/1531
f 481/552/1532 894/615/1532 505/613/1532
f 202/614/1533 506/616/1533 894/615/1533
f 506/616/1534 129/647/1534 497/617/1534
f 894/615/1535 497/617/1535 130/618/1535
f 567/619/1536 895/624/1536 507/620/1536
f 569/621/1537 895/624/1537 567/619/1537
f 127/623/1538 507/620/1538 895/624/1538
f 1050/1184/486 482/628/486 1051/627/486
f 482/628/486 896/625/486 1051/627/486
f 896/625/1539 509/631/1539 1052/1185/1539
f 509/631/1540 124/569/1540 1052/1185/1540
f 896/625/486 1052/1185/486 1049/626/486
f 124/569/1541 1053/1186/1541 1052/1185/1541
f 123/553/1542 505/613/1542 896/625/1542
f 505/613/1543 130/618/1543 498/629/1543
f 896/625/1544 498/629/1544 131/630/1544
f 479/581/1545 897/633/1545 510/632/1545
f 122/560/1546 507/620/1546 897/633/1546
f 507/620/1547 127/623/1547 495/634/1547
f 897/633/1548 495/634/1548 128/635/1548
f 485/588/1549 898/638/1549 511/636/1549
f 211/637/1550 508/639/1550 898/638/1550
f 508/639/1551 214/678/1551 502/640/1551
f 898/638/1552 502/640/1552 133/641/1552
f 125/604/1553 483/572/1553 899/642/1553
f 483/572/1554 124/569/1554 509/631/1554
f 509/631/1555 131/630/1555 499/643/1555
f 504/609/1556 899/642/1556 499/643/1556
f 480/644/1557 900/645/1557 506/616/1557
f 201/582/1558 510/632/1558 900/645/1558
f 510/632/1559 128/635/1559 496/646/1559
f 900/645/1560 496/646/1560 129/647/1560
f 568/648/1561 901/651/1561 570/649/1561
f 126/589/1562 511/636/1562 901/651/1562
f 133/641/1563 570/649/1563 901/651/1563
f 496/646/1564 902/653/1564 520/652/1564
f 128/635/1565 521/654/1565 902/653/1565
f 521/654/1566 137/690/1566 513/655/1566
f 902/653/1567 513/655/1567 139/656/1567
f 570/657/1568 903/660/1568 572/658/1568
f 133/641/1569 522/662/1569 903/660/1569
f 150/661/1570 572/658/1570 903/660/1570
f 213/612/1571 500/611/1571 904/663/1571
f 500/611/1572 132/610/1572 524/665/1572
f 524/665/1573 143/695/1573 517/666/1573
f 523/664/1574 904/663/1574 517/666/1574
f 497/617/1575 905/669/1575 525/668/1575
f 129/647/1576 520/652/1576 905/669/1576
f 520/652/1577 139/656/1577 514/670/1577
f 905/669/1578 514/670/1578 140/671/1578
f 569/672/1579 906/677/1579 526/673/1579
f 571/674/1580 906/677/1580 569/672/1580
f 136/676/1581 526/673/1581 906/677/1581
f 214/678/1582 501/681/1582 907/679/1582
f 501/681/1583 213/612/1583 523/664/1583
f 907/679/1584 523/664/1584 145/667/1584
f 527/680/1585 907/679/1585 518/682/1585
f 498/629/1586 908/685/1586 528/684/1586
f 130/618/1587 525/668/1587 908/685/1587
f 525/668/1588 140/671/1588 515/686/1588
f 908/685/1589 515/686/1589 142/687/1589
f 495/634/1590 909/688/1590 521/654/1590
f 127/623/1591 526/673/1591 909/688/1591
f 526/673/1592 136/676/1592 512/689/1592
f 909/688/1593 512/689/1593 137/690/1593
f 133/641/1594 502/640/1594 910/691/1594
f 502/640/1595 214/678/1595 527/680/1595
f 910/691/1596 527/680/1596 148/683/1596
f 522/662/1597 910/691/1597 519/692/1597
f 499/643/1598 911/693/1598 524/665/1598
f 131/630/1599 528/684/1599 911/693/1599
f 528/684/1600 142/687/1600 516/694/1600
f 911/693/1601 516/694/1601 143/695/1601
f 150/661/1602 519/692/1602 912/696/1602
f 519/692/1603 148/683/1603 530/698/1603
f 912/696/1604 530/698/1604 155/24/1604
f 573/697/1605 912/696/1605 539/42/1605
f 516/694/1606 913/700/1606 574/699/1606
f 142/687/1607 575/717/1607 913/700/1607
f 913/700/1608 575/717/1608 2/30/1608
f 574/699/1609 913/700/1609 278/50/1609
f 513/655/1610 914/702/1610 576/701/1610
f 137/690/1611 531/719/1611 914/702/1611
f 914/702/1612 531/719/1612 152/36/1612
f 914/702/1613 535/54/1613 1/12/1613
f 572/703/1614 915/706/1614 540/704/1614
f 150/661/1615 573/697/1615 915/706/1615
f 5/44/1616 540/704/1616 915/706/1616
f 145/667/1617 517/666/1617 916/707/1617
f 517/666/1618 143/695/1618 574/699/1618
f 916/707/1619 574/699/1619 3/48/1619
f 577/708/1620 916/707/1620 279/4/1620
f 514/670/1621 917/710/1621 532/709/1621
f 139/656/1622 576/701/1622 917/710/1622
f 576/701/1623 1/12/1623 536/9/1623
f 917/710/1624 536/9/1624 153/11/1624
f 136/676/1625 571/714/1625 918/711/1625
f 534/713/1626 918/711/1626 571/714/1626
f 151/17/1627 533/712/1627 918/711/1627
f 148/683/1628 518/682/1628 919/716/1628
f 518/682/1629 145/667/1629 577/708/1629
f 919/716/1630 577/708/1630 4/1/1630
f 530/698/1631 919/716/1631 538/27/1631
f 515/686/1632 920/718/1632 575/717/1632
f 140/671/1633 532/709/1633 920/718/1633
f 532/709/1634 153/11/1634 537/33/1634
f 920/718/1635 537/33/1635 2/30/1635
f 512/689/1636 921/720/1636 531/719/1636
f 136/676/1637 533/712/1637 921/720/1637
f 921/720/1638 533/712/1638 151/17/1638
f 531/719/1639 921/720/1639 529/39/1639
f 159/525/1640 578/523/1640 1022/721/1640
f 578/523/1641 157/522/1641 581/723/1641
f 1022/721/1642 581/723/1642 163/541/1642
f 579/725/1643 922/726/1643 582/502/1643
f 159/525/1644 1021/722/1644 922/726/1644
f 1021/722/1645 1020/1187/1645 580/727/1645
f 922/726/1646 580/727/1646 164/496/1646
f 163/548/1647 585/594/1647 1018/728/1647
f 585/594/1648 165/593/1648 583/730/1648
f 1018/728/1649 583/730/1649 166/576/1649
f 164/732/1650 580/735/1650 923/733/1650
f 580/735/1651 1020/1188/1651 1017/731/1651
f 923/733/1652 1017/731/1652 166/576/1652
f 586/734/1653 923/733/1653 584/575/1653
f 494/602/1654 924/736/1654 466/573/1654
f 118/732/1655 590/737/1655 924/736/1655
f 590/737/1656 164/732/1656 586/734/1656
f 924/736/1657 586/734/1657 168/574/1657
f 473/539/1658 925/739/1658 587/738/1658
f 117/541/1659 472/740/1659 925/739/1659
f 472/740/1660 163/541/1660 581/723/1660
f 925/739/1661 581/723/1661 157/522/1661
f 1054/1189/1662 1058/1190/1662 926/747/1662
f 926/747/1663 491/592/1663 1055/1191/1663
f 491/592/1664 123/553/1664 1056/1192/1664
f 123/553/1662 482/628/1662 1061/1193/1662
f 482/628/1662 1060/1194/1662 1061/1193/1662
f 1055/1191/1662 1054/1189/1662 926/747/1662
f 1056/1192/1665 1055/1191/1665 491/592/1665
f 123/553/1662 1061/1193/1662 1059/1195/1662
f 123/553/1662 1059/1195/1662 1062/1196/1662
f 1057/742/1662 1056/1192/1662 123/553/1662
f 123/553/1662 1062/1196/1662 1063/741/1662
f 1069/1197/608 1053/1186/608 124/569/608
f 124/569/608 465/571/608 1066/744/608
f 465/571/1666 926/747/1666 1064/1198/1666
f 124/569/608 1072/743/608 1071/1199/608
f 926/747/609 1058/1190/609 1073/1200/609
f 1073/1200/609 1065/1201/609 926/747/609
f 1065/1201/1667 1064/1198/1667 926/747/1667
f 1070/1202/608 1069/1197/608 124/569/608
f 1071/1199/608 1070/1202/608 124/569/608
f 1064/1198/608 1067/1203/608 465/571/608
f 1067/1203/608 1066/744/608 465/571/608
f 1074/745/1668 1060/1194/1668 482/628/1668
f 482/628/608 1050/1184/608 1068/746/608
f 465/571/1669 166/576/1669 583/730/1669
f 926/747/1670 583/730/1670 165/593/1670
f 450/462/1671 927/748/1671 589/500/1671
f 113/514/1672 588/524/1672 927/748/1672
f 588/524/1673 159/525/1673 579/725/1673
f 927/748/1674 579/725/1674 161/501/1674
f 596/202/1675 928/751/1675 594/749/1675
f 173/750/1676 621/752/1676 928/751/1676
f 621/752/1677 181/784/1677 612/753/1677
f 928/751/1678 612/753/1678 178/754/1678
f 175/148/1679 598/147/1679 929/755/1679
f 598/147/1680 176/146/1680 619/757/1680
f 619/757/1681 185/796/1681 614/758/1681
f 929/755/1682 614/758/1682 184/759/1682
f 591/214/1683 930/761/1683 593/760/1683
f 169/203/1684 594/749/1684 930/761/1684
f 930/761/1685 594/749/1685 178/754/1685
f 593/760/1686 930/761/1686 607/762/1686
f 602/166/1687 931/766/1687 595/764/1687
f 174/765/1688 600/767/1688 931/766/1688
f 600/767/1689 183/792/1689 618/768/1689
f 931/766/1690 618/768/1690 186/769/1690
f 315/111/1691 932/771/1691 606/770/1691
f 29/138/1692 334/212/1692 932/771/1692
f 334/212/1693 171/215/1693 592/772/1693
f 932/771/1694 592/772/1694 172/773/1694
f 38/181/1695 355/233/1695 933/774/1695
f 355/233/1696 52/143/1696 605/142/1696
f 933/774/1697 605/142/1697 175/148/1697
f 331/201/1698 933/774/1698 601/775/1698
f 339/776/1699 934/778/1699 330/164/1699
f 339/776/1700 223/112/1700 606/770/1700
f 934/778/1701 606/770/1701 172/773/1701
f 330/164/1702 934/778/1702 597/779/1702
f 53/251/1703 348/266/1703 935/780/1703
f 348/266/1704 218/163/1704 603/162/1704
f 935/780/1705 603/162/1705 177/167/1705
f 604/144/1706 935/780/1706 599/781/1706
f 179/763/1707 607/762/1707 936/782/1707
f 607/762/1708 178/754/1708 612/753/1708
f 936/782/1709 612/753/1709 181/784/1709
f 611/783/1710 936/782/1710 609/785/1710
f 608/787/1711 937/790/1711 613/788/1711
f 179/763/1712 611/783/1712 937/790/1712
f 611/783/1713 182/786/1713 610/791/1713
f 937/790/1714 610/791/1714 183/792/1714
f 609/785/1715 938/794/1715 616/793/1715
f 181/784/1716 617/795/1716 938/794/1716
f 617/795/1717 184/759/1717 614/758/1717
f 938/794/1718 614/758/1718 185/796/1718
f 183/792/1719 610/791/1719 939/797/1719
f 610/791/1720 182/786/1720 616/793/1720
f 939/797/1721 616/793/1721 185/796/1721
f 618/768/1722 939/797/1722 615/798/1722
f 592/772/1723 940/800/1723 622/799/1723
f 171/215/1724 593/760/1724 940/800/1724
f 593/760/1725 179/763/1725 608/787/1725
f 940/800/1726 608/787/1726 180/789/1726
f 173/750/1727 601/775/1727 941/801/1727
f 601/775/1728 175/148/1728 620/756/1728
f 941/801/1729 620/756/1729 184/759/1729
f 621/752/1730 941/801/1730 617/795/1730
f 176/146/1731 599/781/1731 942/802/1731
f 599/781/1732 177/167/1732 595/764/1732
f 942/802/1733 595/764/1733 186/769/1733
f 619/757/1734 942/802/1734 615/798/1734
f 174/765/1735 597/779/1735 943/803/1735
f 597/779/1736 172/773/1736 622/799/1736
f 943/803/1737 622/799/1737 180/789/1737
f 600/767/1738 943/803/1738 613/788/1738
f 487/551/1739 200/549/1739 463/804/1739
f 890/805/1740 463/804/1740 199/579/1740
f 492/578/1741 201/582/1741 480/644/1741
f 890/805/1742 480/644/1742 202/614/1742
f 196/806/1743 648/809/1743 944/807/1743
f 648/809/1744 41/868/1744 695/810/1744
f 944/807/1745 695/810/1745 240/811/1745
f 696/808/1746 944/807/1746 684/812/1746
f 187/814/1747 623/817/1747 945/815/1747
f 623/817/1748 188/820/1748 630/818/1748
f 630/818/1749 204/440/1749 435/439/1749
f 629/816/1750 945/815/1750 435/439/1750
f 624/819/1751 946/822/1751 630/818/1751
f 624/819/1752 190/833/1752 631/821/1752
f 631/821/1753 205/456/1753 456/455/1753
f 946/822/1754 456/455/1754 204/440/1754
f 189/823/1755 625/826/1755 947/824/1755
f 625/826/1756 187/814/1756 629/816/1756
f 629/816/1757 203/426/1757 460/472/1757
f 632/825/1758 947/824/1758 460/472/1758
f 626/488/1759 948/828/1759 633/827/1759
f 119/490/1760 634/829/1760 948/828/1760
f 634/829/1761 209/537/1761 468/830/1761
f 633/827/1762 948/828/1762 468/830/1762
f 627/832/1763 949/834/1763 631/821/1763
f 120/491/1764 633/827/1764 949/834/1764
f 633/827/1765 210/831/1765 470/510/1765
f 949/834/1766 470/510/1766 205/456/1766
f 628/835/1767 950/836/1767 634/829/1767
f 628/835/1768 189/823/1768 632/825/1768
f 950/836/1769 632/825/1769 206/475/1769
f 950/836/1770 471/534/1770 209/537/1770
f 207/837/1771 635/840/1771 951/838/1771
f 635/840/1772 208/844/1772 642/841/1772
f 642/841/1773 210/847/1773 468/842/1773
f 641/839/1774 951/838/1774 468/842/1774
f 636/843/1775 952/846/1775 642/841/1775
f 636/843/1776 192/860/1776 643/845/1776
f 952/846/1777 643/845/1777 211/637/1777
f 952/846/1778 489/586/1778 210/847/1778
f 637/848/1779 953/851/1779 644/849/1779
f 637/848/1780 207/837/1780 641/839/1780
f 953/851/1781 641/839/1781 209/601/1781
f 953/851/1782 490/600/1782 212/606/1782
f 194/852/1783 638/855/1783 954/853/1783
f 638/855/1784 193/858/1784 646/856/1784
f 954/853/1785 646/856/1785 213/612/1785
f 645/854/1786 954/853/1786 501/681/1786
f 639/857/1787 955/859/1787 646/856/1787
f 191/850/1788 644/849/1788 955/859/1788
f 644/849/1789 212/606/1789 503/608/1789
f 646/856/1790 955/859/1790 503/608/1790
f 192/860/1791 640/862/1791 956/861/1791
f 640/862/1792 194/852/1792 645/854/1792
f 956/861/1793 645/854/1793 214/678/1793
f 643/845/1794 956/861/1794 508/639/1794
f 40/225/1795 647/865/1795 957/863/1795
f 647/865/1796 41/868/1796 654/866/1796
f 654/866/1797 226/871/1797 332/867/1797
f 653/864/1798 957/863/1798 332/867/1798
f 41/868/1799 648/809/1799 958/869/1799
f 648/809/1800 196/806/1800 655/870/1800
f 958/869/1801 655/870/1801 217/196/1801
f 958/869/1802 353/195/1802 226/871/1802
f 649/228/1803 959/874/1803 656/872/1803
f 649/228/1804 40/225/1804 653/864/1804
f 959/874/1805 653/864/1805 225/777/1805
f 959/874/1806 357/161/1806 218/163/1806
f 198/875/1807 650/878/1807 960/876/1807
f 650/878/1808 197/883/1808 658/879/1808
f 960/876/1809 658/879/1809 219/268/1809
f 657/877/1810 960/876/1810 365/286/1810
f 651/880/1811 961/881/1811 655/870/1811
f 651/880/1812 198/875/1812 657/877/1812
f 657/877/1813 220/283/1813 372/248/1813
f 961/881/1814 372/248/1814 217/196/1814
f 652/882/1815 962/884/1815 658/879/1815
f 195/873/1816 656/872/1816 962/884/1816
f 656/872/1817 218/163/1817 375/265/1817
f 658/879/1818 962/884/1818 375/265/1818
f 659/885/1819 963/889/1819 665/886/1819
f 22/888/1820 666/890/1820 963/889/1820
f 666/890/1821 222/76/1821 299/75/1821
f 963/889/1822 299/75/1822 221/101/1822
f 30/563/1823 660/893/1823 964/891/1823
f 660/893/1824 21/887/1824 665/886/1824
f 665/886/1825 221/101/1825 318/108/1825
f 667/892/1826 964/891/1826 318/108/1826
f 661/894/1827 965/896/1827 666/890/1827
f 661/894/1828 31/904/1828 668/895/1828
f 965/896/1829 668/895/1829 224/184/1829
f 666/890/1830 965/896/1830 323/133/1830
f 662/897/1831 966/900/1831 669/898/1831
f 215/564/1832 670/901/1832 966/900/1832
f 670/901/1833 225/777/1833 332/867/1833
f 669/898/1834 966/900/1834 332/867/1834
f 663/561/1835 967/902/1835 670/901/1835
f 663/561/1836 30/563/1836 667/892/1836
f 967/902/1837 667/892/1837 223/112/1837
f 967/902/1838 339/776/1838 225/777/1838
f 664/903/1839 968/905/1839 668/895/1839
f 216/899/1840 669/898/1840 968/905/1840
f 968/905/1841 669/898/1841 226/871/1841
f 968/905/1842 342/186/1842 224/184/1842
f 671/906/1843 969/910/1843 750/907/1843
f 671/906/1844 227/978/1844 749/909/1844
f 969/910/1845 749/909/1845 251/911/1845
f 969/910/1846 719/912/1846 252/913/1846
f 693/567/1847 970/916/1847 748/914/1847
f 693/567/1848 249/998/1848 747/915/1848
f 970/916/1849 747/915/1849 276/917/1849
f 970/916/1850 741/918/1850 274/919/1850
f 678/920/1851 971/924/1851 746/921/1851
f 678/920/1852 234/947/1852 745/923/1852
f 971/924/1853 745/923/1853 260/925/1853
f 971/924/1854 726/926/1854 261/927/1854
f 685/231/1855 972/929/1855 744/928/1855
f 242/230/1856 743/1058/1856 972/929/1856
f 972/929/1857 743/1058/1857 269/930/1857
f 972/929/1858 733/931/1858 266/932/1858
f 664/903/1859 973/934/1859 704/933/1859
f 31/904/1860 703/935/1860 973/934/1860
f 703/935/1861 248/987/1861 694/936/1861
f 973/934/1862 694/936/1862 250/937/1862
f 627/832/1863 974/938/1863 699/493/1863
f 190/833/1864 705/939/1864 974/938/1864
f 705/939/1865 229/990/1865 675/940/1865
f 974/938/1866 675/940/1866 232/941/1866
f 208/844/1867 635/840/1867 975/942/1867
f 635/840/1868 207/837/1868 706/944/1868
f 975/942/1869 706/944/1869 233/945/1869
f 707/943/1870 975/942/1870 677/946/1870
f 197/883/1871 650/878/1871 976/948/1871
f 650/878/1872 198/875/1872 708/950/1872
f 976/948/1873 708/950/1873 244/951/1873
f 709/949/1874 976/948/1874 686/952/1874
f 189/823/1875 628/835/1875 977/954/1875
f 119/490/1876 700/489/1876 977/954/1876
f 700/489/1877 231/495/1877 676/956/1877
f 710/955/1878 977/954/1878 676/956/1878
f 192/860/1879 636/843/1879 978/958/1879
f 208/844/1880 707/943/1880 978/958/1880
f 978/958/1881 707/943/1881 234/947/1881
f 711/959/1882 978/958/1882 678/920/1882
f 198/875/1883 651/880/1883 979/960/1883
f 196/806/1884 696/808/1884 979/960/1884
f 979/960/1885 696/808/1885 241/813/1885
f 708/950/1886 979/960/1886 687/961/1886
f 659/885/1887 980/963/1887 713/962/1887
f 21/887/1888 712/964/1888 980/963/1888
f 712/964/1889 245/974/1889 689/965/1889
f 980/963/1890 689/965/1890 246/966/1890
f 207/837/1891 637/848/1891 981/967/1891
f 191/850/1892 714/968/1892 981/967/1892
f 714/968/1893 236/993/1893 679/969/1893
f 706/944/1894 981/967/1894 679/969/1894
f 652/882/1895 982/970/1895 701/229/1895
f 197/883/1896 709/949/1896 982/970/1896
f 709/949/1897 243/953/1897 688/971/1897
f 982/970/1898 688/971/1898 242/230/1898
f 21/887/1899 660/893/1899 983/972/1899
f 660/893/1900 30/563/1900 698/562/1900
f 983/972/1901 698/562/1901 247/568/1901
f 712/964/1902 983/972/1902 690/973/1902
f 188/820/1903 623/817/1903 984/975/1903
f 623/817/1904 187/814/1904 715/977/1904
f 984/975/1905 715/977/1905 227/978/1905
f 716/976/1906 984/975/1906 671/906/1906
f 193/858/1907 638/855/1907 985/979/1907
f 638/855/1908 194/852/1908 717/981/1908
f 985/979/1909 717/981/1909 238/982/1909
f 718/980/1910 985/979/1910 680/983/1910
f 31/904/1911 661/894/1911 986/985/1911
f 22/888/1912 713/962/1912 986/985/1912
f 713/962/1913 246/966/1913 691/986/1913
f 703/935/1914 986/985/1914 691/986/1914
f 190/833/1915 624/819/1915 987/988/1915
f 188/820/1916 716/976/1916 987/988/1916
f 987/988/1917 716/976/1917 228/908/1917
f 705/939/1918 987/988/1918 672/989/1918
f 639/857/1919 988/991/1919 714/968/1919
f 193/858/1920 718/980/1920 988/991/1920
f 718/980/1921 237/984/1921 681/992/1921
f 988/991/1922 681/992/1922 236/993/1922
f 41/868/1923 647/865/1923 989/994/1923
f 647/865/1924 40/225/1924 702/227/1924
f 989/994/1925 702/227/1925 239/232/1925
f 695/810/1926 989/994/1926 683/995/1926
f 662/897/1927 990/996/1927 697/566/1927
f 216/899/1928 704/933/1928 990/996/1928
f 704/933/1929 250/937/1929 692/997/1929
f 990/996/1930 692/997/1930 249/998/1930
f 187/814/1931 625/826/1931 991/999/1931
f 625/826/1932 189/823/1932 710/955/1932
f 991/999/1933 710/955/1933 230/957/1933
f 715/977/1934 991/999/1934 673/1000/1934
f 194/852/1935 640/862/1935 992/1001/1935
f 640/862/1936 192/860/1936 711/959/1936
f 992/1001/1937 711/959/1937 235/922/1937
f 717/981/1938 992/1001/1938 682/1002/1938
f 741/918/1939 993/1204/1939 738/1003/1939
f 740/1004/1940 993/1204/1940 741/918/1940
f 742/1005/1941 993/1204/1941 740/1004/1941
f 739/1007/1942 993/1204/1942 742/1005/1942
f 737/1009/1943 993/1204/1943 739/1007/1943
f 738/1003/1944 993/1204/1944 737/1009/1944
f 725/1012/1945 994/1020/1945 726/926/1945
f 727/1013/1946 994/1020/1946 725/1012/1946
f 729/1015/1947 994/1020/1947 727/1013/1947
f 728/1017/1948 994/1020/1948 729/1015/1948
f 265/1019/1949 730/1021/1949 994/1020/1949
f 726/926/1950 994/1020/1950 730/1021/1950
f 731/1022/1951 995/1205/1951 732/1023/1951
f 733/931/1952 995/1205/1952 731/1022/1952
f 736/1025/1953 995/1205/1953 733/931/1953
f 734/1026/1954 995/1205/1954 736/1025/1954
f 735/1028/1955 995/1205/1955 734/1026/1955
f 732/1023/1956 995/1205/1956 735/1028/1956
f 724/1031/1957 996/1206/1957 721/1032/1957
f 722/1034/1958 996/1206/1958 724/1031/1958
f 723/1036/1959 996/1206/1959 722/1034/1959
f 720/1038/1960 996/1206/1960 723/1036/1960
f 719/912/1961 996/1206/1961 720/1038/1961
f 721/1032/1962 996/1206/1962 719/912/1962
f 686/952/1963 997/1042/1963 752/1040/1963
f 686/952/1964 244/951/1964 751/1041/1964
f 997/1042/1965 751/1041/1965 271/1029/1965
f 997/1042/1966 734/1026/1966 270/1027/1966
f 679/969/1967 998/1045/1967 754/1043/1967
f 679/969/1968 236/993/1968 753/1044/1968
f 998/1045/1969 753/1044/1969 262/1016/1969
f 998/1045/1970 727/1013/1970 259/1014/1970
f 694/936/1971 999/1048/1971 756/1046/1971
f 694/936/1972 248/987/1972 755/1047/1972
f 999/1048/1973 755/1047/1973 275/1008/1973
f 999/1048/1974 742/1005/1974 277/1006/1974
f 672/989/1975 1000/1050/1975 757/1049/1975
f 672/989/1976 228/908/1976 750/907/1976
f 750/907/1977 252/913/1977 720/1038/1977
f 1000/1050/1978 720/1038/1978 253/1039/1978
f 687/961/1979 1001/1052/1979 751/1041/1979
f 687/961/1980 241/813/1980 758/1051/1980
f 1001/1052/1981 758/1051/1981 268/1030/1981
f 1001/1052/1982 735/1028/1982 271/1029/1982
f 680/983/1983 1002/1055/1983 760/1053/1983
f 680/983/1984 238/982/1984 759/1054/1984
f 1002/1055/1985 759/1054/1985 265/1019/1985
f 1002/1055/1986 728/1017/1986 264/1018/1986
f 673/1000/1987 1003/1057/1987 749/909/1987
f 673/1000/1988 230/957/1988 761/1056/1988
f 1003/1057/1989 761/1056/1989 255/1033/1989
f 749/909/1990 1003/1057/1990 721/1032/1990
f 688/971/1991 1004/1059/1991 743/1058/1991
f 688/971/1992 243/953/1992 752/1040/1992
f 1004/1059/1993 752/1040/1993 270/1027/1993
f 1004/1059/1994 736/1025/1994 269/930/1994
f 681/992/1995 1005/1060/1995 753/1044/1995
f 681/992/1996 237/984/1996 760/1053/1996
f 1005/1060/1997 760/1053/1997 264/1018/1997
f 1005/1060/1998 729/1015/1998 262/1016/1998
f 674/494/1999 1006/1063/1999 763/1061/1999
f 674/494/2000 232/941/2000 762/1062/2000
f 1006/1063/2001 762/1062/2001 258/1037/2001
f 1006/1063/2002 722/1034/2002 257/1035/2002
f 689/965/2003 1007/1066/2003 765/1064/2003
f 689/965/2004 245/974/2004 764/1065/2004
f 1007/1066/2005 764/1065/2005 272/1011/2005
f 1007/1066/2006 737/1009/2006 273/1010/2006
f 682/1002/2007 1008/1067/2007 759/1054/2007
f 682/1002/2008 235/922/2008 746/921/2008
f 1008/1067/2009 746/921/2009 261/927/2009
f 759/1054/2010 1008/1067/2010 730/1021/2010
f 675/940/2011 1009/1068/2011 762/1062/2011
f 675/940/2012 229/990/2012 757/1049/2012
f 1009/1068/2013 757/1049/2013 253/1039/2013
f 1009/1068/2014 723/1036/2014 258/1037/2014
f 690/973/2015 1010/1069/2015 764/1065/2015
f 690/973/2016 247/568/2016 748/914/2016
f 1010/1069/2017 748/914/2017 274/919/2017
f 1010/1069/2018 738/1003/2018 272/1011/2018
f 683/995/2019 1011/1071/2019 766/1070/2019
f 683/995/2020 239/232/2020 744/928/2020
f 1011/1071/2021 744/928/2021 266/932/2021
f 1011/1071/2022 731/1022/2022 267/1024/2022
f 676/956/2023 1012/1072/2023 761/1056/2023
f 676/956/2024 231/495/2024 763/1061/2024
f 1012/1072/2025 763/1061/2025 257/1035/2025
f 1012/1072/2026 724/1031/2026 255/1033/2026
f 691/986/2027 1013/1073/2027 755/1047/2027
f 691/986/2028 246/966/2028 765/1064/2028
f 1013/1073/2029 765/1064/2029 273/1010/2029
f 1013/1073/2030 739/1007/2030 275/1008/2030
f 684/812/2031 1014/1074/2031 758/1051/2031
f 684/812/2032 240/811/2032 766/1070/2032
f 1014/1074/2033 766/1070/2033 267/1024/2033
f 1014/1074/2034 732/1023/2034 268/1030/2034
f 677/946/2035 1015/1075/2035 745/923/2035
f 677/946/2036 233/945/2036 754/1043/2036
f 1015/1075/2037 754/1043/2037 259/1014/2037
f 1015/1075/2038 725/1012/2038 260/925/2038
f 692/997/2039 1016/1076/2039 747/915/2039
f 692/997/2040 250/937/2040 756/1046/2040
f 1016/1076/2041 756/1046/2041 277/1006/2041
f 1016/1076/2042 740/1004/2042 276/917/2042
f 1019/724/2043 1020/1187/2043 1021/722/2043
f 1017/731/2044 1020/1188/2044 1019/729/2044
f 39/1077/986 37/143/986 1055/1078/986
f 1065/1085/989 1073/1089/989 46/1088/989
f 46/1088/989 43/1083/989 1065/1085/989
f 1063/1095/990 51/1094/990 1057/1087/990
f 51/1094/990 49/1086/990 1057/1087/990
f 1054/1082/2045 37/143/2045 1058/1090/2045
f 37/143/991 47/1096/991 1058/1090/991
f 47/1096/991 46/1088/991 1058/1090/991
f 47/1096/994 37/143/994 39/1077/994
f 64/1097/995 62/1103/995 49/1086/995
f 57/1098/996 46/1088/996 47/1096/996
f 56/1100/2046 1066/1207/2046 1067/1092/2046
f 1059/1101/998 64/1097/998 51/1094/998
f 62/1103/999 60/1099/999 47/1096/999
f 56/1100/1000 43/1083/1000 46/1088/1000
f 56/1100/1001 68/1109/1001 1072/1104/1001
f 74/1108/1003 71/1113/1003 60/1099/1003
f 68/1109/1004 56/1100/1004 57/1098/1004
f 1074/1208/2047 74/1108/2047 1060/1112/2047
f 74/1108/1005 62/1103/1005 1060/1112/1005
f 62/1103/1005 64/1097/1005 1061/1111/1005
f 70/1110/1006 57/1098/1006 60/1099/1006
f 1049/1115/1007 83/396/1007 71/1113/1007
f 71/1113/1007 74/1108/1007 1049/1115/1007
f 1071/1209/1008 68/1109/1008 1070/1117/1008
f 68/1109/1008 70/1110/1008 1070/1117/1008
f 1050/1118/1009 1051/1114/1009 74/1108/1009
f 74/1108/2048 1074/1208/2048 1068/1119/2048
f 82/1116/1010 70/1110/1010 71/1113/1010
f 1069/1123/1012 82/1116/1012 1053/1122/1012
f 82/1116/1012 83/396/1012 1053/1122/1012
f 141/1124/1015 1031/1142/1015 1036/1125/1015
f 146/1130/1017 135/30/1017 138/1131/1017
f 144/1133/1018 141/1124/1018 263/1126/1018
f 1042/1210/2049 1043/1129/2049 149/1128/2049
f 149/1128/2049 147/1132/2049 1042/1210/2049
f 147/1132/2049 138/1131/2049 1042/1210/2049
f 1042/1210/2050 138/1131/2050 1037/1136/2050
f 146/1130/1020 144/1133/1020 134/1134/1020
f 158/1137/1021 146/1130/1021 147/1132/1021
f 156/1139/1022 154/1149/1022 141/1124/1022
f 160/1138/1023 147/1132/1023 149/1128/1023
f 158/1137/1024 156/1139/1024 144/1133/1024
f 141/1124/1025 154/1149/1025 1029/1141/1025
f 162/1140/1026 149/1128/1026 1044/1127/1026
f 1045/1145/1027 170/1152/1027 160/1138/1027
f 160/1138/1027 162/1140/1027 1046/1144/1027
f 1027/1148/1028 1028/1211/1028 156/1139/1028
f 156/1139/1028 158/1137/1028 1027/1148/1028
f 158/1137/1028 167/1146/1028 1027/1148/1028
f 170/1152/1031 167/1146/1031 158/1137/1031
f 156/1139/1032 1028/1211/1032 1030/1153/1032
f 1047/1154/2051 167/1146/2051 1039/1156/2051
f 167/1146/2052 170/1152/2052 1039/1156/2052
f 254/1157/1036 1034/1163/1036 1033/1158/1036
f 256/1159/1037 1033/1158/1037 1025/1160/1037
f 1026/1161/1039 1024/1212/1039 135/30/1039
f 1024/1212/1039 138/1131/1039 135/30/1039
f 1032/1164/1040 1035/1162/1040 134/1134/1040
f 1035/1162/1040 254/1157/1040 134/1134/1040
f 138/1131/1041 1024/1212/1041 1023/1165/1041
f 134/1134/1042 254/1157/1042 256/1159/1042
